as_of_date,start_date,universe,ticker,name,rank_weekly,rank_global,previous_rank,rank_improvement,top30_weeks_last4,last_close,return_week_pct,rank_1w,return_4w_pct,rank_4w,return_3m_pct,rank_3m,return_6m_pct,rank_6m,return_9m_pct,rank_9m,return_12m_pct,rank_12m,return_15m_pct,rank_15m,return_18m_pct,rank_18m,return_ytd_pct,volume_reference_date,volume_relative_5d,volume_return_5d_pct,volume_balance_20d_pct,volume_drawdown_52w_pct,dd_reference_date,history_start_date,high_52w_close,high_history_close,drawdown_52w_pct,drawdown_history_pct,last_date,start_close,max_drawdown_week_pct,current_drawdown_week_pct,observations_week,ma200,above_ma200,ma200_date,ma200_4w,above_ma200_4w,ma200_4w_date,relative_week_pct,relative_4w_pct,relative_3m_pct,relative_ytd_pct
2026-10-08,2026-10-02,LITHIUM,SGML.O,Sigma Lithium,1,6,12.0,11.0,4,9.5600004196167,5.170519902521686,1,-5.064541118801136,5,-17.08585740657982,9,-33.93227198896454,15,-28.120298627691366,8,35.988622109547876,5,69.50355755192135,10,30.601095565916125,18,-32.723431428904114,2026-10-08,1.3958433641099168,14.697065097339435,-11.515982849652179,-59.57716459273752,2026-10-08,2018-07-03,23.649999618530277,42.400001525878906,-59.57716459273752,-77.45283001043823,2026-10-08,9.09000015258789,-3.0425887171039223,-3.0425887171039223,5,13.357399983406067,False,2026-10-08,13.47862497329712,False,2026-09-10,4.618387399319723,-7.352034875153313,-20.863230895854247,-45.94634586942648
2026-10-08,2026-10-02,LITHIUM,DLI.AX,Delta Lithium,2,9,1.0,-1.0,4,0.1700000017881393,3.0303000199675356,2,-2.8571401810159047,3,-2.8571401810159047,2,-26.086957085110075,9,-33.33333138546911,10,-10.526313725600945,13,9.6774196649565,18,13.33333002196433,20,-24.444441648177097,2026-10-08,0.6671094580233794,3.0303000199675356,6.052016180037017,-47.692305223476176,2026-10-08,2017-11-03,0.324999988079071,0.9354239702224731,-47.692305223476176,-81.82642232829377,2026-10-08,0.1650000065565109,-2.8571401810159047,-2.8571401810159047,5,0.2044000007212162,False,2026-10-08,0.20865000024437905,False,2026-09-10,2.4781675167655726,-5.144633937368082,-6.634513670290332,-37.667356088699464
2026-10-08,2026-10-02,LITHIUM,LI.V,American Lithium,3,14,16.0,13.0,4,0.4099999964237213,2.4999975785613637,3,-10.869567611717724,7,-17.171718692088657,10,-28.07017516341346,10,-51.190475092318025,17,-56.84210509804808,20,18.84057908417722,14,28.12500174622987,19,-40.57971045791139,2026-10-08,0.6122578453844372,3.797464629737113,-48.35773711992955,-64.95726397756991,2026-10-08,1985-02-11,1.1699999570846558,1050.0,-64.95726397756991,-99.96095238129298,2026-10-08,0.4000000059604644,-4.819272609316894,-1.2048181523292123,5,0.5728499987721443,False,2026-10-08,0.5984499993920326,False,2026-09-10,1.9478650753594007,-13.1570613680699,-20.949092181363085,-53.80262489843376
2026-10-08,2026-10-02,LITHIUM,LTR.AX,Liontown Resources,4,20,25.0,21.0,4,0.800000011920929,0.6289302046118772,4,-31.62392809702944,23,-45.39249189804051,24,-57.21925080850354,24,-60.97560826686785,23,-22.33009377257599,14,12.67606142233646,16,70.21276892553688,15,-50.617283360112495,2026-10-08,1.084919635538398,1.2658215432457043,-25.461780382540482,-69.69697044955356,2026-10-08,2006-12-27,2.640000104904175,3.150000095367432,-69.69697044955356,-74.60317499363083,2026-10-08,0.7950000166893005,-3.614454456987659,-3.614454456987659,5,1.6870750027894974,False,2026-10-08,1.7368250039219857,False,2026-09-10,0.07679770140991415,-33.91142185338162,-49.169865387314935,-63.84019780063487
2026-10-08,2026-10-02,LITHIUM,INR.AX,Ioneer Ltd,5,14,10.0,5.0,4,0.1099999994039535,0.0,5,4.761907465063331,1,-24.137929262644285,15,-18.518522197817454,5,-47.619046267468335,15,-48.837210430590886,19,9.999997764825807,17,-15.384612739438774,23,-45.0000011175871,2026-10-08,0.450182053544197,4.761907465063331,8.037404157770844,-59.25926109890873,2026-10-08,2007-12-19,0.270000010728836,0.8500000238418579,-59.25926109890873,-87.05882396252508,2026-10-08,0.1099999994039535,-4.347828340440207,-4.347828340440207,5,0.1399000004678964,False,2026-10-08,0.14577500060200688,False,2026-09-10,-0.552132503201963,2.474413708711154,-27.915302751918713,-58.22291555810946
2026-10-08,2026-10-02,LITHIUM,PLS.AX,Pilbara Minerals,6,5,9.0,3.0,4,3.700000047683716,0.0,5,-24.18032866977484,18,-21.276591535389333,13,-29.924244305702096,12,-22.916668736272307,5,37.03703638293945,4,150.0,2,169.0909125588157,5,-14.153130004508373,2026-10-08,0.8164477493269998,1.3698616715036138,-47.769507873136035,-45.103854995088724,2026-10-08,2007-09-19,6.739999771118164,6.739999771118164,-45.103854995088724,-45.103854995088724,2026-10-08,3.700000047683716,-4.639176841445503,-4.639176841445503,5,4.997700009346008,False,2026-10-08,4.995950013399124,False,2026-09-10,-0.552132503201963,-26.467822426127018,-25.05396502466376,-27.376044445030743
2026-10-08,2026-10-02,LITHIUM,SQM,Sociedad Quimica y Minera ADR,7,2,8.0,1.0,4,64.5199966430664,0.0,5,-10.994621955543648,8,-13.31452857917057,5,-21.774983005450377,7,-12.881449135857203,3,44.85854359417789,3,70.01316296698003,9,104.11260802676976,11,-7.471685735046119,2026-10-08,0.6678606994946885,0.6238207725368428,-33.86476821691495,-32.3051114303078,2026-10-08,1993-09-21,95.30999755859376,113.5199966430664,-32.3051114303078,-43.16420141736573,2026-10-08,64.5199966430664,-2.4935795247660764,-2.4935795247660764,5,76.70860015869141,False,2026-10-08,76.33120004653931,False,2026-09-10,-0.552132503201963,-13.282115711895825,-17.091902068445,-20.69460017556849
2026-10-08,2026-10-02,LITHIUM,LIT,Global X Lithium & Battery Tech ETF,8,1,2.0,-6.0,4,69.0199966430664,-0.37529177368889055,8,-3.885254157334883,4,-4.298399868908131,3,-10.024771911335916,1,1.3807208970769258,1,15.630755957468923,7,73.853892485306,8,116.90759681023212,8,4.149690869627842,2026-10-08,0.4894297683098242,1.1726699033252075,-13.003258926275251,-24.667109174867107,2026-10-08,2010-07-23,91.62000274658205,96.30999755859376,-24.667109174867107,-28.33558468208295,2026-10-08,69.27999877929688,-2.8844843964549893,-2.8844843964549893,5,74.97859973907471,False,2026-10-08,74.31774978637695,False,2026-09-10,-0.9274242768908536,-6.1727479136870596,-8.075773358182559,-9.073223570894527
2026-10-08,2026-10-02,LITHIUM,GLN.AX,Galan Lithium,9,8,18.0,9.0,4,0.2800000011920929,-1.7543843138140613,9,-27.272725161582766,20,-15.151518161850607,6,-33.333330968069575,14,-25.333333015441895,7,75.00000465661299,2,107.40740004880962,6,107.40740004880962,10,-16.417912173892535,2026-10-08,0.5243209386400107,-6.666669978035678,-12.620722615522805,-48.62385456554613,2026-10-08,2011-06-08,0.5450000166893005,2.1742498874664307,-48.62385456554613,-87.1219953692459,2026-10-08,0.2849999964237213,-5.084741139541837,-5.084741139541837,5,0.3793250000476837,False,2026-10-08,0.3703499997407198,True,2026-09-10,-2.3065168170160244,-29.560218917934943,-18.928891651125035,-29.640826614414905
2026-10-08,2026-10-02,LITHIUM,1772.HK,Ganfeng Lithium,10,17,7.0,-3.0,4,29.340000152587887,-2.1999994913737053,10,-18.227426758186805,13,-33.01369711494792,20,-61.920831939644515,26,-47.56032215816819,14,-40.535062703989475,17,15.739643830675277,15,70.58138866950682,14,-45.76709615505299,2026-10-08,0.30428877621886236,-4.863813205507162,-38.28250656553101,-67.03370769372148,2026-10-08,2018-10-11,89.0,128.0000457763672,-67.03370769372148,-77.07813307828913,2026-10-08,30.0,-2.71883189314599,-2.71883189314599,5,55.56545004844666,False,2026-10-08,57.352250022888185,False,2026-09-10,-2.7521319945756684,-20.514920514538982,-36.79107060422234,-58.990010595575356
2026-10-08,2026-10-02,LITHIUM,ALB,Albermale,11,13,11.0,0.0,4,102.09999847412108,-2.380722775556199,11,-16.38686597020145,11,-21.085179609786397,12,-42.45942455516125,17,-35.50628510601057,12,11.353469032097884,10,45.40016619085261,12,101.14263563875774,12,-29.06273628171927,2026-10-08,0.9889959716467901,-2.7896794622769727,-44.993932638557595,-52.648176984406916,2026-10-08,1994-02-22,215.6199951171875,325.3800048828125,-52.648176984406916,-68.62130526093853,2026-10-08,104.58999633789064,-3.9962388913754254,-3.9962388913754254,5,154.67134979248047,False,2026-10-08,156.64614990234375,False,2026-09-10,-2.932855278758162,-18.674359726553625,-24.862553099060825,-42.28565072224164
2026-10-08,2026-10-02,LITHIUM,MIN.AX,Mineral Resources,12,4,5.0,-7.0,4,49.66999816894531,-2.56963786789699,12,-18.945823827715124,14,-15.627655732734546,7,-14.656361653221595,4,-12.072939116447534,2,13.843678553664084,9,105.16315591602688,7,203.23565759340795,3,-10.407648991145335,2026-10-08,0.7942098491646293,-0.4609285569145971,-39.868931930931296,-33.17637973177953,2026-10-08,2006-07-28,74.33000183105469,96.27999877929688,-33.17637973177953,-48.410886166706234,2026-10-08,50.97999954223633,-4.388840347468603,-4.388840347468603,5,60.21854995727539,False,2026-10-08,59.991849975585936,True,2026-09-10,-3.121770371098953,-21.2333175840673,-19.405029222008974,-23.630563431667703
2026-10-08,2026-10-02,LITHIUM,CRML.O,Critical Metals,13,6,20.0,7.0,4,6.829999923706056,-2.844954198198335,13,1.6369067998329268,2,-19.171596711550297,11,-20.673633030760474,6,-49.29473059904693,16,-42.06955092616821,18,123.20261605959533,4,349.34210588231974,1,-15.88669926150137,2026-10-08,0.7455465527597577,-5.138887435565708,2.9096839091117146,-77.21054360964686,2026-10-08,2022-02-07,29.96999931335449,29.96999931335449,-77.21054360964686,-77.21054360964686,2026-10-08,7.03000020980835,-9.0545976624694,-9.0545976624694,5,9.582925012111664,False,2026-10-08,9.68840000629425,False,2026-09-10,-3.397086701400298,-0.6505869565192501,-22.948970200824725,-29.10961370202374
2026-10-08,2026-10-02,LITHIUM,ELV.AX,Elevra Lithium,14,16,23.0,9.0,4,4.989999771118164,-3.6679548941490503,14,-34.51443771574222,24,-45.64270582535003,25,-46.286331629619994,19,-43.86952105276202,13,24.7499942779541,6,107.91664886805812,5,107.91664886805812,9,-36.99495299180394,2026-10-08,1.2236954808076326,-4.952385312034968,-39.33333991530346,-63.840581868481536,2026-10-08,2004-03-30,13.800000190734863,256.91192626953125,-63.840581868481536,-98.0577002229616,2026-10-08,5.179999828338623,-6.378989820913217,-6.378989820913217,5,8.950750019550323,False,2026-10-08,8.97325002670288,False,2026-09-10,-4.220087397351014,-36.801931472094395,-49.42007931462445,-50.217867432326315
2026-10-08,2026-10-02,LITHIUM,IGO.AX,IGO Limited,15,12,4.0,-11.0,4,6.199999809265137,-3.8759691068654956,15,-21.81588974177734,17,-10.791367202631651,4,-25.120772835576734,8,-29.142859322684156,9,15.456237269912743,8,43.85150560504938,13,87.87878481371887,13,-24.482341285536712,2026-10-08,1.1995887106121632,-2.3622062617355444,-49.346570046644366,-38.18544392494706,2026-10-08,2002-01-17,10.029999732971191,16.393840789794922,-38.18544392494706,-62.18091972001702,2026-10-08,6.449999809265137,-5.198779121881769,-5.198779121881769,5,7.977099974155426,False,2026-10-08,8.01004997730255,False,2026-09-10,-4.428101610067459,-24.103383498129517,-14.56874069190608,-37.70525572605908
2026-10-08,2026-10-02,LITHIUM,PMET.TO,PMET Resources Inc,16,10,13.0,-3.0,4,4.039999961853027,-4.265398987862234,16,-6.91244654809463,6,-24.767224432958912,16,-14.04255051481168,3,-33.77049139320641,11,-0.24691922002160194,12,47.44525356903475,11,121.97801348466623,6,-27.075812460805103,2026-10-08,0.5732602294903747,-3.8095203494807772,20.721335457408017,-47.668392854286154,2026-10-08,2010-03-15,7.71999979019165,493.5,-47.668392854286154,-99.18135765717264,2026-10-08,4.21999979019165,-6.4814860806051255,-6.4814860806051255,5,5.405599994659424,False,2026-10-08,5.453450000286102,False,2026-09-10,-4.817531491064197,-9.199940304446807,-28.54459792223334,-40.29872690132747
2026-10-08,2026-10-02,LITHIUM,ATLX.O,Atlas Lithium,17,21,22.0,5.0,4,2.305000066757202,-4.356847109293549,17,-25.64515684943528,19,-31.80473406171853,19,-49.34065999709496,21,-54.3564360455641,18,-61.5833322207133,21,-44.32366808953804,24,-37.36412975697696,25,-47.37442907461151,2026-10-08,0.9401494606399678,-6.300811747406565,-52.14429007241349,-69.06040099637846,2026-10-08,2013-02-28,7.449999809265136,412500.0,-69.06040099637846,-99.99944121210504,2026-10-08,2.4100000858306885,-10.31127911942088,-10.31127911942088,5,4.126025013923645,False,2026-10-08,4.3128500127792355,False,2026-09-10,-4.908979612495512,-27.932650605787458,-35.58210755099296,-60.597343515133886
2026-10-08,2026-10-02,LITHIUM,LAR.TO,Lithium Argentina AG,18,11,3.0,-15.0,4,7.449999809265136,-4.73146233087145,18,-16.10360683273273,10,-28.70813449527676,18,-30.04694764211404,13,-23.82413074972749,6,10.207094038773889,11,132.0872187143579,3,195.63491530369132,4,-9.14634167616175,2026-10-08,0.7569348967605515,-5.696206084429988,-23.816597456927088,-53.89851559647019,2026-10-08,2008-07-16,16.15999984741211,21.016979217529297,-53.89851559647019,-64.55247097046453,2026-10-08,7.820000171661377,-6.641606623327878,-6.641606623327878,5,10.402149987220763,False,2026-10-08,10.328749985694886,False,2026-09-10,-5.283594834073413,-18.391100589084907,-32.485507984551184,-22.36925611668412
2026-10-08,2026-10-02,LITHIUM,AVL.TO,Avalon Advanced Materials,19,19,19.0,0.0,4,6.420000076293944,-5.0295878857408045,19,-15.526313725600927,9,-16.07843142143659,8,-55.41666495579256,23,-55.41666495579256,20,-28.666665818956172,16,1.9047677435845012,20,42.666668362087655,17,-35.151511882108124,2026-10-08,0.3176223721612419,-3.0211452072894884,-7.787511035515389,-73.58024784385236,2026-10-08,1984-05-31,24.30000114440918,7740.0,-73.58024784385236,-99.91705426258018,2026-10-08,6.760000228881836,-5.3254455817370765,-5.0295878857408045,5,10.276624667644501,False,2026-10-08,10.55224962234497,False,2026-09-10,-5.581720388942768,-17.813807481953106,-19.85580491071102,-48.3744263226305
2026-10-08,2026-10-02,LITHIUM,LTBR.O,Lightbridge,20,23,15.0,-5.0,4,6.010000228881836,-5.94678631523593,20,-18.119889592061266,12,-28.62232571941814,17,-46.33928275686132,20,-62.693978887747036,24,-73.97141537823573,26,-50.412538897440754,26,-10.69836237965973,22,-57.406092309593106,2026-10-08,1.1639559613736103,-4.299362609969615,-43.037786420616875,-78.31890195615397,2026-10-08,2000-11-10,27.71999931335449,4050.0,-78.31890195615397,-99.85160493262019,2026-10-08,6.389999866485596,-12.134501537869513,-12.134501537869513,5,10.900150001049042,False,2026-10-08,11.792450003623962,False,2026-09-10,-6.498918818437893,-20.407383348413443,-32.39969920869257,-70.62900675011548
2026-10-08,2026-10-02,LITHIUM,ABAT.O,American Battery Technology,21,17,6.0,-15.0,4,2.049999952316284,-6.392698687043074,21,-19.921875072759576,15,-21.455937367345392,14,-28.571427384676017,11,-54.746140013909326,19,-65.71906445187768,23,4.060909773818233,19,121.90950107595482,7,-44.594596597380296,2026-10-08,0.7967431895383436,-10.087720261386234,-6.121500693291463,-81.90644337051569,2026-10-08,2016-02-24,11.329999923706056,61.125,-81.90644337051569,-96.64621684692632,2026-10-08,2.190000057220459,-6.392698687043074,-6.392698687043074,5,3.1473749911785127,False,2026-10-08,3.3090249955654145,False,2026-09-10,-6.944831190245037,-22.209368829111753,-25.23331085661982,-57.81751103790266
2026-10-08,2026-10-02,LITHIUM,SLI,Standard Lithium,22,25,14.0,-8.0,4,1.6100000143051147,-7.47126405282259,22,-29.074888641717788,22,-36.1111100598828,22,-53.602305445803225,22,-69.15708660888656,26,-64.30155360093448,22,-31.48935831310834,23,45.045044464527464,16,-66.31799281093198,2026-10-08,0.9227057653593299,-10.05586320580557,-38.66953695721477,-71.50442500655545,2026-10-08,2017-06-20,5.650000095367432,12.369999885559082,-71.50442500655545,-86.9846400226353,2026-10-08,1.7400000095367432,-7.47126405282259,-7.47126405282259,5,3.4409000086784363,False,2026-10-08,3.7007000070810316,False,2026-09-10,-8.023396556024554,-31.362382398069965,-39.88848354915722,-79.54090725145436
2026-10-08,2026-10-02,LITHIUM,LAC.TO,Lithium Americas,23,22,17.0,-6.0,4,3.3399999141693115,-7.479224065721091,23,-20.286399318452908,16,-34.25196920608114,21,-42.21453645448816,16,-56.33987094729716,22,-69.60873536187992,24,-10.215056761246421,22,0.0,21,-49.00763638306723,2026-10-08,1.1563005916016742,-8.493155427353871,-49.35120705066042,-76.3288448232617,2026-10-08,2023-10-04,14.109999656677246,16.010000228881836,-76.3288448232617,-79.13803956014944,2026-10-08,3.6099998950958248,-7.734806084020818,-7.734806084020818,5,5.821950013637543,False,2026-10-08,6.150900011062622,False,2026-09-10,-8.031356568923055,-22.573893074805085,-38.02934269535557,-62.230550823589596
2026-10-08,2026-10-02,LITHIUM,CXO.AX,Core Lithium,24,3,24.0,0.0,4,0.2649999856948852,-10.169492381566325,24,-27.397266090150964,21,3.9215649608829617,1,-10.169492381566325,2,-20.89552862868843,4,140.9090792098321,1,152.38094663674048,1,327.41933875134777,2,-3.636370926848953,2026-10-08,0.7123565467203162,-15.87301977757819,33.30708988055655,-36.9047633408149,2026-10-08,2011-02-11,0.4199999868869781,1.8650000095367432,-36.9047633408149,-85.79088555818774,2026-10-08,0.2949999868869781,-13.114760826108629,-13.114760826108629,5,0.2896499980986118,False,2026-10-08,0.2785249986499548,True,2026-09-10,-10.72162488476829,-29.68475984650314,0.14419147160853463,-16.859285367371324
2026-10-08,2026-10-02,LITHIUM,EMH.AX,European Metals Holdings,25,24,26.0,1.0,4,0.1550000011920929,-13.888891648363034,25,-35.41666472641124,25,-39.21568467038631,23,-45.61403398698716,18,-55.71428461950651,21,-27.90697738890905,15,-3.1249970896168877,21,-34.04255251692342,24,-56.944445824181535,2026-10-08,4.472315634384174,-18.421050980480736,-57.16014383578849,-64.77272681091442,2026-10-08,2012-07-19,0.4399999976158142,2.150000095367432,-64.77272681091442,-92.79069793875505,2026-10-08,0.1800000071525573,-13.888891648363034,-13.888891648363034,5,0.29430000081658364,False,2026-10-08,0.2988500007987022,False,2026-09-10,-14.441024151564996,-37.70415848276342,-42.993058159660734,-70.1673602647039
2026-10-08,2026-10-02,LITHIUM,VULG.DE,Vulcan Energy Resources,26,26,21.0,-5.0,4,0.9424999952316284,-13.926943323659414,26,-39.544580756455204,26,-46.69117694157916,26,-57.27561391971043,25,-65.40014672720609,25,-71.16105536958837,25,-46.91567574412434,25,-54.869821518536035,26,-63.2410282685036,2026-10-08,1.9029484433528592,-11.419174253841181,-71.01772585429357,-72.22758418018351,2026-10-08,2022-02-15,3.3936550617218018,6.09117603302002,-72.22758418018351,-84.52679761474018,2026-10-08,1.0950000286102295,-13.926943323659414,-13.926943323659414,5,2.0042124992609023,False,2026-10-08,2.126978408694267,False,2026-09-10,-14.479075826861376,-41.83207451280738,-50.46855043085358,-76.46394270902597
2025-11-07,2025-10-31,LITHIUM,CXO.AX,Core Lithium,1,2,,,0,0.1449999958276748,15.999996662139848,1,31.81817873942952,1,44.99999366700656,10,104.22533954970588,6,62.92134078971807,7,38.09523843313292,8,54.25531999214368,8,3.5714251502436234,10,54.25531999214368,2025-11-07,2.5607520808718407,15.999996662139848,26.249035566093653,-3.333339956071357,2025-11-07,2011-02-11,0.1500000059604644,1.8650000095367432,-3.333339956071357,-92.22520133585994,2025-11-07,0.125,-3.333339956071357,-3.333339956071357,6,0.0959549997001886,True,2025-11-07,0.0928199997544288,True,2025-10-10,17.628609677024144,29.1277586505144,38.86750463408069,39.59667299024083
2025-11-07,2025-10-31,LITHIUM,AVL.TO,Avalon Advanced Materials,2,4,,,0,12.59999942779541,3.703694110272538,2,-48.14815294486373,25,74.99999668863076,5,179.99998728434244,3,100.0,4,55.5555411654088,5,16.666669610106098,14,7.692313335351542,9,74.99999668863076,2025-11-07,0.376073842163224,3.703694110272538,-8.185902261409648,-48.14815294486373,2025-11-07,1984-05-31,24.30000114440918,7740.0,-48.14815294486373,-99.83720930971842,2025-11-07,12.15000057220459,-7.14286200854265,0.0,6,7.0312497687339786,True,2025-11-07,6.288749778270722,True,2025-10-10,5.332307125156833,-50.83857303377884,68.86750765570488,60.34134968672791
2025-11-07,2025-10-31,LITHIUM,1772.HK,Ganfeng Lithium,3,1,,,0,52.700000762939446,2.7290478493174897,3,15.671639978997389,3,92.055392628473,3,172.21073916062477,4,153.36539757675013,2,133.18584014781442,2,205.684463240114,3,105.85937491268848,4,164.0280720450333,2025-11-07,0.990445709774021,2.7290478493174897,-5.255144281102692,-2.857141450802869,2025-11-07,2018-10-11,54.25,128.0000457763672,-2.857141450802869,-58.828139128158405,2025-11-07,51.29999923706056,-7.407406030359798,0.0,6,27.313949985504152,True,2025-11-07,24.738799991607667,True,2025-10-10,4.357660864201785,12.981219890082274,85.92290359554713,149.36942504313046
2025-11-07,2025-10-31,LITHIUM,SQM,Sociedad Quimica y Minera ADR,4,9,,,0,48.83000183105469,-0.3265969420908066,4,19.76944145890041,2,26.27360781792993,17,45.45726027689907,16,26.469829213012463,15,29.59129892668111,10,40.4775724652592,10,1.707984874379176,11,35.4507707752068,2025-11-07,1.0594169505222837,-0.3265969420908066,27.21953652296673,-0.3265969420908066,2025-11-07,1993-09-21,48.9900016784668,113.5199966430664,-0.3265969420908066,-56.98555032151057,2025-11-07,48.9900016784668,-5.899169433211082,-0.3265969420908066,6,39.52680000305176,True,2025-11-07,38.80855005264282,True,2025-10-10,1.3020160727934882,17.07902136998529,20.141118785004068,20.79212377330396
2025-11-07,2025-10-31,LITHIUM,ALB,Albermale,5,13,,,0,97.18000030517578,-1.068922952127438,5,8.146004501563509,7,38.70968268861355,13,73.34997845982181,13,25.60423530483704,16,-2.751926340039812,17,22.919305977909698,12,-26.12694941030088,14,14.02088053217241,2025-11-07,1.0311046166294906,-1.068922952127438,11.56491383346549,-12.686435183668232,2025-11-07,1994-02-22,111.3000030517578,325.3800048828125,-12.686435183668232,-70.13338286101025,2025-11-07,98.2300033569336,-9.956231369711231,-1.068922952127438,6,74.23244991302491,True,2025-11-07,73.67454998016358,True,2025-10-10,0.5596900627568568,5.455584412648395,32.57719365568768,-0.6377664697304368
2025-11-07,2025-10-31,LITHIUM,LIT,Global X Lithium & Battery Tech ETF,6,5,,,0,60.88999938964844,-2.2946089733285824,6,12.926560566386346,5,41.96782526498315,11,65.64200807914729,14,48.006806740423656,12,34.29642519790108,9,70.655826426144,7,32.16843888212395,6,51.76969344646973,2025-11-07,0.6520384337783061,-2.2946089733285824,13.624566374582844,-3.578783977232869,2025-11-07,2010-07-23,63.150001525878906,96.30999755859376,-3.578783977232869,-36.77707306284195,2025-11-07,62.31999969482422,-4.926186954200496,-2.2946089733285824,6,43.84764991760254,True,2025-11-07,42.04649993896484,True,2025-10-10,-0.6659959584442876,10.236140477471231,35.83533623205728,37.11104644456688
2025-11-07,2025-10-31,LITHIUM,DLI.AX,Delta Lithium,7,23,,,0,0.1675000041723251,-2.898547970379761,7,-11.842101960961482,13,1.5151500099837678,23,-20.238090760988825,25,-11.842101960961482,24,-25.555551729084435,23,-23.863634054572124,24,-45.08196713302252,21,-1.4705868173635506,2025-11-07,0.4026666738310376,-2.898547970379761,-21.350335651870584,-27.173912550528712,2025-11-07,2017-11-03,0.2300000041723251,0.9354239702224731,-27.173912550528712,-82.09368056577722,2025-11-07,0.1724999994039535,-6.944445824181511,-6.944445824181511,6,0.1724750012904405,False,2025-11-07,0.1725625015050172,True,2025-10-10,-1.2699349554954664,-14.532522049876595,-4.617339022942102,-16.129233819266396
2025-11-07,2025-10-31,LITHIUM,EMH.AX,European Metals Holdings,8,14,,,0,0.2399999946355819,-4.000002145767246,8,14.285715299398747,4,37.142856413004345,14,9.090907243657664,24,71.4285668669915,6,54.83870502565205,6,14.285715299398747,18,-40.00000223517416,20,59.99999006589296,2025-11-06,1.276167638294596,2.127657550770312,-1.750733052336331,-33.33333747254462,2025-11-06,2012-07-19,0.3600000143051147,2.150000095367432,-33.33333747254462,-88.83721004698066,2025-11-06,0.25,-7.999998331069957,-4.000002145767246,4,0.1871499997749924,True,2025-11-06,0.1804375000670552,True,2025-10-10,-2.371389130882951,11.595295210483636,31.01036738007848,45.34134306399011
2025-11-07,2025-10-31,LITHIUM,VULG.DE,Vulcan Energy Resources,9,10,,,0,2.93179702758789,-6.058976776563085,9,-5.194791377391694,10,67.01618441737529,6,34.45896681926748,20,35.60370806896695,13,18.53858634361152,14,53.6842239450654,9,62.825327788173226,5,5.162088192375869,2025-11-07,0.6628286741980898,-6.058976776563085,-18.185766249576435,-30.88756481232629,2025-11-07,2022-02-15,4.242068767547608,6.09117603302002,-30.88756481232629,-51.86812839269894,2025-11-07,3.120891094207764,-6.058976776563085,-6.058976776563085,6,2.149406972527504,True,2025-11-07,2.1317442196607588,True,2025-10-10,-4.430363761678791,-7.885211466306807,60.88369538444942,-9.496558809526976
2025-11-07,2025-10-31,LITHIUM,IGO.AX,IGO Limited,10,18,,,0,4.989999771118164,-7.076352375030925,10,-6.902991663801339,11,5.496823488292635,20,20.24095557704706,21,0.2007982330598068,22,-5.492432332700837,19,-4.406130810688058,20,-36.51399890133322,19,2.674889589143969,2025-11-07,0.6394978129135159,-7.076352375030925,-14.266694332547928,-14.26117484643099,2025-11-07,2002-01-17,5.820000171661377,16.393840789794922,-14.26117484643099,-69.56174068602391,2025-11-07,5.369999885559082,-7.635006632210073,-7.076352375030925,6,4.546349997520447,True,2025-11-07,4.520199995040894,True,2025-10-10,-5.447739360146631,-9.593411752716452,-0.6356655446332349,-11.983757412758877
2025-11-07,2025-10-31,LITHIUM,LAR.TO,Lithium Argentina AG,11,11,,,0,5.460000038146973,-7.457627967937475,11,-12.4999961791893,14,48.77383990848887,9,93.61702721277602,9,52.94118039905396,11,21.064296253942103,12,73.88534572401228,6,-26.216216651604405,15,35.48386486080675,2025-11-07,0.7358532111111342,-7.457627967937475,-16.945918116387613,-25.30779643110541,2025-11-07,2008-07-16,7.309999942779541,21.016979217529297,-25.30779643110541,-74.02100472368056,2025-11-07,5.900000095367432,-11.01695059086184,-7.457627967937475,6,3.800100010633469,True,2025-11-07,3.636250011920929,True,2025-10-10,-5.82901495305318,-15.190416268104412,42.641350875563,20.8252178589039
2025-11-07,2025-10-31,LITHIUM,GLN.AX,Galan Lithium,12,21,,,0,0.1400000005960464,-9.677419664956568,12,-12.499997671693542,15,-3.4482726727597,24,39.99999850988387,19,12.000000476837114,19,-9.677419664956568,20,14.871792551877116,17,-49.61763473759694,23,-6.666669978035678,2025-11-07,0.6876021607097437,-9.677419664956568,-19.869432559557968,-17.647059339140526,2025-11-07,2011-06-08,0.1700000017881393,2.1742498874664307,-17.647059339140526,-93.56099768462296,2025-11-07,0.1550000011920929,-9.677419664956568,-9.677419664956568,6,0.1254399999231099,True,2025-11-07,0.1233149999380111,True,2025-10-10,-8.048806650072272,-15.190417760608655,-9.58076170568557,-21.325316979938524
2025-11-07,2025-10-31,LITHIUM,PLS.AX,Pilbara Minerals,13,15,,,0,2.930000066757202,-11.21211790622535,13,10.98484660338881,6,65.5367287192558,7,90.2597493075024,10,31.390136398947188,14,-2.657804782708395,16,-1.677850738129516,19,-29.736210715822885,16,32.57918625259077,2025-11-07,0.6357744597237348,-11.21211790622535,20.32502899625325,-11.21211790622535,2025-11-07,2007-09-19,3.299999952316284,5.5,-11.21211790622535,-46.72727151350542,2025-11-07,3.299999952316284,-11.21211790622535,-11.21211790622535,6,1.9354000014066697,True,2025-11-07,1.8680000025033952,True,2025-10-10,-9.583504891341056,8.294426514473697,59.40423968632994,17.920539250687927
2025-11-07,2025-10-31,LITHIUM,LAC.TO,Lithium Americas,14,12,,,0,6.840000152587891,-11.513581685505226,14,-34.98098997191556,23,82.40000406901042,4,60.56337523679554,15,58.70070170295036,8,20.000006692451567,13,121.35923438776848,5,9.61539108137195,7,55.10204964296685,2025-11-07,0.6749102947375,-11.513581685505226,-42.82563698350962,-51.523739765996304,2025-11-07,2023-10-04,14.109999656677246,16.010000228881836,-51.523739765996304,-57.276701718913046,2025-11-07,7.730000019073486,-16.94695911445234,-11.513581685505226,6,4.85665001988411,True,2025-11-07,4.459250017404556,True,2025-10-10,-9.884968670620932,-37.671410060830674,76.26751503608455,40.44340264106401
2025-11-07,2025-10-31,LITHIUM,SLI,Standard Lithium,15,6,,,0,3.3299999237060547,-11.904763256341166,15,-26.16408526143997,19,24.25372540140836,18,134.50704396799716,5,121.99999491373696,3,45.41484625228889,7,194.6902599785824,4,152.272711468466,3,113.46154140062362,2025-11-07,0.8006721245158963,-11.904763256341166,-25.57658026838205,-38.21892381831743,2025-11-07,2017-06-20,5.389999866485596,12.369999885559082,-38.21892381831743,-73.08003270401365,2025-11-07,3.7799999713897705,-14.285713384661449,-11.904763256341166,6,2.281999995708466,True,2025-11-07,2.028999997377396,True,2025-10-10,-10.276150241456872,-28.854505350355083,18.121236368482485,98.80289439872077
2025-11-07,2025-10-31,LITHIUM,MIN.AX,Mineral Resources,16,17,,,0,42.560001373291016,-12.0661156373421,16,-3.579515265530242,9,27.96152592027284,16,103.929083190465,7,20.46419237907098,18,10.66043262199048,15,-18.23246494307821,22,-45.239319731310246,22,22.545355411054224,2025-11-07,0.6767638984602288,-12.0661156373421,-11.7834423943577,-12.0661156373421,2025-11-07,2006-07-28,48.400001525878906,96.27999877929688,-12.0661156373421,-55.79559419100999,2025-11-07,48.400001525878906,-12.0661156373421,-12.0661156373421,6,29.825800008773804,True,2025-11-07,28.98544991493225,True,2025-10-10,-10.437502622457806,-6.269935354445355,21.82903688734697,7.886708409151378
2025-11-07,2025-10-31,LITHIUM,LTR.AX,Liontown Resources,17,16,,,0,1.0199999809265137,-13.191487462124416,17,1.4925358971198843,8,20.71005282734801,19,83.78377797860787,11,55.725194729747976,9,25.15337225894509,11,15.909089369714737,15,-20.312499708961685,13,78.94736732032048,2025-11-07,0.6361959704165353,-13.191487462124416,-1.2182701898658177,-16.393446147009282,2025-11-07,2006-12-27,1.2200000286102295,3.150000095367432,-16.393446147009282,-67.61904920490056,2025-11-07,1.1749999523162842,-13.191487462124416,-13.191487462124416,6,0.7663249982893467,True,2025-11-07,0.7142749990522862,True,2025-10-10,-11.562874447240125,-1.1978841917952288,14.577563794422144,64.28872031841763
2025-11-07,2025-10-31,LITHIUM,INR.AX,Ioneer Ltd,18,20,,,0,0.1599999964237213,-13.513516561230842,18,-36.000001430511475,24,39.13042914889955,12,18.51851115992072,22,-5.882356034843095,23,-23.80952313373413,22,27.99999713897705,11,-20.00000298023218,12,3.2258033504347416,2025-11-07,0.5740976440442221,-13.513516561230842,-16.88200854327225,-40.74074442003964,2025-11-07,2007-12-19,0.270000010728836,0.8500000238418579,-40.74074442003964,-81.17647153695971,2025-11-07,0.1850000023841857,-13.513516561230842,-13.513516561230842,6,0.1431800001487135,True,2025-11-07,0.139855000115931,True,2025-10-10,-11.884903546346548,-38.690421519426586,32.997940115973684,-11.432843651468104
2025-11-07,2025-10-31,LITHIUM,ABAT.O,American Battery Technology,19,2,,,0,4.429999828338623,-13.645229444182638,19,-34.37037291350188,22,112.98076878990643,2,230.59699387984853,2,238.1679405984634,1,349.7461689342048,1,354.40555907309977,2,225.73527806925128,2,107.98120142361628,2025-11-07,0.791633808478924,-13.645229444182638,-9.481952387418728,-60.900266035575015,2025-11-07,2016-02-24,11.329999923706056,61.125,-60.900266035575015,-92.7525565180554,2025-11-07,5.130000114440918,-28.07017592781076,-13.645229444182638,6,2.31238549977541,True,2025-11-07,1.950585503280163,True,2025-10-10,-12.016616429298344,-37.06079300241699,106.84827975698056,93.32255442171343
2025-11-07,2025-10-31,LITHIUM,ELV.AX,Elevra Lithium,20,22,,,0,3.829999923706055,-13.93258229513199,20,-7.263926935156373,12,2.133331298828134,22,41.85184652095644,17,2.133331298828134,21,-14.888890584309888,21,-8.809521484807393,21,-30.990994737264444,17,-8.809521484807393,2025-11-07,1.589103654234198,-13.93258229513199,-9.356815159656726,-32.80701663392105,2025-11-07,2004-03-30,5.699999809265137,256.91192626953125,-32.80701663392105,-98.50921676571453,2025-11-07,4.449999809265137,-16.19256499253702,-16.19256499253702,6,3.1662500059604644,True,2025-11-07,3.1236500096321107,True,2025-10-10,-12.303969280247696,-9.954347024071486,-3.999157734097736,-23.46816848671024
2025-11-07,2025-10-31,LITHIUM,PMET.TO,PMET Resources Inc,21,24,,,0,3.190000057220459,-15.38461343873838,21,-17.783506104867307,18,-19.44444377548099,25,41.77778032090929,18,11.538467630383508,20,-3.91565899506996,18,-23.50119906818929,23,-60.51980089923935,24,-12.121213315394796,2025-11-07,1.3746415254424804,-15.38461343873838,11.224401219693783,-30.196937912569776,2025-11-07,2010-03-15,4.570000171661377,493.5,-30.196937912569776,-99.35359674625724,2025-11-07,3.7699999809265137,-15.873013470208308,-15.608463455950494,6,3.0377499967813493,True,2025-11-07,3.023050000071525,True,2025-10-10,-13.756000423854086,-20.47392619378241,-25.57693280840686,-26.779860317297643
2025-11-07,2025-10-31,LITHIUM,LI.V,American Lithium,22,19,,,0,0.6000000238418579,-15.492951834492484,22,-48.717944799168514,26,53.84616560249449,8,81.81818181818186,12,22.448982074329194,17,-39.99999761581421,24,15.384624201870878,16,-31.03448039616945,18,1.6949238156632296,2025-11-07,0.5515906508668927,-15.492951834492484,-14.025121592388295,-48.717944799168514,2025-11-07,1985-02-11,1.1699999570846558,1050.0,-48.717944799168514,-99.9428571405865,2025-11-07,0.7099999785423278,-16.901409633101483,-15.492951834492484,6,0.4684749995172024,True,2025-11-07,0.4502249993383884,True,2025-10-10,-13.864338819608191,-51.408364888083625,47.71367656956862,-12.963723186239616
2025-11-07,2025-10-31,LITHIUM,ATLX.O,Atlas Lithium,23,26,,,0,4.5,-15.887848967932747,23,-28.571430733955307,21,-27.30210083357143,26,9.756100113940814,23,-16.512057301142313,25,-48.57142857142858,25,-50.16611148315793,26,-70.96774193548387,26,-35.43758772658061,2025-11-07,0.6458769600884803,-15.887848967932747,-7.92456035701765,-44.099380206484106,2025-11-07,2013-02-28,8.050000190734863,412500.0,-44.099380206484106,-99.9989090909091,2025-11-07,5.349999904632568,-18.13083752303859,-15.887848967932747,6,4.95922501206398,False,2025-11-07,5.083625019788742,True,2025-10-10,-14.259235953048456,-31.26185082287042,-33.4345898664973,-50.09623472848345
2025-11-07,2025-10-31,LITHIUM,CRML.O,Critical Metals,24,7,,,0,10.779999732971191,-16.692425946339384,24,-28.037382761082043,20,154.84632823553457,1,586.6241638740436,1,81.17647190819979,5,58.06450823512434,4,16.79306898816286,13,7.799997329711905,8,64.5801438024348,2025-11-07,0.6021834185560607,-16.692425946339384,3.4605597946732964,-64.0306974309216,2025-11-07,2022-02-07,29.96999931335449,29.96999931335449,-64.0306974309216,-64.0306974309216,2025-11-07,12.9399995803833,-22.17928886110572,-16.692425946339384,6,5.03912499666214,True,2025-11-07,4.2080499958992,True,2025-10-10,-15.06381293145509,-30.72780284999716,148.7138392026087,49.92149680053196
2025-11-07,2025-10-31,LITHIUM,SGML.O,Sigma Lithium,25,25,,,0,5.320000171661377,-18.027729440970496,25,-14.74358386541943,16,2.3076993614966845,21,-24.324324141002982,26,-52.542371511527854,26,-59.013864720485245,26,-41.21546895537257,25,-68.37098532588901,25,-56.74796675475877,2025-11-07,1.6601776727186843,-18.027729440970496,-4.425073987406769,-63.68600470861245,2025-11-07,2018-07-03,14.649999618530272,42.400001525878906,-63.68600470861245,-87.45283023536142,2025-11-07,6.489999771118164,-27.889060194337965,-18.027729440970496,6,7.455874993801117,False,2025-11-07,8.035349986553193,False,2025-10-10,-16.399116426086202,-17.434003954334543,-3.824789671429185,-71.40661375666161
2025-11-07,2025-10-31,LITHIUM,LTBR.O,Lightbridge,26,8,,,0,18.75,-30.11554210466786,26,-15.081521445708058,17,33.26226301836639,15,100.53475117669127,8,54.57543135286444,10,92.50513799393524,3,644.0476246791992,1,659.1093029480603,1,267.6470656983444,2025-11-07,0.9354412205851972,-30.11554210466786,-2.0609595853371228,-32.359305683795846,2025-11-07,2000-11-10,27.71999931335449,4050.0,-32.359305683795846,-99.53703703703704,2025-11-07,26.82999992370605,-32.94819298444042,-30.11554210466786,6,13.791225011348724,True,2025-11-07,11.94310000181198,True,2025-10-10,-28.486929089783565,-17.77194153462317,27.12977398544052,252.9884186964416
2025-11-14,2025-11-07,LITHIUM,LTR.AX,Liontown Resources,1,3,17.0,16.0,2,1.4650000333786013,43.62745693856516,1,33.78995389050124,3,83.12500144354999,1,86.62420183878427,12,128.90626033186007,4,71.34502932130182,6,83.12500144354999,7,6.159423075411374,10,157.01755294068934,2025-11-14,1.477031567131235,43.62745693856516,20.457106641734377,0.0,2025-11-14,2006-12-27,1.4650000333786013,3.150000095367432,0.0,-53.492063840470585,2025-11-14,1.0199999809265137,0.0,0.0,6,0.7825749985873699,True,2025-11-14,0.7280999989807606,True,2025-10-17,43.54854154877975,32.73803319828004,79.01944095207872,142.26842262058224
2025-11-14,2025-11-07,LITHIUM,GLN.AX,Galan Lithium,2,8,12.0,10.0,2,0.1949999928474426,39.28570858373941,2,29.99999006589298,5,39.28570858373941,13,85.7142847006013,13,55.99999427795408,13,21.874998253770105,16,53.84613937681295,12,-33.33333333333333,19,29.99999006589298,2025-11-14,1.7491755972176597,39.28570858373941,25.45375756189208,0.0,2025-11-14,2011-06-08,0.1949999928474426,2.1742498874664307,0.0,-91.03138999930368,2025-11-14,0.1400000005960464,-3.225803350434797,0.0,6,0.1266649999842047,True,2025-11-14,0.1243149999529123,True,2025-10-17,39.20679319395399,28.948069373671785,35.18014809226815,15.250859745785885
2025-11-14,2025-11-07,LITHIUM,CXO.AX,Core Lithium,3,2,1.0,-2.0,2,0.2000000029802322,37.931040507009484,3,53.846161781683776,1,66.66667287548407,5,102.02020612520508,9,124.71910055922902,5,90.47619926145587,4,115.0537615456959,5,25.00000465661296,7,112.7659679025808,2025-11-14,2.995198417977221,37.931040507009484,37.781130959158304,0.0,2025-11-14,2011-02-11,0.2000000029802322,1.8650000095367432,0.0,-89.27613930522654,2025-11-14,0.1449999958276748,-6.249994179233831,0.0,6,0.0980149996653198,True,2025-11-14,0.0935849997028708,True,2025-10-17,37.85212511722407,52.79424108946258,62.56111238401281,98.0168375824737
2025-11-14,2025-11-07,LITHIUM,ELV.AX,Elevra Lithium,4,13,20.0,16.0,2,5.179999828338623,35.24803998758976,4,15.624995676002351,11,23.33333484710216,19,115.83331760433042,7,56.96969403598806,11,-4.07407894710119,21,38.13332875569662,14,-24.92753975733412,18,23.33333484710216,2025-11-14,1.5722139757098323,35.24803998758976,8.076377937865784,-9.122806988191002,2025-11-14,2004-03-30,5.699999809265137,256.91192626953125,-9.122806988191002,-97.98374489516527,2025-11-14,3.829999923706055,-1.2875524623216617,0.0,6,3.2004000043869016,True,2025-11-14,3.1337000060081484,True,2025-10-17,35.16912459780435,14.573074983781154,19.2277743556309,8.584204526995066
2025-11-14,2025-11-07,LITHIUM,IGO.AX,IGO Limited,5,16,10.0,5.0,2,6.730000019073486,34.869746047411574,5,26.50375567510146,6,25.325887569787376,18,56.14849439495062,17,40.794973298616654,19,29.423082037085106,13,33.797211498126536,17,-11.447367058896608,14,38.47736284333869,2025-11-14,1.5543182088186545,34.869746047411574,24.665084618673564,0.0,2025-11-14,2002-01-17,6.730000019073486,16.393840789794922,0.0,-58.94799696198785,2025-11-14,4.989999771118164,0.0,0.0,6,4.57224999666214,True,2025-11-14,4.532749996185303,True,2025-10-17,34.79083065762616,25.45183498288026,21.22032707831612,23.7282325232316
2025-11-14,2025-11-07,LITHIUM,PLS.AX,Pilbara Minerals,6,4,13.0,7.0,2,3.819999933242797,30.37542137228033,6,42.53730739137609,2,76.8518417337798,2,132.9268272294663,3,72.85067272875558,7,19.749212060242893,17,34.03508986205686,16,-3.77833990645946,12,72.85067272875558,2025-11-14,1.1142670673722266,30.37542137228033,27.171715631925306,0.0,2025-11-14,2007-09-19,3.819999933242797,5.5,0.0,-30.545455759221863,2025-11-14,2.930000066757202,-0.2906973923522793,0.0,6,1.9662500029802323,True,2025-11-14,1.8797500020265576,True,2025-10-17,30.29650598249492,41.485386699154894,72.74628124230854,58.10154240864848
2025-11-14,2025-11-07,LITHIUM,DLI.AX,Delta Lithium,7,21,7.0,0.0,2,0.209999993443489,25.373127291053454,7,16.666658388244127,10,27.272718241720817,17,10.526313725600868,24,16.666658388244127,23,4.999995157122661,20,0.0,21,-35.38461503192518,22,23.5294066085948,2025-11-14,1.894969074474936,25.373127291053454,14.884822952249102,-2.32558606959078,2025-11-14,2017-11-03,0.2150000035762786,0.9354239702224731,-2.32558606959078,-77.55028734258921,2025-11-14,0.1675000041723251,0.0,0.0,6,0.1728750012814998,True,2025-11-14,0.1731125014275312,True,2025-10-17,25.294211901268035,15.614737696022928,23.16715775024956,8.780276288487698
2025-11-14,2025-11-07,LITHIUM,MIN.AX,Mineral Resources,8,11,16.0,8.0,2,50.7400016784668,19.21992490890574,8,21.47474532535203,9,40.9053153110684,11,94.85407025547045,10,56.65329618586799,12,43.69866809704304,10,9.518669702395988,19,-33.516769023378515,20,46.09848070041049,2025-11-14,1.0138041996942555,19.21992490890574,11.613983351122254,-0.9564666565447744,2025-11-14,2006-07-28,51.22999954223633,96.27999877929688,-0.9564666565447744,-47.29954058809415,2025-11-14,42.560001373291016,-0.9564666565447744,-0.9564666565447744,6,30.168800001144408,True,2025-11-14,29.194549951553345,True,2025-10-17,19.141009519120324,20.42282463313083,36.79975481959714,31.349350380303395
2025-11-14,2025-11-07,LITHIUM,ALB,Albermale,9,11,5.0,-4.0,2,115.13999938964844,18.48116796467649,9,24.1535497539944,8,41.39751806230807,10,88.50686957757787,11,41.78056974225874,17,12.771793448001434,19,58.05079176569956,10,-15.00074288874117,15,35.09327097812629,2025-11-14,1.2461172220916208,18.48116796467649,44.421340052888624,0.0,2025-11-14,1994-02-22,115.13999938964844,325.3800048828125,0.0,-64.6136831821867,2025-11-14,97.18000030517578,0.0,0.0,6,74.79304988861084,True,2025-11-14,73.85454998016357,True,2025-10-17,18.40225257489108,23.1016290617732,37.29195757083681,20.3441406580192
2025-11-14,2025-11-07,LITHIUM,LAR.TO,Lithium Argentina AG,10,6,11.0,1.0,2,6.239999771118164,14.285709295267868,10,10.44247196092063,13,34.77320986787183,15,119.7183084402782,6,71.90081472157834,8,41.81817354249577,12,77.77777173995366,9,-8.771935205918357,13,54.83869593681519,2025-11-14,0.8961140192281427,14.285709295267868,17.146156770678303,-14.63748536302344,2025-11-14,2008-07-16,7.309999942779541,21.016979217529297,-14.63748536302344,-70.3097209806742,2025-11-14,5.460000038146973,-4.040408175814514,0.0,6,3.85170000910759,True,2025-11-14,3.685350011587143,True,2025-10-17,14.206793905482453,9.390551268699433,30.66764937640057,40.089565616708086
2025-11-14,2025-11-07,LITHIUM,SGML.O,Sigma Lithium,11,25,25.0,14.0,2,6.059999942779541,13.909769684971083,11,-2.415460458067742,14,7.256634344984847,24,-18.43876066233261,26,-46.32418101633976,26,-53.91634890817704,26,-31.602706799063075,25,-66.22073711048598,25,-50.7317085462786,2025-11-14,1.2343802611994834,13.909769684971083,-1.6143602936228116,-58.63481160016919,2025-11-14,2018-07-03,14.649999618530272,42.400001525878906,-58.63481160016919,-85.70754781911786,2025-11-14,5.320000171661377,-2.9900303805469486,0.0,6,7.331849992275238,False,2025-11-14,7.920249991416931,False,2025-10-17,13.830854295185668,-3.46738115028894,3.1510738535135863,-65.4808388663857
2025-11-14,2025-11-07,LITHIUM,PMET.TO,PMET Resources Inc,12,23,21.0,9.0,2,3.5999999046325684,12.85265956293915,12,-6.976743899502935,16,-15.094337288532833,25,54.50643873440455,18,31.8681274535062,20,25.435541748507102,14,-18.735890651655584,24,-55.1681192484856,24,-0.826452034781,2025-11-14,0.7470667211487946,12.85265956293915,19.028837974874687,-21.22538797796533,2025-11-14,2010-03-15,4.570000171661377,493.5,-21.22538797796533,-99.27051673664994,2025-11-14,3.190000057220459,-7.928393206985318,-7.928393206985318,6,3.048649997115135,True,2025-11-14,3.0345999985933303,True,2025-10-17,12.773744173153734,-8.028664591724134,-19.199897780004093,-15.575582354888097
2025-11-14,2025-11-07,LITHIUM,SQM,Sociedad Quimica y Minera ADR,13,15,4.0,-9.0,2,54.54999923706056,11.714104426611115,13,24.88552851634656,7,19.784800483965647,20,52.161789564477566,19,41.21148777830479,18,43.93139060908133,9,52.97251674278769,13,10.179763858596868,9,51.317615510464165,2025-11-14,1.511488799860201,11.714104426611115,42.15731048898239,0.0,2025-11-14,1993-09-21,54.54999923706056,113.5199966430664,0.0,-51.94679276764023,2025-11-14,48.83000183105469,-0.3469550914994346,0.0,6,39.85665000915528,True,2025-11-14,38.98870002746582,True,2025-10-17,11.635189036825698,23.833607824125355,15.679239992494386,36.568485190357066
2025-11-14,2025-11-07,LITHIUM,1772.HK,Ganfeng Lithium,14,1,3.0,-11.0,2,57.5,9.10815781322738,14,32.48847460457676,4,76.1642189804567,3,184.65345459537863,2,165.58891922929013,1,144.68085106382978,2,243.48865463669736,2,119.46564246416042,3,188.0761655181165,2025-11-14,1.1979847150951923,9.10815781322738,22.27377048626042,-3.846152619405296,2025-11-14,2018-10-11,59.79999923706056,128.0000457763672,-3.846152619405296,-55.07814106530866,2025-11-14,52.700000762939446,-3.846152619405296,-3.846152619405296,6,28.18469997406006,True,2025-11-14,25.37600001335144,True,2025-10-17,9.029242423441962,31.43655391235556,72.05865848898543,173.32703519800944
2025-11-14,2025-11-07,LITHIUM,INR.AX,Ioneer Ltd,15,23,18.0,3.0,2,0.1700000017881393,6.250003492459699,15,-26.086957085110075,23,36.00000143051143,14,21.42857218883476,22,0.0,24,-17.073169136104084,23,36.00000143051143,15,-17.073169136104084,17,9.6774196649565,2025-11-14,0.7667388084907493,6.250003492459699,-17.499409833133424,-37.0370388766865,2025-11-14,2007-12-19,0.270000010728836,0.8500000238418579,-37.0370388766865,-80.00000035061555,2025-11-14,0.1599999964237213,-8.108108325802199,-8.108108325802199,6,0.1430300002172589,True,2025-11-14,0.1422050001844763,True,2025-10-17,6.1710881026742825,-27.13887777733128,31.894440939040173,-5.071710655150596
2025-11-14,2025-11-07,LITHIUM,LIT,Global X Lithium & Battery Tech ETF,16,8,6.0,-10.0,2,63.77000045776367,4.729842497920678,16,12.19211873077426,12,40.64843459009968,12,62.51273631509009,15,50.61407706174972,14,42.56651265455261,11,79.22989650355888,8,39.26621354606552,5,58.94816090606479,2025-11-14,1.1887370218138194,4.729842497920678,18.119387897501326,0.0,2025-11-14,2010-07-23,63.77000045776367,96.30999755859376,0.0,-33.7867281961389,2025-11-14,60.88999938964844,-0.8983018478028737,0.0,6,44.39174991607666,True,2025-11-14,42.42819992065429,True,2025-10-17,4.650927108135261,11.140198038553065,36.54287409862842,44.199030585957686
2025-11-14,2025-11-07,LITHIUM,LI.V,American Lithium,17,20,22.0,5.0,2,0.6100000143051147,1.66666501098216,17,-23.7499993480742,18,43.52941110472371,9,69.44444168497029,14,31.18279776637687,22,-40.19607591060706,24,12.962961123313498,18,-34.40860111681157,21,3.389837528843853,2025-11-14,0.5128964807896182,1.66666501098216,-28.73482490291117,-47.8632447282237,2025-11-14,1985-02-11,1.1699999570846558,1050.0,-47.8632447282237,-99.94190476054236,2025-11-14,0.6000000238418579,-3.174600171093711,-3.174600171093711,6,0.4702749998867512,True,2025-11-14,0.4583749990165233,True,2025-10-17,1.5877496211967437,-24.8019200402954,39.42385061325245,-11.359292791263243
2025-11-14,2025-11-07,LITHIUM,VULG.DE,Vulcan Energy Resources,18,17,9.0,-9.0,2,2.9619181156158447,1.0273933612906516,18,-4.838706959363515,15,68.57144039593007,4,35.01147683706822,21,44.25427063732543,16,-7.812498028902793,22,54.04697116457986,11,38.28125295664577,6,6.242516505058959,2025-11-14,0.5113811141552754,1.0273933612906516,-19.56363781459162,-30.17750824138181,2025-11-14,2022-02-15,4.242068767547608,6.09117603302002,-30.17750824138181,-51.3736247391406,2025-11-14,2.93179702758789,-6.2996359218449705,-6.2996359218449705,6,2.16993122279644,True,2025-11-14,2.1415001398324964,True,2025-10-17,0.9484779715052348,-5.890627651584713,64.4658799044588,-8.506613815048137
2025-11-14,2025-11-07,LITHIUM,SLI,Standard Lithium,19,7,15.0,-4.0,2,3.259999990463257,-2.102100145542729,19,-24.18605009628784,20,13.588854371267756,21,105.03144163689493,8,117.33333269755045,6,83.14606982369482,5,181.0344900231585,4,79.12087343464943,4,108.97436602816332,2025-11-14,0.8558934808768227,-2.102100145542729,-1.9762875119378127,-39.51762391065044,2025-11-14,2017-06-20,5.389999866485596,12.369999885559082,-39.51762391065044,-73.64591737572263,2025-11-14,3.3299999237060547,-10.674153992419631,-8.426965088152594,6,2.3261499959230423,True,2025-11-14,2.1178499984741213,True,2025-10-17,-2.1810155353281457,-25.237970788509035,9.483293879796497,94.22523570805625
2025-11-14,2025-11-07,LITHIUM,ATLX.O,Atlas Lithium,20,26,23.0,3.0,2,4.369999885559082,-2.8888914320204018,20,-23.9338560033094,19,-27.04507424808589,26,11.479586747625191,23,-27.76859921010548,25,-44.11764974896841,25,-49.2450631845258,26,-72.27157473290767,26,-37.30272572305311,2025-11-14,0.5031970372006065,-2.8888914320204018,-10.03434938468634,-45.71428842214529,2025-11-14,2013-02-28,8.050000190734863,412500.0,-45.71428842214529,-99.99894060608835,2025-11-14,4.5,-5.3333282470703125,-2.8888914320204018,6,4.907425011396408,False,2025-11-14,5.086925019025802,True,2025-10-17,-2.9678068218058185,-24.9857766955306,-31.150634739557148,-52.0518560431602
2025-11-14,2025-11-07,LITHIUM,EMH.AX,European Metals Holdings,21,22,8.0,-13.0,2,0.2150000035762786,-4.444440323629417,21,-13.99999856948856,17,7.500000186264488,23,0.0,25,65.38462420187084,9,48.27586880195174,8,-6.5217392712775375,23,-49.41176528336679,23,43.333330021964336,2025-11-13,0.6997306375524789,-6.5217392712775375,-0.7083966379678932,-40.27777915751488,2025-11-13,2012-07-19,0.3600000143051147,2.150000095367432,-40.27777915751488,-90.0000002772309,2025-11-13,0.2249999940395355,-6.5217392712775375,-6.5217392712775375,4,0.1885999997332692,True,2025-11-13,0.1822875000908971,True,2025-10-17,-4.5233557134148334,-15.051919261709756,3.394439694793228,28.58419970185724
2025-11-14,2025-11-07,LITHIUM,LTBR.O,Lightbridge,22,14,26.0,4.0,2,17.860000610351562,-4.7466634114583295,22,-24.60953901341045,21,9.570561020298165,22,58.75556098090278,16,31.710914879576467,21,143.65621822982953,3,611.5538118809012,1,653.5865600321915,1,250.19609694754087,2025-11-14,0.5986491552251041,-4.7466634114583295,-0.5647718095557809,-35.56998177215949,2025-11-14,2000-11-10,27.71999931335449,4050.0,-35.56998177215949,-99.5590123306086,2025-11-14,18.75,-13.09001813419901,-13.09001813419901,6,14.08877500295639,True,2025-11-14,12.46460000514984,True,2025-10-17,-4.825578801243746,-25.661459705631653,5.465000528826902,235.44696662743377
2025-11-14,2025-11-07,LITHIUM,LAC.TO,Lithium Americas,23,18,14.0,-9.0,2,6.260000228881836,-8.479530859171302,23,-34.31269250487019,24,57.68262427628401,6,44.90740694749504,20,46.26168042085557,15,14.86239354063239,18,105.92106274455548,6,0.1600036621093759,11,41.95012348028426,2025-11-14,0.5527582113256793,-8.479530859171302,-42.33999229537523,-55.63429921191083,2025-11-14,2023-10-04,14.109999656677246,16.010000228881836,-55.63429921191083,-60.89943698071363,2025-11-14,6.840000152587891,-12.569827342322723,-12.569827342322723,6,4.913450020551681,True,2025-11-14,4.607650016546249,True,2025-10-17,-8.558446248956718,-35.36461319709139,53.57706378481275,27.20099316017717
2025-11-14,2025-11-07,LITHIUM,CRML.O,Critical Metals,24,10,24.0,0.0,2,9.100000381469728,-15.584409954696932,24,-56.37583837387835,26,55.55556461229185,8,550.0000383172722,1,143.96783739776288,3,50.91210721133541,7,0.4415006622562556,20,12.3456784309256,8,38.93129948823362,2025-11-14,0.4428715320516342,-15.584409954696932,-35.567764952557646,-69.63630100113211,2025-11-14,2022-02-07,29.96999931335449,29.96999931335449,-69.63630100113211,-69.63630100113211,2025-11-14,10.779999732971191,-17.810761816825703,-15.584409954696932,6,5.087875001430511,True,2025-11-14,4.618749992847443,True,2025-10-17,-15.663325344482349,-57.42775906609955,51.450004120820594,24.182169168126524
2025-11-14,2025-11-07,LITHIUM,ABAT.O,American Battery Technology,25,5,19.0,-6.0,2,3.5999999046325684,-18.735890651655584,25,-25.773196383077025,22,32.35293627816507,16,127.8480890411884,4,160.86955920810132,2,274.2592702294534,1,242.85714934472352,3,174.80916502897966,2,69.01407094888799,2025-11-14,0.5917023901185073,-18.735890651655584,-9.21851967263617,-68.22594943623793,2025-11-14,2016-02-24,11.329999923706056,61.125,-68.22594943623793,-94.1104296038731,2025-11-14,4.429999828338623,-18.735890651655584,-18.735890651655584,6,2.377610499560833,True,2025-11-14,2.0827355036139488,True,2025-10-17,-18.814806041441003,-26.825117075298223,28.24737578669381,54.26494062878089
2025-11-14,2025-11-07,LITHIUM,AVL.TO,Avalon Advanced Materials,26,19,2.0,-24.0,2,9.899999618530272,-21.428570887939724,26,-35.29412094696992,25,57.14285822412055,7,119.99999152289492,5,57.14285822412055,10,22.22221175666093,15,0.0,21,-15.384610368576425,16,37.499998344315344,2025-11-14,1.5375999704896657,-21.428570887939724,-46.5410618946846,-59.259262747779694,2025-11-14,1984-05-31,24.30000114440918,7740.0,-59.259262747779694,-99.87209302818437,2025-11-14,12.59999942779541,-21.428570887939724,-21.428570887939724,6,7.170749762058258,True,2025-11-14,6.513749780654908,True,2025-10-17,-21.507486277725143,-36.34604163919112,53.03729773264929,22.75086802420825
2025-11-21,2025-11-14,LITHIUM,SGML.O,Sigma Lithium,1,15,11.0,10.0,3,9.850000381469728,62.54126195505911,1,63.62126931358816,2,65.5462302054471,7,79.41713646854211,15,-15.305242609249625,26,-32.76450076482729,24,-13.444637237126756,24,-42.99768524267423,23,-19.918697327424685,2025-11-21,6.151953888142274,62.54126195505911,39.15521566875557,-30.8771903054756,2025-11-21,2018-07-03,14.25,42.400001525878906,-30.8771903054756,-76.7688678608708,2025-11-21,6.059999942779541,-9.31466439085844,-4.922773089850574,6,7.285724997520447,True,2025-11-21,7.768949992656708,False,2025-10-24,64.48835862512088,66.3996603864907,61.89137773910234,-32.43355115214415
2025-11-21,2025-11-14,LITHIUM,PMET.TO,PMET Resources Inc,2,11,12.0,10.0,3,4.579999923706056,27.22222347318397,2,23.45013144510964,6,20.20997355618777,22,114.01867753231438,10,78.90625101863414,11,74.80916502897972,7,-1.71673661642886,22,-47.29574056545536,24,26.1707928185962,2025-11-21,3.1633848708174703,27.22222347318397,46.63124889398021,-1.2931022522848723,2025-11-21,2010-03-15,4.639999866485596,493.5,-1.2931022522848723,-99.0719351725013,2025-11-21,3.5999999046325684,-1.2931022522848723,-1.2931022522848723,6,3.081649996638298,True,2025-11-21,3.0388999980688096,True,2025-10-24,29.16932014324573,26.228522518012163,16.555121089843006,13.655938993876738
2025-11-21,2025-11-14,LITHIUM,GLN.AX,Galan Lithium,3,3,2.0,-1.0,3,0.2300000041723251,17.948724414705296,3,48.387098324782606,3,70.37036669107147,4,130.00000074505803,8,91.6666744276884,8,64.2857165665043,8,62.687883741118334,9,-1.709398824744135,11,53.33333002196439,2025-11-21,2.424937827060869,17.948724414705296,31.825389310025827,-7.999998331069957,2025-11-21,2011-06-08,0.25,2.1742498874664307,-7.999998331069957,-89.421638906449,2025-11-21,0.1949999928474426,-7.999998331069957,-7.999998331069957,6,0.1291150000691413,True,2025-11-21,0.1246149998903274,True,2025-10-24,19.89582108476706,51.165489397685135,66.7155142247267,40.81847619724492
2025-11-21,2025-11-14,LITHIUM,SLI,Standard Lithium,4,2,19.0,15.0,3,3.7799999713897705,15.950919706985031,4,-10.426536508948436,16,36.95652117575949,14,134.78260483253726,7,170.0000025544848,2,127.7108462287028,3,207.31706607916195,3,103.22580335043476,3,142.30769936149667,2025-11-21,1.1434443468607147,15.950919706985031,-2.857819990506109,-29.870128663761587,2025-11-21,2017-06-20,5.389999866485596,12.369999885559082,-29.870128663761587,-69.44219881681165,2025-11-21,3.259999990463257,-7.579466250190037,-7.579466250190037,6,2.3822499972581865,True,2025-11-21,2.1831999975442886,True,2025-10-24,17.898016377046797,-7.648145436045905,33.30166870941473,129.7928455367772
2025-11-21,2025-11-14,LITHIUM,LI.V,American Lithium,5,16,17.0,12.0,3,0.6800000071525573,11.475408394405283,5,-18.072286647503656,21,67.90123583975767,6,97.1014520296202,14,51.11111670364584,15,-33.3333313854691,25,21.42857218883476,17,-35.2380916158627,20,15.25424362359078,2025-11-21,0.9563757391707794,11.475408394405283,-17.047810399264527,-41.88033913719574,2025-11-21,1985-02-11,1.1699999570846558,1050.0,-41.88033913719574,-99.9352380945569,2025-11-21,0.6100000143051147,-9.333332379659032,-9.333332379659032,6,0.4745999997854233,True,2025-11-21,0.4634749992191792,True,2025-10-24,13.42250506446705,-15.293895574601123,64.24638337341291,2.7393897988713167
2025-11-21,2025-11-14,LITHIUM,ATLX.O,Atlas Lithium,6,26,20.0,14.0,3,4.869999885559082,11.4416478968862,6,-15.597921981672425,19,0.9326441051362266,25,25.51545726592888,24,-10.395585338893476,25,-37.3230386420365,26,-55.1152100061088,26,-70.69795644015315,26,-30.129124359339844,2025-11-21,1.0561288687623267,11.4416478968862,3.2080756156781693,-38.587641980070856,2025-11-21,2013-02-28,7.929999828338623,412500.0,-38.587641980070856,-99.99881939396714,2025-11-21,4.369999885559082,-10.477944221798696,-10.477944221798696,6,4.885275012254715,False,2025-11-21,5.052825018167495,True,2025-10-24,13.388744566947963,-12.819530908769892,-2.722208361208533,-42.64397818405931
2025-11-21,2025-11-14,LITHIUM,LAR.TO,Lithium Argentina AG,7,5,10.0,3.0,3,6.889999866485596,10.41666857707202,7,10.063891606538975,12,58.02751503431423,9,175.59999465942383,3,96.8571390424456,7,45.35865399124792,10,83.73332977294923,6,0.8784764780346288,10,70.9677297216135,2025-11-21,1.6358668930790838,10.41666857707202,19.61317258228373,-10.052219272388808,2025-11-21,2008-07-16,7.6599998474121085,21.016979217529297,-10.052219272388808,-67.21698301562309,2025-11-21,6.239999771118164,-10.052219272388808,-10.052219272388808,6,3.9352000057697296,True,2025-11-21,3.7245500123500825,True,2025-10-24,12.363765247133784,12.842282679441508,54.37266256796947,58.45287589689403
2025-11-21,2025-11-14,LITHIUM,CXO.AX,Core Lithium,8,1,3.0,-5.0,3,0.2199999988079071,9.999997764825874,8,83.33333643774212,1,69.23077452112254,5,144.44443340654792,6,152.8735691245191,4,129.16666343290782,2,119.99999552965176,5,46.6666600439287,5,134.042559937149,2025-11-21,5.504429174775879,9.999997764825874,28.678904991169023,-13.725489050275929,2025-11-21,2011-02-11,0.2549999952316284,1.8650000095367432,-13.725489050275929,-88.20375347544615,2025-11-21,0.2000000029802322,-13.725489050275929,-13.725489050275929,6,0.1014499995857476,True,2025-11-21,0.094179999642074,True,2025-10-24,11.94709443488764,86.11172751064466,65.57592205477778,121.52770611242954
2025-11-21,2025-11-14,LITHIUM,SQM,Sociedad Quimica y Minera ADR,9,9,13.0,4.0,3,59.540000915527344,9.147574240618228,9,30.713505845866607,5,31.58011252050241,18,77.73134601649954,16,50.088237115515625,16,50.23971564671727,9,54.85045444502508,11,25.8507697891144,7,65.1595067284171,2025-11-21,2.5131187632877103,9.147574240618228,27.66410623497325,-5.641834619146291,2025-11-21,1993-09-21,63.09999847412109,113.5199966430664,-5.641834619146291,-47.551089961062,2025-11-21,54.54999923706056,-5.641834619146291,-5.641834619146291,6,40.39460000991821,True,2025-11-21,39.14925001144409,True,2025-10-24,11.094670910679994,33.491896918769136,27.92526005415765,52.64465290369763
2025-11-21,2025-11-14,LITHIUM,DLI.AX,Delta Lithium,10,19,7.0,-3.0,3,0.2249999940395355,7.142857649699397,10,40.62499941792337,4,36.363627332629946,15,21.62161683235151,25,28.571427355007263,21,9.756095610793892,18,2.272725117600638,21,-31.818186333685027,18,32.35293627816509,2025-11-21,3.076889038787,7.142857649699397,48.82883847207739,-11.764706569834448,2025-11-21,2017-11-03,0.2549999952316284,0.9354239702224731,-11.764706569834448,-75.94673632470382,2025-11-21,0.209999993443489,-11.764706569834448,-11.764706569834448,6,0.1740750011801719,True,2025-11-21,0.1729250013828277,False,2025-10-24,9.089954319761162,43.4033904908259,32.70877486628518,19.838082453445622
2025-11-21,2025-11-14,LITHIUM,LAC.TO,Lithium Americas,11,10,23.0,12.0,3,6.6599998474121085,6.389770030435304,11,-29.14893491821836,22,75.26315607852878,2,74.80314822664758,17,58.57143213959792,13,22.65193476902594,16,74.34554879058427,8,14.82757979992899,8,51.02040992859338,2025-11-21,1.1609037799060429,6.389770030435304,-33.26897901009012,-52.79943295916092,2025-11-21,2023-10-04,14.109999656677246,16.010000228881836,-52.79943295916092,-58.40100092317579,2025-11-21,6.260000228881836,-7.628296641122056,-7.628296641122056,6,4.9766000187397,True,2025-11-21,4.726550015211106,True,2025-10-24,8.336866700497069,-26.37054384531584,71.60830361218402,38.50555610387392
2025-11-21,2025-11-14,LITHIUM,PLS.AX,Pilbara Minerals,12,8,6.0,-6.0,3,3.900000095367432,2.0942451183951327,12,20.743036295279428,8,76.4705895044907,1,185.7142907047321,2,87.50001146243214,9,39.28572006371569,12,32.6530618864878,13,-6.024096247107802,13,76.4705895044907,2025-11-21,1.2634195223900295,2.0942451183951327,8.15018874283011,-6.921240045170918,2025-11-21,2007-09-19,4.190000057220459,5.5,-6.921240045170918,-29.09090735695577,2025-11-21,3.819999933242797,-6.921240045170918,-6.921240045170918,6,2.009950005412102,True,2025-11-21,1.896350001692772,True,2025-10-24,4.041341788456898,23.52142736818196,72.81573703814594,63.95573567977124
2025-11-21,2025-11-14,LITHIUM,ALB,Albermale,13,12,9.0,-4.0,3,116.81999969482422,1.4590935505309988,13,10.583112807430872,11,47.9858070457176,11,106.9808691305349,12,43.867000105045136,18,7.193976964941817,19,31.851017727664875,14,-7.754263851983967,14,37.06440818216949,2025-11-21,1.4270397022070624,1.4590935505309988,48.31307550322157,-7.0496503730408495,2025-11-21,1994-02-22,125.68000030517578,325.3800048828125,-7.0496503730408495,-64.09736371572751,2025-11-21,115.13999938964844,-7.367920205080636,-7.0496503730408495,6,75.75309986114502,True,2025-11-21,74.06694988250733,True,2025-10-24,3.406190220592764,13.361503880333403,44.33095457937284,24.54955435745003
2025-11-21,2025-11-14,LITHIUM,LTR.AX,Liontown Resources,14,4,1.0,-13.0,3,1.4700000286102295,0.3412965950654101,14,20.49180279813509,9,70.9302330416818,3,124.42749508693906,9,139.02439118944508,5,86.07594793451428,6,75.00000886973908,7,1.0309268214748757,9,157.8947450975963,2025-11-21,1.5112368019540914,0.3412965950654101,4.447388083321587,-8.4112142591243,2025-11-21,2006-12-27,1.6050000190734863,3.150000095367432,-8.4112142591243,-53.33333383792292,2025-11-21,1.4650000333786013,-8.4112142591243,-8.4112142591243,6,0.8034249992668628,True,2025-11-21,0.7416249991953373,True,2025-10-24,2.2883932651271754,23.270193871037623,67.27538057533704,145.37989127287685
2025-11-21,2025-11-14,LITHIUM,EMH.AX,European Metals Holdings,15,24,21.0,6.0,3,0.2199999988079071,0.0,15,-16.98112804382942,20,15.789474509759629,23,4.761907465063375,26,62.96295560436518,12,37.50000232830648,13,4.761907465063375,20,-50.0,25,46.6666600439287,2025-11-21,0.49673879010248,2.325579138818279,-17.688168599448208,-38.88889164836306,2025-11-21,2012-07-19,0.3600000143051147,2.150000095367432,-38.88889164836306,-89.76744236979629,2025-11-21,0.2199999988079071,-4.545457008456443,0.0,5,0.1904749996587634,True,2025-11-21,0.1840374999865889,True,2025-10-24,1.947096670061765,-14.202736970926887,12.134622043414868,34.151806219209234
2025-11-21,2025-11-14,LITHIUM,INR.AX,Ioneer Ltd,16,23,15.0,-1.0,3,0.1650000065565109,-2.941173634727124,16,-13.15789019632203,18,37.50000853712388,13,32.00000524520872,22,3.1250064028428337,24,-17.499997951090375,22,26.923086622057934,15,-32.65305985911894,19,6.45161631452178,2025-11-21,0.911590069579478,-2.941173634727124,1.1532730019518884,-38.888888888888886,2025-11-21,2007-12-19,0.270000010728836,0.8500000238418579,-38.888888888888886,-80.58823506724877,2025-11-21,0.1700000017881393,-13.15789019632203,-13.15789019632203,6,0.1431550001725554,True,2025-11-21,0.1431550000235438,True,2025-10-24,-0.994076964665358,-10.3794991234195,33.84515607077911,-6.063237510197683
2025-11-21,2025-11-14,LITHIUM,MIN.AX,Mineral Resources,17,14,8.0,-9.0,3,48.84000015258789,-3.744583096230436,17,8.678241310761958,14,32.46542329121578,17,107.74138527054691,11,80.02212187023096,10,44.3262409348804,11,6.173913375191065,19,-38.36446053853475,21,40.627701688253445,2025-11-21,0.8502657916516049,-3.744583096230436,-9.571145316074611,-4.665234064033152,2025-11-21,2006-07-28,51.22999954223633,96.27999877929688,-4.665234064033152,-49.27295308286816,2025-11-21,50.7400016784668,-4.237291002675169,-3.820399120411033,6,30.53329998970032,True,2025-11-21,29.385099954605103,True,2025-10-24,-1.7974864261686707,11.45663238366449,28.81057082487101,28.112847863533982
2025-11-21,2025-11-14,LITHIUM,IGO.AX,IGO Limited,18,18,5.0,-13.0,3,6.46999979019165,-3.8633020526741335,18,11.168377995850198,10,22.306235101092177,20,58.96804710822878,19,44.41963755905783,17,30.44354315385862,15,22.53786994501834,16,-18.616352887815857,15,33.127564042122955,2025-11-21,1.507054751028091,-3.8633020526741335,4.08279289533402,-6.502894236141321,2025-11-21,2002-01-17,6.920000076293944,16.393840789794922,-6.502894236141321,-60.53395983801922,2025-11-21,6.730000019073486,-6.502894236141321,-6.502894236141321,6,4.616699995994568,True,2025-11-21,4.543150000572204,True,2025-10-24,-1.916205382612368,13.94676906875273,18.651382634747417,20.61271021740349
2025-11-21,2025-11-14,LITHIUM,ELV.AX,Elevra Lithium,19,19,4.0,-15.0,3,4.920000076293944,-5.019300398858661,19,21.182269596921067,7,31.2000020345052,19,104.99999503294636,13,42.60869589254548,19,-3.529408464794704,21,17.14286427919587,18,-23.72092679403519,16,17.14286427919587,2025-11-21,2.010259193735045,-5.019300398858661,19.325229189982977,-11.827954416417995,2025-11-21,2004-03-30,5.579999923706056,256.91192626953125,-11.827954416417995,-98.08494679568426,2025-11-21,5.179999828338623,-11.827954416417995,-11.827954416417995,6,3.241150006055832,True,2025-11-21,3.13900000333786,True,2025-10-24,-3.072203728796896,23.9606606698236,27.54514956816044,4.628010454476407
2025-11-21,2025-11-14,LITHIUM,LIT,Global X Lithium & Battery Tech ETF,20,13,16.0,-4.0,3,60.290000915527344,-5.457110737424586,20,-1.2125149575139216,15,33.829083100027106,16,59.202541895943874,18,41.55905306298513,20,32.30195593434468,14,59.49736013861276,10,33.62145909299314,6,50.27418375032102,2025-11-21,1.272569352647578,-5.457110737424586,-6.380998023027972,-5.457110737424586,2025-11-21,2010-07-23,63.77000045776367,96.30999755859376,-5.457110737424586,-37.400059761347535,2025-11-21,63.77000045776367,-5.457110737424586,-5.457110737424586,6,44.93689992904663,True,2025-11-21,42.86294992446899,True,2025-10-24,-3.510014067362821,1.5658761153886092,30.174230633682345,37.75932992560156
2025-11-21,2025-11-14,LITHIUM,ABAT.O,American Battery Technology,21,7,25.0,4.0,3,3.369999885559082,-6.388889587955726,21,-43.64548704330582,24,38.683119052597206,12,155.30301148843358,5,240.3696390887985,1,343.42104313776423,1,219.4312846547354,2,137.3239427751739,2,58.21594856785437,2025-11-21,0.6203478471130242,-6.388889587955726,-25.450789210625807,-70.2559584443779,2025-11-21,2016-02-24,11.329999923706056,61.125,-70.2559584443779,-94.48670775368656,2025-11-21,3.5999999046325684,-16.169156677896858,-16.169156677896858,6,2.430010499060154,True,2025-11-21,2.1749855002760885,True,2025-10-24,-4.44179291789396,-40.86709597040329,35.02826658625244,45.7010947431349
2025-11-21,2025-11-14,LITHIUM,VULG.DE,Vulcan Energy Resources,22,22,18.0,-4.0,3,2.6506659984588623,-10.508464616762936,22,-10.60947447834617,17,55.90557430806265,10,30.477755393238315,23,23.26849532081503,23,-25.31822398193616,23,34.80852711876441,12,-4.578297266134546,12,-4.921940749833686,2025-11-21,0.5067843391598741,-10.508464616762936,-27.075808631441035,-37.514780082378415,2025-11-21,2022-02-15,4.242068767547608,6.09117603302002,-37.514780082378415,-56.48351017784237,2025-11-21,2.9619181156158447,-15.744669273716529,-15.744669273716529,6,2.189309192299843,True,2025-11-21,2.1431986516714097,True,2025-10-24,-8.561367946701171,-7.831083405443639,52.25072184171789,-17.436794574553147
2025-11-21,2025-11-14,LITHIUM,1772.HK,Ganfeng Lithium,23,6,14.0,-9.0,3,50.900001525878906,-11.47825821586277,23,8.853728299727525,13,63.03652352774465,8,156.29405821542863,4,129.79685057554997,6,101.58416445892638,5,166.49214926330907,4,100.78895763285924,4,155.01003938159093,2025-11-21,1.4071528035444398,-11.47825821586277,17.141793459637547,-18.754987571941907,2025-11-21,2018-10-11,62.650001525878906,128.0000457763672,-18.754987571941907,-60.23438802919816,2025-11-21,57.5,-18.754987571941907,-18.754987571941907,6,29.13449999809265,True,2025-11-21,25.97259998321533,True,2025-10-24,-9.531161545801003,11.632119372630056,59.381671061399885,142.49518555687146
2025-11-21,2025-11-14,LITHIUM,AVL.TO,Avalon Advanced Materials,24,25,26.0,2.0,3,8.549999237060547,-13.636368015033751,24,-32.14286011633162,23,5.555541165408795,24,58.33333038989388,20,58.33333038989388,14,5.555541165408795,20,-5.000008477105034,23,-26.923076296072047,17,18.749992549419204,2025-11-21,1.241106406248405,-13.636368015033751,-40.184297341232536,-64.8148196115304,2025-11-21,1984-05-31,24.30000114440918,7740.0,-64.8148196115304,-99.88953489357804,2025-11-21,9.899999618530272,-17.39131476392831,-17.39131476392831,6,7.247249765396118,True,2025-11-21,6.722999784946442,True,2025-10-24,-11.689271344971983,-29.36446904342909,1.9006886990640348,6.235138724699741
2025-11-21,2025-11-14,LITHIUM,LTBR.O,Lightbridge,25,17,22.0,-3.0,3,14.020000457763672,-21.50056003000497,25,-44.65060994870941,25,-1.4064683931748312,26,37.856443978245366,21,23.851597488769883,22,105.8737235765868,4,451.9685302489352,1,349.35900551327705,1,174.9019749006005,2025-11-21,0.7342372375203975,-21.50056003000497,-22.47182996365148,-49.42279651857947,2025-11-21,2000-11-10,27.71999931335449,4050.0,-49.42279651857947,-99.65382714919102,2025-11-21,17.860000610351562,-21.50056003000497,-21.50056003000497,6,14.254775002002717,False,2025-11-21,12.916775012016297,True,2025-10-24,-19.5534633599432,-41.87221887580688,-5.061320859519592,162.38712107588103
2025-11-21,2025-11-14,LITHIUM,CRML.O,Critical Metals,26,21,24.0,-2.0,3,7.130000114440918,-21.648353675240585,26,-52.56154197528099,26,21.465080978648587,21,378.5234945506954,1,167.0411951574777,3,21.67235412953584,17,-26.342976346513204,25,-40.03364248475384,22,8.854960409413092,2025-11-21,0.3642847767481867,-21.648353675240585,-33.23422112696991,-76.20954194929253,2025-11-21,2022-02-07,29.96999931335449,29.96999931335449,-76.20954194929253,-76.20954194929253,2025-11-21,9.100000381469728,-21.648353675240585,-21.648353675240585,6,5.090900003910065,True,2025-11-21,4.849449994564057,True,2025-10-24,-19.70125700517882,-49.78315090237846,17.810228512303826,-3.659893415306371
2025-11-28,2025-11-21,LITHIUM,EMH.AX,European Metals Holdings,1,3,15.0,14.0,4,0.3799999952316284,72.7272714957718,1,51.99999809265137,4,111.11110007321447,1,89.99999478459368,19,245.4545429915437,3,162.06896976965385,2,100.0,9,-2.5641002128344303,15,153.3333200878574,2025-11-28,10.194352355830132,72.7272714957718,77.07498749032202,0.0,2025-11-28,2012-07-19,0.3799999952316284,2.150000095367432,0.0,-82.32558240111673,2025-11-28,0.2199999988079071,-2.2727251176006824,0.0,6,0.1930749996379017,True,2025-11-28,0.1858749998733401,True,2025-10-31,69.00017815412468,51.87003627598419,105.77062845785862,136.62493263787283
2025-11-28,2025-11-21,LITHIUM,AVL.TO,Avalon Advanced Materials,2,15,24.0,22.0,4,10.799999237060549,26.315791821912992,2,-11.111121576672378,23,41.17645885521812,17,139.99998304578995,9,100.00000000000004,15,49.99999337726153,13,19.999991522894977,19,-7.692305184288195,17,49.99999337726153,2025-11-28,0.5973172824784498,26.315791821912992,-38.159658241305664,-55.55556078833619,2025-11-28,1984-05-31,24.30000114440918,7740.0,-55.55556078833619,-99.86046512613616,2025-11-28,8.549999237060547,0.0,0.0,6,7.343999767303467,True,2025-11-28,6.86924978017807,True,2025-10-31,22.58869848026588,-11.241083393339558,35.83598723986228,33.29160592727696
2025-11-28,2025-11-21,LITHIUM,LAC.TO,Lithium Americas,3,7,11.0,8.0,4,7.889999866485595,18.46846917799001,3,2.069855718205882,16,93.8574824006676,3,106.00522254974165,17,105.46875111564682,13,42.93478068384493,15,130.70174533550093,6,59.3939428384932,6,78.91156778872978,2025-11-28,0.5035162423506875,18.46846917799001,5.951897949613666,-44.08221078338704,2025-11-28,2023-10-04,14.109999656677246,16.010000228881836,-44.08221078338704,-50.71830260032017,2025-11-28,6.6599998474121085,0.0,0.0,6,5.053100019693375,True,2025-11-28,4.810000017881394,True,2025-10-31,14.741375836342897,1.939893901538703,88.51701078531175,62.20318033874521
2025-11-28,2025-11-21,LITHIUM,ELV.AX,Elevra Lithium,4,11,19.0,15.0,4,5.78000020980835,17.479677239399805,4,29.88765073144679,9,42.716047841952864,15,140.83333250549103,8,102.80703169193708,14,20.416666252745543,20,48.20512996074162,13,-10.387590996427043,18,37.61905886418746,2025-11-28,1.3945261613208744,17.479677239399805,18.77739827066872,0.0,2025-11-28,2004-03-30,5.78000020980835,256.91192626953125,0.0,-97.75020167660708,2025-11-28,4.920000076293944,-1.1695895017748923,0.0,6,3.2900000083446503,True,2025-11-28,3.148150005340576,True,2025-10-31,13.752583897752691,29.75768891477961,37.37557622659702,20.910671414202884
2025-11-28,2025-11-21,LITHIUM,LTBR.O,Lightbridge,5,14,25.0,20.0,4,16.260000228881836,15.977173309418458,5,-39.39619726008621,26,4.633206362910136,25,-2.75119080959082,26,49.86174799266942,21,148.6238581609222,4,555.6451654769131,1,493.4306632221853,1,218.82353986148345,2025-11-28,0.521131374407583,11.906404182410002,-24.511907927157747,-41.34198906329569,2025-11-28,2000-11-10,27.71999931335449,4050.0,-41.34198906329569,-99.59851851286712,2025-11-28,14.020000457763672,0.0,0.0,5,14.316025002002716,True,2025-11-28,13.427825009822843,True,2025-10-31,12.250079967771343,-39.52615907675339,-0.7072652524457101,202.11515241149888
2025-11-28,2025-11-21,LITHIUM,CRML.O,Critical Metals,6,17,26.0,20.0,4,8.229999542236328,15.42776171303981,6,-36.39876499909017,25,27.39937296652204,22,479.57745006788633,1,330.8900359194448,1,20.85168298661111,18,-1.0817326428975371,24,-17.70000457763672,19,25.64884431420118,2025-11-28,0.2877723230287991,13.83125201279032,-30.277614285461656,-72.5392067707887,2025-11-28,2022-02-07,29.96999931335449,29.96999931335449,-72.5392067707887,-72.5392067707887,2025-11-28,7.130000114440918,-1.0796211248775278,0.0,5,5.128250000476837,True,2025-11-28,4.967099997997284,True,2025-10-31,11.700668371392696,-36.52872681575735,22.058901351166195,8.940456864216607
2025-11-28,2025-11-21,LITHIUM,GLN.AX,Galan Lithium,7,2,3.0,-4.0,4,0.2649999856948852,15.217382994626693,7,70.96773139147807,3,65.62499476131036,6,184.9462144201739,4,140.9090792098321,7,111.99998855590816,6,109.072955022949,8,20.797714605080685,10,76.6666501098216,2025-11-28,1.932858117334117,15.217382994626693,34.64510451445189,0.0,2025-11-28,2011-06-08,0.2649999856948852,2.1742498874664307,0.0,-87.81188918428877,2025-11-28,0.2300000041723251,-4.347828340440207,0.0,6,0.132064999975264,True,2025-11-28,0.1250399998575448,True,2025-10-31,11.49028965297958,70.83776957481089,60.28452314595452,59.95826265983703
2025-11-28,2025-11-21,LITHIUM,SGML.O,Sigma Lithium,8,18,1.0,-7.0,4,11.3100004196167,14.822334838621853,8,74.26811738805495,2,74.26811738805495,5,113.79963140216988,15,0.0,25,-17.805230875815393,23,10.882359128509943,23,-32.43727255522395,23,-8.048778502165344,2025-11-28,1.3441699891167107,20.38318114471769,42.25297566413116,-15.910776356846355,2025-11-28,2018-07-03,13.449999809265137,42.400001525878906,-15.910776356846355,-73.32547166840638,2025-11-28,9.850000381469728,-1.5014977173866797,0.0,5,7.272525000572204,True,2025-11-28,7.61684999704361,False,2025-10-31,11.095241496974738,74.13815557138777,68.9276457726991,-24.75716595214992
2025-11-28,2025-11-21,LITHIUM,LAR.TO,Lithium Argentina AG,9,4,7.0,-2.0,4,7.71999979019165,12.046443248037608,9,30.847451956030447,8,64.25532135071943,7,213.8211248161948,2,145.0793509989132,6,63.90657595894383,12,125.73098298165432,7,22.34548114418853,9,91.563260254986,2025-11-28,0.6730720539571365,12.046443248037608,43.76492477600062,0.0,2025-11-28,2008-07-16,7.71999979019165,21.016979217529297,0.0,-63.2677954796056,2025-11-28,6.889999866485596,-2.3222039261623584,0.0,6,4.031800005435944,True,2025-11-28,3.770050011873245,True,2025-10-31,8.319349906390494,30.717490139363267,58.91484973536358,74.85487280500143
2025-11-28,2025-11-21,LITHIUM,ALB,Albermale,10,12,13.0,3.0,4,129.99000549316406,11.273759487026735,10,32.33228245022622,6,53.07349069244394,10,123.9276609846624,13,68.75244392201797,18,20.69638735053434,19,47.71591533314099,14,1.7454628362918445,14,52.51671990294386,2025-11-28,0.8207697321189426,11.656079314248348,51.01113918505588,0.0,2025-11-28,1994-02-22,129.99000549316406,325.3800048828125,0.0,-60.049786851536645,2025-11-28,116.81999969482422,-0.8046588288494139,0.0,5,76.71924991607666,True,2025-11-28,74.23509994506836,True,2025-10-31,7.546666145379621,32.20232063355904,47.733019077088095,35.80833245295929
2025-11-28,2025-11-21,LITHIUM,ABAT.O,American Battery Technology,11,5,21.0,10.0,4,3.740000009536743,10.979232538350026,11,-27.09551800966501,24,48.41269991445314,13,174.9999978086528,5,274.0000009536743,2,300.7715390759799,1,243.119256422783,3,169.06475165660177,2,75.58684547387537,2025-11-28,0.376046633118089,6.552707113914558,-3.4187622291919566,-66.99029095568268,2025-11-28,2016-02-24,11.329999923706056,61.125,-66.99029095568268,-93.881390577445,2025-11-28,3.369999885559082,0.0,0.0,5,2.477110498845577,True,2025-11-28,2.2570355001091955,True,2025-10-31,7.252139196702911,-27.22547982633219,43.0722282990973,58.8784580238908
2025-11-28,2025-11-21,LITHIUM,PMET.TO,PMET Resources Inc,12,15,2.0,-10.0,4,5.079999923706056,10.917030749542224,12,34.748009268095444,5,26.99999809265139,23,131.96346077513695,11,107.346931625932,12,104.83870502565216,7,18.96955377980556,20,-37.51537697173334,25,39.944897067543536,2025-11-28,1.0593514695961803,10.917030749542224,42.94945606967527,0.0,2025-11-28,2010-03-15,5.079999923706056,493.5,0.0,-98.9706180499076,2025-11-28,4.579999923706056,-0.6550160146491235,0.0,6,3.132999997735024,True,2025-11-28,3.040749997496605,True,2025-10-31,7.189937407895108,34.61804745142827,21.659526477295543,23.23650961755896
2025-11-28,2025-11-21,LITHIUM,SLI,Standard Lithium,13,6,4.0,-9.0,4,4.190000057220459,10.846563199309925,13,10.846563199309925,14,42.51700597522361,16,130.21977672886703,12,222.3077085314424,4,134.0782204756544,5,258.1196761460471,2,142.19653242919864,3,168.5897571095353,2025-11-28,0.4018186188000056,9.114587262350526,20.30276418259175,-22.26344784768175,2025-11-28,2017-06-20,5.389999866485596,12.369999885559082,-22.26344784768175,-66.12772759915767,2025-11-28,3.7799999713897705,0.0,0.0,5,2.433949996829033,True,2025-11-28,2.239449996352196,True,2025-10-31,7.119469857662809,10.716601382642745,37.176534359867766,151.88136965955073
2025-11-28,2025-11-21,LITHIUM,SQM,Sociedad Quimica y Minera ADR,14,13,9.0,-5.0,4,64.31999969482422,8.028214151488712,14,31.292095307470905,7,40.80560259439498,18,105.29843552969838,18,67.6309655598543,19,67.23869273515388,11,72.90322143999283,11,29.651277773625505,8,78.41886562011683,2025-11-28,1.182482842276415,6.278914752673415,26.76187270237362,0.0,2025-11-28,1993-09-21,64.31999969482422,113.5199966430664,0.0,-43.34037914301439,2025-11-28,59.540000915527344,-1.7299337893115996,0.0,5,40.87335000991821,True,2025-11-28,39.32784999847412,True,2025-10-31,4.301120809841597,31.16213349080372,35.46513097903914,61.71047817013226
2025-11-28,2025-11-21,LITHIUM,LI.V,American Lithium,15,20,5.0,-10.0,4,0.7300000190734863,7.352942852206712,15,2.8169072021973607,15,50.515463410737446,11,108.57143757294652,16,75.90362259085026,16,-23.15789176486532,24,40.38462420187088,16,-24.74226829463128,21,23.728822291976503,2025-11-28,0.8608892637809206,7.352942852206712,-15.652311182158382,-37.60683368805739,2025-11-28,1985-02-11,1.1699999570846558,1050.0,-37.60683368805739,-99.93047618865968,2025-11-28,0.6800000071525573,-3.9999961853027455,-2.666664123535156,6,0.4804749998450279,True,2025-11-28,0.467374999076128,True,2025-10-31,3.625849510559598,2.6869453855301817,45.1749917953816,7.0204348419919285
2025-11-28,2025-11-21,LITHIUM,VULG.DE,Vulcan Energy Resources,16,22,22.0,6.0,4,2.839760065078736,7.133832279503172,16,-9.00803714845402,22,48.85966446008708,12,46.16714311923342,22,47.56523227447782,22,-26.473125023535,25,47.18129465181595,15,13.435855423871493,11,1.860768531679824,2025-11-28,0.2320787144968095,7.133832279503172,-33.61895023723031,-19.15197666306415,2025-11-28,2022-02-15,3.5124669075012207,6.09117603302002,-19.15197666306415,-53.379116780002576,2025-11-28,2.6506659984588623,-2.359019702614651,-2.359019702614651,6,2.2067543870210646,True,2025-11-28,2.141818103194237,True,2025-10-31,3.406738937856057,-9.1379989651212,43.51919284473123,-14.84761891830475
2025-11-28,2025-11-21,LITHIUM,LIT,Global X Lithium & Battery Tech ETF,17,19,20.0,3.0,4,63.459999084472656,5.257916936154672,17,1.8292673222575664,17,35.772350889128845,19,71.93172404990425,20,55.76827803130542,20,41.96867561820498,16,72.86843003849197,12,44.12900486908906,7,58.17547550839733,2025-11-28,0.6635631736201321,3.489888128341057,-5.853438605039941,-0.4861241509576897,2025-11-28,2010-07-23,63.77000045776367,96.30999755859376,-0.4861241509576897,-34.10860690151674,2025-11-28,60.290000915527344,0.0,0.0,5,45.35739994049072,True,2025-11-28,43.379449939727785,True,2025-10-31,1.5308235945075577,1.6993055055903872,30.431879273773,41.46708805841276
2025-11-28,2025-11-21,LITHIUM,IGO.AX,IGO Limited,18,21,18.0,0.0,4,6.769999980926514,4.636788260637292,18,26.07076583245913,11,32.74510014749228,21,65.12195459509952,21,70.10050121815121,17,40.16563328911808,17,28.95238058907645,18,-6.877579110203492,16,39.30040730330051,2025-11-28,0.684160212197268,4.636788260637292,11.310028493392576,-2.1676314120471,2025-11-28,2002-01-17,6.920000076293944,16.393840789794922,-2.1676314120471,-58.7040031208501,2025-11-28,6.46999979019165,-3.400305986488039,0.0,6,4.661849994659423,True,2025-11-28,4.552599999904633,True,2025-10-31,0.9096949189901782,25.94080401579195,27.404628532136435,22.592019853315936
2025-11-28,2025-11-21,LITHIUM,PLS.AX,Pilbara Minerals,19,9,12.0,-7.0,4,4.050000190734863,3.846156197421813,19,22.727280280478503,12,76.08696846520317,4,206.81818407593343,3,113.15790745029835,11,69.45606748821649,10,35.00000635782878,17,4.113112635369176,13,83.25792401934449,2025-11-28,0.8116359877730267,3.846156197421813,3.5523792596220107,-3.3412855506848915,2025-11-28,2007-09-19,4.190000057220459,5.5,-3.3412855506848915,-26.36363289572976,2025-11-28,3.900000095367432,-3.589746191813503,0.0,6,2.053250005841256,True,2025-11-28,1.9197000008821488,True,2025-10-31,0.1190628557746986,22.597318463811323,70.74649684984732,66.54953656935992
2025-11-28,2025-11-21,LITHIUM,INR.AX,Ioneer Ltd,20,24,16.0,-4.0,4,0.1700000017881393,3.030300019967536,20,-8.108108325802199,21,47.82608582977994,14,30.76923694130957,23,17.241383917124885,24,-17.073169136104084,22,13.33333002196433,21,-19.047615668670822,20,9.6774196649565,2025-11-28,0.5178017633784021,3.030300019967536,-9.77267029813648,-37.0370388766865,2025-11-28,2007-12-19,0.270000010728836,0.8500000238418579,-37.0370388766865,-80.00000035061555,2025-11-28,0.1650000065565109,-3.030309050973967,-2.8571401810159047,6,0.1431050001457333,True,2025-11-28,0.1438300000503659,True,2025-10-31,-0.6967933216795785,-8.238070142469379,42.485614214424096,-7.030967785028075
2025-11-28,2025-11-21,LITHIUM,CXO.AX,Core Lithium,21,1,8.0,-13.0,4,0.2249999940395355,2.272725117600638,21,79.99999523162839,1,104.54545023520136,2,149.9999834431551,7,158.62069024578526,5,149.9999834431551,3,134.3749917539148,5,60.71428077257417,5,139.3617039827161,2025-11-28,1.3578896579972686,2.272725117600638,25.559770133271364,-11.764706569834448,2025-11-28,2011-02-11,0.2549999952316284,1.8650000095367432,-11.764706569834448,-87.93565721774851,2025-11-28,0.2199999988079071,-9.090907243657709,0.0,6,0.1046399995684623,True,2025-11-28,0.0949099996685981,True,2025-10-31,-1.454368224046476,79.87003341496121,99.20497861984552,122.65331653273154
2025-11-28,2025-11-21,LITHIUM,ATLX.O,Atlas Lithium,22,26,6.0,-16.0,4,4.929999828338623,1.232031708203074,22,-7.850468855714688,20,-9.541284387615956,26,23.249995708465576,24,-5.736141293322772,26,-30.465448205397504,26,-51.80840616869763,26,-67.92452917992136,26,-29.26829301664777,2025-11-28,0.4932994171991103,-0.2024337806883047,5.084033116173211,-37.83102225651014,2025-11-28,2013-02-28,7.929999828338623,412500.0,-37.83102225651014,-99.99880484852646,2025-11-28,4.869999885559082,-5.544147582572634,-3.1434247436695872,5,4.86967501282692,True,2025-11-28,5.013925014734268,True,2025-10-31,-2.49506163344404,-7.980430672381867,-14.881756002971802,-45.976680466632345
2025-11-28,2025-11-21,LITHIUM,MIN.AX,Mineral Resources,23,22,17.0,-6.0,4,49.08000183105469,0.4914039265294212,23,1.4049592639210795,18,33.11636358256265,20,118.61915440143834,14,116.11626512399025,10,47.387396262856704,14,11.090994775988872,22,-34.55126919697238,24,41.318751736137614,2025-11-28,0.5973097224918421,0.4914039265294212,-25.30108531131826,-4.196755280876174,2025-11-28,2006-07-28,51.22999954223633,96.27999877929688,-4.196755280876174,-49.02367838250494,2025-11-28,48.84000015258789,-3.173626601592905,0.0,6,30.92095001220703,True,2025-11-28,29.612099981307985,True,2025-10-31,-3.235689415117693,1.2749974472539003,27.775891967206803,24.61036428615304
2025-11-28,2025-11-21,LITHIUM,DLI.AX,Delta Lithium,24,25,10.0,-14.0,4,0.2199999988079071,-2.222220161814681,24,27.536231633670937,10,25.71428717399136,24,15.789474509759629,25,33.333327312662405,23,18.918916741977988,21,-2.222220161814681,25,-25.423725902674487,22,29.411762643437967,2025-11-28,0.7604410977151248,-2.222220161814681,47.21449208187863,-13.725489050275929,2025-11-28,2017-11-03,0.2549999952316284,0.9354239702224731,-13.725489050275929,-76.4812527996707,2025-11-28,0.2249999940395355,-8.88888726999727,-2.222220161814681,6,0.1751250011473894,True,2025-11-28,0.1724625013768673,True,2025-10-31,-5.949313503461795,27.40626981700376,20.37381555863552,12.703375193453391
2025-11-28,2025-11-21,LITHIUM,LTR.AX,Liontown Resources,25,10,14.0,-11.0,4,1.434999942779541,-2.380958173434755,25,22.127659660812537,13,62.14688793707042,9,137.19006570894646,10,124.2187460709828,8,93.91890868729637,9,86.36363354877705,10,4.744521006199487,12,151.7543790853364,2025-11-28,0.8489608480188193,-2.380958173434755,4.866333088146662,-10.591904939171323,2025-11-28,2006-12-27,1.6050000190734863,3.150000095367432,-10.591904939171323,-54.4444476401784,2025-11-28,1.4700000286102295,-6.462586854508068,-2.7118698586953704,6,0.8235499988496303,True,2025-11-28,0.7556999985873699,True,2025-10-31,-6.108051515081869,21.99769784414536,56.80641632171457,135.04599163535184
2025-11-28,2025-11-21,LITHIUM,1772.HK,Ganfeng Lithium,26,8,23.0,-3.0,4,48.97999954223633,-3.7721059451568006,26,-4.522416626369452,19,62.832445699692926,8,157.78947127492808,6,124.16475371677645,9,98.29958716328156,8,162.48660205122775,4,105.36687110617984,4,145.39079052533123,2025-11-28,1.2881330295250002,-3.7721059451568006,-0.3956613696507806,-21.819635515884062,2025-11-28,2018-10-11,62.650001525878906,128.0000457763672,-21.819635515884062,-61.73438904247676,2025-11-28,50.900001525878906,-5.776036057506751,-3.7721059451568006,6,29.84654999732972,True,2025-11-28,26.577799978256227,True,2025-10-31,-7.499199286803915,-4.652378443036631,57.49197408433708,128.68240307534666
2025-12-05,2025-11-28,LITHIUM,CRML.O,Critical Metals,1,6,6.0,5.0,4,10.100000381469728,22.72176115729487,1,-6.307971877046059,21,73.8382182605982,4,611.2676539938515,1,326.1603742266486,1,33.42140227789581,17,30.15464025218295,21,-1.7509664997767294,18,54.19847461617524,2025-12-05,0.4762745731801334,22.72176115729487,-4.437394620629051,-66.29963092134868,2025-12-05,2022-02-07,29.96999931335449,29.96999931335449,-66.29963092134868,-66.29963092134868,2025-12-05,8.229999542236328,-9.295254340203352,0.0,6,5.260424997806549,True,2025-12-05,5.03912499666214,True,2025-11-07,22.41062407076364,-8.412360501561334,67.83806548201684,37.12696408974121
2025-12-05,2025-11-28,LITHIUM,EMH.AX,European Metals Holdings,2,1,1.0,-1.0,4,0.4300000071525573,13.157898039038528,2,91.11111935274124,1,152.9411780174216,1,126.31579607807706,10,309.5238291217093,2,207.14286094417383,2,138.8888833699406,6,13.157898039038528,10,186.6666600439288,2025-12-05,4.805024489954673,13.157898039038528,59.596222375851646,-1.1494241848790665,2025-12-05,2012-07-19,0.4350000023841857,2.150000095367432,-1.1494241848790665,-80.00000055446179,2025-12-05,0.3799999952316284,-4.651165208409013,-1.1494241848790665,6,0.1999999996647238,True,2025-12-05,0.1871499997749924,True,2025-11-06,12.846760952507296,89.00673072822595,146.94102523884027,169.59514951749472
2025-12-05,2025-11-28,LITHIUM,ABAT.O,American Battery Technology,3,2,11.0,8.0,4,4.150000095367432,10.962569111904186,3,-6.320535977903175,22,72.91666376921874,5,186.2068937167828,2,306.86276205591616,3,366.292153041692,1,295.23812226968136,2,182.312926163065,3,94.83567476036136,2025-12-05,0.3854487452184975,10.962569111904186,11.023264967745126,-63.37157878806091,2025-12-05,2016-02-24,11.329999923706056,61.125,-63.37157878806091,-93.21063379080992,2025-12-05,3.740000009536743,-9.625665619728618,-0.9546530144813992,6,2.5417605003714563,True,2025-12-05,2.31238549977541,True,2025-11-07,10.651432025372952,-8.42492460241845,66.91651099063739,77.76416423392735
2025-12-05,2025-11-28,LITHIUM,SLI,Standard Lithium,4,2,13.0,9.0,4,4.559999942779541,8.830546074133716,4,36.93693835598,8,48.5342033204176,12,171.42857649699374,4,232.84670999329728,4,181.4814771208308,4,286.44069029455505,3,198.0392175195585,2,192.30769936149667,2025-12-05,0.6190763767177615,8.830546074133716,46.53306834417096,-15.398885793428295,2025-12-05,2017-06-20,5.389999866485596,12.369999885559082,-15.398885793428295,-63.1366209784452,2025-12-05,4.190000057220459,-3.389827426361236,-3.389827426361236,6,2.509399992823601,True,2025-12-05,2.281999995708466,True,2025-11-07,8.519408987602484,34.832549731464724,42.53405054183626,175.23618883506265
2025-12-05,2025-11-28,LITHIUM,INR.AX,Ioneer Ltd,5,22,20.0,15.0,4,0.1800000071525573,5.882356034843106,5,12.50000698491942,17,24.137939539307453,23,50.00000931322599,22,24.137939539307453,23,0.0,22,24.137939539307453,22,0.0,17,16.129035979478257,2025-12-05,0.3522825537072219,5.882356034843106,6.351890677443277,-33.33333333333335,2025-12-05,2007-12-19,0.270000010728836,0.8500000238418579,-33.33333333333335,-78.82352916427139,2025-12-05,0.1700000017881393,0.0,0.0,6,0.1432800002023577,True,2025-12-05,0.1431800001487135,True,2025-11-07,5.5712189483118735,10.395618360404146,18.137786760726108,-0.9424745469557756
2025-12-05,2025-11-28,LITHIUM,LTBR.O,Lightbridge,6,12,5.0,-1.0,4,17.139999389648438,5.41204888302218,6,-8.586669921875,23,20.44975362630817,25,16.67801143123797,25,67.87462610782909,18,200.438205413928,3,629.3617057541261,1,580.158711086445,1,236.07842568936863,2025-12-05,0.4581799119494735,5.41204888302218,2.545944083176032,-38.16738883759277,2025-12-05,2000-11-10,27.71999931335449,4050.0,-38.16738883759277,-99.5767901385272,2025-12-05,16.260000228881836,-6.703567879733352,-3.6537464442263023,6,14.38792500257492,True,2025-12-05,13.791225011348724,True,2025-11-07,5.100911796490948,-10.691058546390272,14.44960084772682,219.00691516293463
2025-12-05,2025-11-28,LITHIUM,IGO.AX,IGO Limited,7,16,18.0,11.0,4,6.929999828338623,2.363365551889008,7,38.87775844097368,7,42.886597208369096,15,59.67740978548921,21,75.88831796178985,14,39.71773740001081,16,31.49904845199385,18,1.612898151151354,16,42.59258514314779,2025-12-05,0.6842205761562834,2.363365551889008,19.03153920015996,0.0,2025-12-05,2002-01-17,6.929999828338623,16.393840789794922,0.0,-57.72802775629911,2025-12-05,6.769999980926514,-4.431317453176808,0.0,6,4.715199992656708,True,2025-12-05,4.546349997520447,True,2025-11-07,2.052228465357775,36.773369816458406,36.88644442978775,25.521074616713754
2025-12-05,2025-11-28,LITHIUM,MIN.AX,Mineral Resources,8,15,23.0,15.0,4,50.150001525878906,2.1801133963022634,8,17.833646399624126,15,35.1752118288112,19,116.2570089303229,12,137.90323390599943,6,45.70018650124637,14,55.74534266346658,14,-27.893602695375563,23,44.39966077422428,2025-12-05,0.6231439887580384,2.1801133963022634,-3.59041428232579,-2.108135908662312,2025-12-05,2006-07-28,51.22999954223633,96.27999877929688,-2.108135908662312,-47.912336765979816,2025-12-05,49.08000183105469,-3.871233608383273,0.0,6,31.45220000267029,True,2025-12-05,29.825800008773804,True,2025-11-07,1.868976309771031,15.729257775108852,29.17505905022985,27.328150247790248
2025-12-05,2025-11-28,LITHIUM,AVL.TO,Avalon Advanced Materials,9,19,2.0,-7.0,4,10.799999237060549,0.0,9,-14.28571644824116,26,49.99999337726153,11,166.66663526998286,6,71.42856710351768,15,19.999991522894977,21,4.347814869615685,24,-7.692305184288195,19,49.99999337726153,2025-12-05,0.176863814972006,0.0,-40.37700581710546,-55.55556078833619,2025-12-05,1984-05-31,24.30000114440918,7740.0,-55.55556078833619,-99.86046512613616,2025-12-05,10.799999237060549,-7.692305184288195,-7.692305184288195,6,7.463249754905701,True,2025-12-05,7.0312497687339786,True,2025-11-07,-0.3111370865312324,-16.390105072756434,43.99984059868019,32.9284828508275
2025-12-05,2025-11-28,LITHIUM,LIT,Global X Lithium & Battery Tech ETF,10,18,17.0,7.0,4,62.84999847412109,-0.9612363995460949,10,3.2189178914753924,19,24.30774677020169,22,69.13347344509768,20,53.96864023516925,20,45.01614733005077,15,71.06694502672622,11,42.58166030710733,7,56.655035262655495,2025-12-05,0.470241855928144,-0.9612363995460949,6.574672186775704,-1.4426877482177858,2025-12-05,2010-07-23,63.77000045776367,96.30999755859376,-1.4426877482177858,-34.74197895614736,2025-12-05,63.459999084472656,-1.9382281121672509,-0.9612363995460949,6,45.86679992675781,True,2025-12-05,43.84764991760254,True,2025-11-07,-1.2723734860773273,1.114529266960118,18.307593991620344,39.58352473622146
2025-12-05,2025-11-28,LITHIUM,1772.HK,Ganfeng Lithium,11,6,26.0,15.0,4,47.91999816894531,-2.164151456099872,11,-9.07021351953301,24,36.9925637394154,18,139.83983617039516,8,107.44587609351557,9,108.34781812584916,6,186.9460837109008,4,125.50587373621325,4,140.08016215904232,2025-12-05,0.4790960324497189,-2.164151456099872,-15.21266987959485,-23.51157701225124,2025-12-05,2018-10-11,62.650001525878906,128.0000457763672,-23.51157701225124,-62.5625148191995,2025-12-05,48.97999954223633,-3.1849762921002056,-2.164151456099872,6,30.51229998588562,True,2025-12-05,27.313949985504152,True,2025-11-07,-2.4752885426311044,-11.174602144048285,30.99241096083405,123.00865163260828
2025-12-05,2025-11-28,LITHIUM,ELV.AX,Elevra Lithium,12,11,4.0,-8.0,4,5.619999885559082,-2.768171599332392,12,46.73629236318506,5,56.1111120677289,8,120.39215649608832,11,78.41268937814228,13,24.88888634575739,18,56.1111120677289,13,-8.617889456742923,20,33.8095271614405,2025-12-05,0.6786945242060969,-2.768171599332392,33.50523553780326,-4.421772513971412,2025-12-05,2004-03-30,5.880000114440918,256.91192626953125,-4.421772513971412,-97.8124799548375,2025-12-05,5.78000020980835,-4.421772513971412,-4.421772513971412,6,3.3493000078201294,True,2025-12-05,3.1662500059604644,True,2025-11-07,-3.0793086858636243,44.63190373866978,50.11095928914755,16.738016635006467
2025-12-05,2025-11-28,LITHIUM,ALB,Albermale,13,14,10.0,-3.0,4,125.19000244140624,-3.692593929469634,13,28.82280515360181,12,53.53201010029274,9,113.48909233362936,13,68.69694648413005,16,23.827897458822967,19,51.56174909691889,15,5.512010814513868,13,46.88489676238154,2025-12-05,1.034963261757563,-3.692593929469634,44.935470832525255,-3.692593929469634,2025-12-05,1994-02-22,129.99000549316406,325.3800048828125,-3.692593929469634,-61.524985997066985,2025-12-05,129.99000549316406,-8.346800250028608,-3.692593929469634,6,77.80459991455078,True,2025-12-05,74.23244991302491,True,2025-11-07,-4.003731016000867,26.71841652908653,47.53185732171139,29.81338623594751
2025-12-05,2025-11-28,LITHIUM,CXO.AX,Core Lithium,14,4,21.0,7.0,4,0.2150000035762786,-4.444440323629417,14,48.27586880195174,4,104.76191456085462,2,138.88888336994066,9,155.9523886606065,5,141.57303351974306,5,152.9411780174217,5,72.00000286102288,5,128.7234158915818,2025-12-05,1.1777881327333375,-4.444440323629417,14.627795830850786,-15.686271530717466,2025-12-05,2011-02-11,0.2549999952316284,1.8650000095367432,-15.686271530717466,-88.47184973314378,2025-12-05,0.2249999940395355,-10.869567611717745,-6.5217392712775375,6,0.1078849996253847,True,2025-12-05,0.0959549997001886,True,2025-11-07,-4.755577410160649,46.171480177436464,98.76176178227328,111.65190536514775
2025-12-05,2025-11-28,LITHIUM,DLI.AX,Delta Lithium,15,24,24.0,9.0,4,0.209999993443489,-4.545457008456443,15,25.373127291053454,14,23.5294066085948,24,19.999998297010112,24,23.5294066085948,24,19.999998297010112,20,7.692308280124704,23,-14.285718630076072,21,23.5294066085948,2025-12-05,0.3382005877678298,-4.545457008456443,45.61673212559169,-17.64705985475169,2025-12-05,2017-11-03,0.2549999952316284,0.9354239702224731,-17.64705985475169,-77.55028734258921,2025-12-05,0.2199999988079071,-4.545457008456443,-4.545457008456443,6,0.1761250011622905,True,2025-12-05,0.1724750012904405,False,2025-11-07,-4.856594094987676,23.26873866653818,17.529253830013445,6.457896082160762
2025-12-05,2025-11-28,LITHIUM,SQM,Sociedad Quimica y Minera ADR,16,17,14.0,-2.0,4,61.2599983215332,-4.757464844231418,16,25.45565436078552,13,33.580456838689045,20,89.65944200780159,18,53.41847696803701,21,61.16811635539732,11,71.02177231560644,12,30.813572338810925,8,69.9306508127633,2025-12-05,1.0531521786756577,-4.757464844231418,23.687330617858738,-4.831449887135452,2025-12-05,1993-09-21,64.37000274658203,113.5199966430664,-4.831449887135452,-46.035940686160295,2025-12-05,64.31999969482422,-5.7480261298158535,-4.831449887135452,6,41.45915000915527,True,2025-12-05,39.52680000305176,True,2025-11-07,-5.06860193076265,23.351265736270243,27.5803040601077,52.85914028632927
2025-12-05,2025-11-28,LITHIUM,PLS.AX,Pilbara Minerals,17,8,19.0,2.0,4,3.799999952316284,-6.172845102341018,17,29.692828182149512,10,58.995806925650406,6,181.48147297821268,3,100.52770398754136,10,64.50216651277832,10,47.28682421268269,16,2.4258736723427043,14,71.94569623186456,2025-12-05,0.6727032943103447,-6.172845102341018,18.29139253704124,-9.307878271555223,2025-12-05,2007-09-19,4.190000057220459,5.5,-9.307878271555223,-30.90909177606757,2025-12-05,4.050000190734863,-7.901238434344703,-6.172845102341018,6,2.0981500083208084,True,2025-12-05,1.9354000014066697,True,2025-11-07,-6.48398218887225,27.58843955763424,52.99565414706906,54.87418570543053
2025-12-05,2025-11-28,LITHIUM,LAC.TO,Lithium Americas,18,10,3.0,-15.0,4,7.360000133514403,-6.717360480859758,18,7.60233873284013,18,83.54113998558785,3,99.45799510524724,16,79.07542322196883,12,48.387098324782606,13,135.89744882941056,7,69.97691139021927,6,66.89343283840303,2025-12-05,0.405833108763194,-6.717360480859758,6.18783016215512,-47.838410257994255,2025-12-05,2023-10-04,14.109999656677246,16.010000228881836,-47.838410257994255,-54.028731865743154,2025-12-05,7.889999866485595,-7.097591283344062,-6.717360480859758,6,5.13075001835823,True,2025-12-05,4.85665001988411,True,2025-11-07,-7.02849756739099,5.497950108324856,77.5409872070065,49.821922311969
2025-12-05,2025-11-28,LITHIUM,LI.V,American Lithium,19,21,15.0,-4.0,4,0.6800000071525573,-6.849316522537752,19,13.333330021964285,16,56.32183986794352,7,94.28571963796816,17,61.90476866265835,19,-18.072286647503656,24,30.7692369413096,20,-23.595503586257514,22,15.25424362359078,2025-12-05,0.6053391195203478,-6.849316522537752,-6.580134253663621,-41.88033913719574,2025-12-05,1985-02-11,1.1699999570846558,1050.0,-41.88033913719574,-99.9352380945569,2025-12-05,0.7300000190734863,-6.849316522537752,-6.849316522537752,6,0.4868500003218651,True,2025-12-05,0.4684749995172024,True,2025-11-07,-7.160453609068984,11.22894139744901,50.32168708936218,-1.8172669028432529
2025-12-05,2025-11-28,LITHIUM,ATLX.O,Atlas Lithium,20,26,22.0,2.0,4,4.590000152587891,-6.8965453872096845,20,2.000003390842009,20,-8.383234672779317,26,-6.326529321348828,26,-15.624998082571196,25,-36.07241974475132,26,-52.533607896857205,26,-66.71500967886072,26,-34.14633729190282,2025-12-05,0.74616405897666,-6.8965453872096845,14.313223434555294,-42.118534023354194,2025-12-05,2013-02-28,7.929999828338623,412500.0,-42.118534023354194,-99.99888727269028,2025-12-05,4.929999828338623,-13.721804427038498,-13.721804427038498,6,4.849125014543533,False,2025-12-05,4.95922501206398,False,2025-11-07,-7.207682473740917,-0.1043852336732653,-14.383387451360663,-51.21784781833685
2025-12-05,2025-11-28,LITHIUM,LTR.AX,Liontown Resources,21,12,25.0,4.0,4,1.3200000524520874,-8.01392995909833,21,29.41177226817884,11,41.93548841936241,16,104.65117697460494,15,100.0,11,103.07693859529272,7,111.200008392334,9,9.09090998654607,12,131.5789594764746,2025-12-05,0.9180194723971477,-8.01392995909833,9.420533571480398,-17.757007055110197,2025-12-05,2006-12-27,1.6050000190734863,3.150000095367432,-17.757007055110197,-58.09523769877487,2025-12-05,1.434999942779541,-12.195119114591446,-8.01392995909833,6,0.8408999992907047,True,2025-12-05,0.7663249982893467,True,2025-11-07,-8.325067045629563,27.307383643663563,35.93533564078106,114.50744895004058
2025-12-05,2025-11-28,LITHIUM,LAR.TO,Lithium Argentina AG,22,9,9.0,-13.0,4,7.099999904632568,-8.031086818769072,22,30.036627381456626,9,45.19427604269615,14,168.93937964030044,5,111.94030169416686,8,59.55056649328368,12,113.85542311435142,8,26.78571474187228,9,76.17864851104352,2025-12-05,0.655177442355603,-8.031086818769072,27.066147640029985,-8.031086818769072,2025-12-05,2008-07-16,7.71999979019165,21.016979217529297,-8.031086818769072,-66.2177907150863,2025-12-05,7.71999979019165,-8.031086818769072,-8.031086818769072,6,4.123800002336502,True,2025-12-05,3.800100010633469,True,2025-11-07,-8.342223905300305,27.932238756941352,39.1941232641148,59.10713798460949
2025-12-05,2025-11-28,LITHIUM,PMET.TO,PMET Resources Inc,23,20,12.0,-11.0,4,4.670000076293944,-8.070863259245886,23,46.39498409172611,6,24.86631188197233,21,107.55555894639754,14,67.98561598399333,17,73.60594709872954,9,30.81232951318196,19,-34.77653385730368,24,28.6501357869297,2025-12-05,0.5878907060490173,-8.070863259245886,39.30697288112574,-8.070863259245886,2025-12-05,2010-03-15,5.079999923706056,493.5,-8.070863259245886,-99.0536980595149,2025-12-05,5.079999923706056,-10.039365348506037,-8.070863259245886,6,3.1834999972581866,True,2025-12-05,3.0377499967813493,True,2025-11-07,-8.382000345777119,44.29059546721084,18.866159103390977,11.578625260495668
2025-12-05,2025-11-28,LITHIUM,VULG.DE,Vulcan Energy Resources,24,25,16.0,-8.0,4,2.5420000553131104,-10.48539323540948,24,-13.29549653699874,25,39.87691999287883,17,30.27987163512957,23,24.20795002008407,22,-16.351142648562757,23,33.48534482936707,17,1.950538036428795,15,-8.81973360147702,2025-12-05,7.963289397672947,-10.48539323540948,-0.7274267975051797,-27.629209832997493,2025-12-05,2022-02-15,3.5124669075012207,6.09117603302002,-27.629209832997493,-58.26749971544033,2025-12-05,2.839760065078736,-14.756012891986837,-10.695869607297626,6,2.2196850913763044,True,2025-12-05,2.149406972527504,True,2025-11-07,-10.796530321940711,-15.399885161514014,33.87676721429749,-25.89124412791105
2025-12-05,2025-11-28,LITHIUM,GLN.AX,Galan Lithium,25,5,7.0,-18.0,4,0.2349999994039535,-11.320750154859628,25,67.8571417167479,3,51.61290167521733,10,147.36842352927883,7,123.80953022952544,7,95.83333721384425,8,109.587509949889,10,12.104945969830428,11,56.666660043928665,2025-12-05,1.357705372981252,-11.320750154859628,24.027414207636674,-14.545456614376064,2025-12-05,2011-06-08,0.2750000059604644,2.1742498874664307,-14.545456614376064,-89.19167475833287,2025-12-05,0.2649999856948852,-14.545456614376064,-14.545456614376064,6,0.1354399999603629,True,2025-12-05,0.1254399999231099,True,2025-11-07,-11.63188724139086,65.75275309223262,45.61274889663599,39.59514951749463
2025-12-05,2025-11-28,LITHIUM,SGML.O,Sigma Lithium,26,23,8.0,-18.0,4,9.43000030517578,-16.622458396908122,26,77.25563911459228,2,46.65630726171097,13,83.46304572228351,19,-22.704914322914306,26,-22.001652719935937,25,-2.481900405632098,25,-35.89394778571542,25,-23.333332041091747,2025-12-05,0.6669211678676527,-16.622458396908122,46.74429789318767,-27.349763961924744,2025-12-05,2018-07-03,12.979999542236328,42.400001525878906,-27.349763961924744,-77.75943404289698,2025-12-05,11.3100004196167,-18.21335192047102,-18.21335192047102,6,7.24642499923706,True,2025-12-05,7.455874993801117,False,2025-11-07,-16.933595483439355,75.151250490077,40.656154483129626,-40.404842567525776
2025-12-12,2025-12-05,LITHIUM,ELV.AX,Elevra Lithium,1,6,12.0,11.0,4,6.849999904632568,21.886121781497604,1,32.23938478062773,5,156.55429621337728,1,185.41665135158487,4,117.46030784908754,12,42.70832567579246,15,63.09524323123947,13,23.42341746344292,12,63.09524323123947,2025-12-12,0.9728404489125818,21.886121781497604,36.65880940875974,0.0,2025-12-12,2004-03-30,6.849999904632568,256.91192626953125,0.0,-97.33371665375856,2025-12-12,5.619999885559082,0.0,0.0,6,3.429450008869172,True,2025-12-12,3.2004000043869016,True,2025-11-14,22.51184585440178,30.8538966483731,152.86186900034224,46.75627732868188
2025-12-12,2025-12-05,LITHIUM,SGML.O,Sigma Lithium,2,15,26.0,24.0,4,10.93000030517578,15.906680291162932,2,80.36304304257989,2,102.03328305830142,5,113.0604300457596,13,2.677311744070887,25,-10.26272552282962,24,6.947162618356617,23,-19.513988464052044,23,-11.138210278980765,2025-12-12,0.7478500181097928,15.906680291162932,47.08688628627919,-15.793523184572887,2025-12-12,2018-07-03,12.979999542236328,42.400001525878906,-15.793523184572887,-74.2216983211554,2025-12-12,9.43000030517578,-8.688387123245889,-8.688387123245889,6,7.238724999427795,True,2025-12-12,7.331849992275238,False,2025-11-14,16.532404364067112,78.97755491032525,98.34085584526638,-27.47717618153836
2025-12-12,2025-12-05,LITHIUM,GLN.AX,Galan Lithium,3,1,25.0,22.0,4,0.270000010728836,14.893621878151242,3,38.46154904224501,4,100.0,6,178.350518314602,5,145.45455653805394,6,125.00001396983906,7,134.78261376599056,6,42.01183738034884,9,80.00000000000007,2025-12-12,0.7452198982384962,14.893621878151242,17.87251684746626,-1.818180044820528,2025-12-12,2011-06-08,0.2750000059604644,2.1742498874664307,-1.818180044820528,-87.58192366547819,2025-12-12,0.2349999994039535,0.0,0.0,6,0.1387900000065565,True,2025-12-12,0.1266649999842047,True,2025-11-14,15.51934595105542,37.07606090999038,96.30757278696495,63.66103409744248
2025-12-12,2025-12-05,LITHIUM,LTR.AX,Liontown Resources,4,8,21.0,17.0,4,1.4800000190734863,12.121209110876642,4,1.0238897851962525,18,86.16352050365998,7,114.49275712860758,12,144.62809461394716,7,144.62809461394716,6,106.9930172530861,10,29.824564705705203,11,159.6491294114104,2025-12-12,0.932640340261222,12.121209110876642,-25.3638777749001,-7.788161901216572,2025-12-12,2006-12-27,1.6050000190734863,3.150000095367432,-7.788161901216572,-53.015873832827566,2025-12-12,1.3200000524520874,-4.207115845739007,-4.207115845739007,6,0.8625749991834164,True,2025-12-12,0.7825749985873699,True,2025-11-14,12.746933183780818,-0.3615983470583783,82.47109329062494,143.3101635088528
2025-12-12,2025-12-05,LITHIUM,PLS.AX,Pilbara Minerals,5,7,17.0,12.0,4,4.099999904632568,7.894735686336518,5,7.329842311072476,13,107.07070025944276,4,205.9701345152252,2,139.06704517990275,8,73.72881724073521,9,42.36110214282001,15,20.23459828253329,14,85.52035447340134,2025-12-12,0.688206577882541,7.894735686336518,4.094710594357711,-2.3809502184254927,2025-12-12,2007-09-19,4.199999809265137,5.5,-2.3809502184254927,-25.45454718849876,2025-12-12,3.799999952316284,-2.3809502184254927,-2.3809502184254927,6,2.1512750083208085,True,2025-12-12,1.9662500029802323,True,2025-11-14,8.520459759240694,5.944354178817846,103.3782730464077,69.18138857084375
2025-12-12,2025-12-05,LITHIUM,SQM,Sociedad Quimica y Minera ADR,6,11,16.0,10.0,4,65.83000183105469,7.460012462839227,6,20.678281854733083,7,56.85013084674824,14,97.39131886958675,15,59.35608724916934,19,67.46374848967203,10,72.05960459753796,11,48.29917264293986,8,82.60749854157928,2025-12-12,0.7027807910838411,7.460012462839227,16.57581547523317,0.0,2025-12-12,1993-09-21,65.83000183105469,113.5199966430664,0.0,-42.01021513589389,2025-12-12,61.2599983215332,-1.3385565088009366,0.0,6,42.05575000762939,True,2025-12-12,39.85665000915528,True,2025-11-14,8.085736535743404,19.29279372247845,53.15770363371319,66.26853263902169
2025-12-12,2025-12-05,LITHIUM,CXO.AX,Core Lithium,7,3,14.0,7.0,4,0.2300000041723251,6.976744347227304,7,15.00000037252902,10,130.00000074505803,3,150.00000404922864,8,210.81081244351657,4,164.3678284948234,5,130.00000074505803,7,142.10527058783669,5,144.6808638805829,2025-12-12,0.915189740304866,6.976744347227304,5.372248535089727,-9.803918245800226,2025-12-12,2011-02-11,0.2549999952316284,1.8650000095367432,-9.803918245800226,-87.66756016106102,2025-12-12,0.2150000035762786,0.0,0.0,6,0.1112949996814131,True,2025-12-12,0.0980149996653198,True,2025-11-14,7.602468420131481,13.61451224027439,126.307573532023,128.34189797802532
2025-12-12,2025-12-05,LITHIUM,ALB,Albermale,8,13,13.0,5.0,4,132.74000549316406,6.030835453726846,8,15.285744482206365,9,74.70386895034378,11,112.45199498350212,14,82.31013589355187,16,28.49951749435626,19,49.98870677193678,14,17.834002392507653,15,55.74328319249733,2025-12-12,0.758085499043799,6.030835453726846,31.43887749111013,-1.3745381492411668,2025-12-12,1994-02-22,134.58999633789065,325.3800048828125,-1.3745381492411668,-59.20462121175174,2025-12-12,125.19000244140624,-1.3745381492411668,-1.3745381492411668,6,79.10399993896485,True,2025-12-12,74.79304988861084,True,2025-11-14,6.656559526631023,13.900256349951734,71.01144173730873,39.40431728993974
2025-12-12,2025-12-05,LITHIUM,1772.HK,Ganfeng Lithium,9,10,11.0,2.0,4,50.5,5.383977315605715,9,-12.173913043478258,24,49.49674903763022,16,134.88372093023258,9,127.99097458111306,11,123.45132366195064,8,211.34403290893843,4,158.7090103264556,4,153.00602362895455,2025-12-12,0.7409155291155436,5.383977315605715,-24.02136644864513,-19.393457669526303,2025-12-12,2018-10-11,62.650001525878906,128.0000457763672,-19.393457669526303,-60.54688910953197,2025-12-12,47.91999816894531,-3.063414038681412,-2.226527573871817,6,31.229449996948244,True,2025-12-12,28.18469997406006,True,2025-11-14,6.009701388509892,-13.559401175732887,45.80432182459517,136.66705772639696
2025-12-12,2025-12-05,LITHIUM,MIN.AX,Mineral Resources,10,14,8.0,-2.0,4,52.02999877929688,3.748748147989267,10,2.5423670834791023,17,38.93190312237809,18,119.53585276106011,11,146.4708539789587,5,40.96450553885576,16,36.84902196962592,16,-18.880574876191822,22,49.81284038320082,2025-12-12,0.5915906614294631,3.748748147989267,-5.21743165619647,0.0,2025-12-12,2006-07-28,52.02999877929688,96.27999877929688,0.0,-45.9597014551636,2025-12-12,50.150001525878906,-2.856034944315944,0.0,6,32.130000009536744,True,2025-12-12,30.168800001144408,True,2025-11-14,4.374472220893444,1.1568789512244717,35.23947590934304,33.47387448064323
2025-12-12,2025-12-05,LITHIUM,LAR.TO,Lithium Argentina AG,11,8,22.0,11.0,4,7.300000190734862,2.816905475897236,11,16.987186834892356,8,75.05995340946568,10,166.4233636980566,6,130.28391214644105,10,64.04495513765805,11,107.97721397632807,9,30.590339740068284,10,81.14143450831286,2025-12-12,0.8125962383510545,2.816905475897236,12.726664790627645,-5.440409467243801,2025-12-12,2008-07-16,7.71999979019165,21.016979217529297,-5.440409467243801,-65.26617781186049,2025-12-12,7.099999904632568,-4.672896065794097,-2.5367100959862388,6,4.223999999761581,True,2025-12-12,3.85170000910759,True,2025-11-14,3.4426295488014125,15.601698702637725,71.36752619643063,64.80246860575527
2025-12-12,2025-12-05,LITHIUM,IGO.AX,IGO Limited,12,18,7.0,-5.0,4,7.119999885559082,2.7417036353088786,12,5.794945993763712,15,64.05529113434503,12,68.32150953792674,21,86.38743481639057,15,39.062500873114935,17,29.927004758713,17,9.707244016317972,16,46.50205123369837,2025-12-12,0.7304574402703492,2.7417036353088786,-10.342981550466297,0.0,2025-12-12,2002-01-17,7.119999885559082,16.393840789794922,0.0,-56.56905555657681,2025-12-12,6.929999828338623,-1.690139255928513,0.0,6,4.788549995422363,True,2025-12-12,4.57224999666214,True,2025-11-14,3.3674277082130555,4.409457861509081,60.36286392130998,30.163085331140785
2025-12-12,2025-12-05,LITHIUM,LIT,Global X Lithium & Battery Tech ETF,13,19,10.0,-3.0,4,63.869998931884766,1.622912462255144,13,0.156811154780101,20,27.71445925920728,23,69.867025329388,20,59.03884256613245,20,43.81895778278562,14,69.50636521919427,12,50.814642817316646,7,59.19740935268332,2025-12-12,0.5611309876686664,1.622912462255144,-7.367709022036313,-2.069920673950898,2025-12-12,2010-07-23,65.22000122070312,96.30999755859376,-2.069920673950898,-33.68289840000559,2025-12-12,62.84999847412109,-2.069920673950898,-2.069920673950898,6,46.42609992980957,True,2025-12-12,44.39174991607666,True,2025-11-14,2.2486365351593207,-1.22867697747453,24.02203204617224,42.858443450125726
2025-12-12,2025-12-05,LITHIUM,SLI,Standard Lithium,14,3,4.0,-10.0,4,4.619999885559082,1.31578823536056,14,41.71778831516391,3,59.31033564237607,13,165.51723334697618,7,249.9999774224839,3,196.15384968074835,3,288.23526583269586,3,220.8333126372769,3,196.15384968074835,2025-12-12,0.4697156929891988,1.31578823536056,54.73213972175057,-14.28571428571429,2025-12-12,2017-06-20,5.389999866485596,12.369999885559082,-14.28571428571429,-62.6515769741232,2025-12-12,4.559999942779541,-4.742268527753934,-4.742268527753934,6,2.594849992990494,True,2025-12-12,2.3261499959230423,True,2025-11-14,1.9415123082647368,40.33230018290928,55.61790842934102,179.81488377819076
2025-12-12,2025-12-05,LITHIUM,INR.AX,Ioneer Ltd,15,21,5.0,-10.0,4,0.1800000071525573,0.0,15,5.882356034843106,14,50.00000931322599,15,63.63637102536923,22,16.129035979478257,23,5.882356034843106,23,9.090909090909062,22,9.090909090909062,17,16.129035979478257,2025-12-12,0.1879241891769539,0.0,1.0483593484589249,-33.33333333333335,2025-12-12,2007-12-19,0.270000010728836,0.8500000238418579,-33.33333333333335,-78.82352916427139,2025-12-12,0.1800000071525573,-5.55555831502973,0.0,6,0.1437800002470612,True,2025-12-12,0.1430300002172589,True,2025-11-14,0.6257240729041769,4.496867902588475,46.30758210019094,-0.2099299230793327
2025-12-12,2025-12-05,LITHIUM,ABAT.O,American Battery Technology,16,1,3.0,-13.0,4,4.090000152587891,-1.4457817204996617,16,13.611118359330444,11,76.29311509811392,9,198.5401560841157,3,310.39537090914087,2,318.8428324054684,1,297.0874044850008,2,238.01653087973688,2,92.01877618966388,2025-12-12,0.3839928925240803,-1.4457817204996617,18.096977920127973,-63.90114580645074,2025-12-12,2016-02-24,11.329999923706056,61.125,-63.90114580645074,-93.30879320640018,2025-12-12,4.150000095367432,-5.647053438074446,-4.215452673130137,6,2.620984002351761,True,2025-12-12,2.377610499560833,True,2025-11-14,-0.8200576475954846,12.225630227075811,72.60068788507887,75.67981028710629
2025-12-12,2025-12-05,LITHIUM,PMET.TO,PMET Resources Inc,17,20,23.0,6.0,4,4.570000171661377,-2.141325546014261,17,26.94445257569558,6,34.80826047911161,21,79.92126930298792,19,90.41666625274551,14,58.131488089094965,12,19.32115568397372,20,-33.38192299246868,25,25.895317564342136,2025-12-12,0.5270667356978236,-2.141325546014261,31.581103625958228,-10.039365348506037,2025-12-12,2010-03-15,5.079999923706056,493.5,-10.039365348506037,-99.07396146470894,2025-12-12,4.670000076293944,-4.791666873627232,-4.791666873627232,6,3.237849999070168,True,2025-12-12,3.048649997115135,True,2025-11-14,-1.5156014731100842,25.55896444344095,31.115833266076567,9.556351661784548
2025-12-12,2025-12-05,LITHIUM,EMH.AX,European Metals Holdings,18,5,2.0,-16.0,4,0.4199999868869781,-2.32558606959078,18,90.90908598308717,1,139.99999659402027,2,121.05262745120184,10,133.3333167764883,9,189.65517170505777,4,147.05881321718962,5,21.739127054556985,13,179.99998013178595,2025-12-12,0.730306161496201,-2.32558606959078,56.21476781057344,-4.545457008456422,2025-12-12,2012-07-19,0.4399999976158142,2.150000095367432,-4.545457008456422,-80.46511775548547,2025-12-12,0.4300000071525573,-9.30233041681805,-4.545457008456422,6,0.2068249995633959,True,2025-12-12,0.1885999997332692,True,2025-11-13,-1.6998619966866024,89.52359785083252,136.30756938098523,163.6610142292284
2025-12-12,2025-12-05,LITHIUM,DLI.AX,Delta Lithium,19,24,15.0,-4.0,4,0.2049999982118606,-2.380950184636021,19,-2.380950184636021,22,20.58823297386767,24,20.58823297386767,24,20.58823297386767,22,7.894737254879791,21,0.0,24,-18.00000071525576,21,20.58823297386767,2025-12-12,0.4290162634440367,-2.380950184636021,24.832568431350445,-19.60784233519317,2025-12-12,2017-11-03,0.2549999952316284,0.9354239702224731,-19.60784233519317,-78.08480381755611,2025-12-12,0.209999993443489,-9.523807834335374,-2.380950184636021,6,0.177075001001358,True,2025-12-12,0.1728750012814998,True,2025-11-14,-1.7552261117318446,-3.766438316890652,16.895805760832626,4.249267071310079
2025-12-12,2025-12-05,LITHIUM,LAC.TO,Lithium Americas,20,12,18.0,-2.0,4,7.039999961853027,-4.347828340440207,20,12.460059176555571,12,77.77777510192394,8,96.64804781797712,16,69.63854939935179,18,49.78723930956412,13,110.14925857513369,8,72.54902189944809,6,59.63719286712141,2025-12-12,0.5187269278851765,-4.347828340440207,11.062770889944735,-50.10630663962134,2025-12-12,2023-10-04,14.109999656677246,16.010000228881836,-50.10630663962134,-56.02748369014413,2025-12-12,7.360000133514403,-4.607048066606268,-4.607048066606268,6,5.210500019788742,True,2025-12-12,4.913450020551681,True,2025-11-14,-3.722104267536032,11.07457104430094,74.08534788888889,43.298226964563824
2025-12-12,2025-12-05,LITHIUM,LI.V,American Lithium,21,23,19.0,-2.0,4,0.6399999856948853,-5.882356034843106,21,4.91802798135097,16,36.170210067693766,20,82.85714188400578,18,54.216867123793634,21,6.666660043928618,22,20.75472080058265,19,-22.891566438103183,24,8.474578668385702,2025-12-12,0.54540799893762,-5.882356034843106,-13.309470989506051,-45.29914451538926,2025-12-12,1985-02-11,1.1699999570846558,1050.0,-45.29914451538926,-99.93904762041,2025-12-12,0.6800000071525573,-8.571429057997104,-8.571429057997104,6,0.4921750001609325,True,2025-12-12,0.4702749998867512,True,2025-11-14,-5.256631961938929,3.532539849096339,32.47778285465872,-7.864387234171888
2025-12-12,2025-12-05,LITHIUM,ATLX.O,Atlas Lithium,22,26,20.0,-2.0,4,4.25,-7.40741048551371,22,-2.745992876467307,23,-7.205238628891186,26,0.4728127857288822,26,-21.29629768625369,26,-42.91470917385354,26,-59.09528527849079,26,-56.67686219970561,26,-39.02438840843724,2025-12-12,0.5911322488486573,-7.40741048551371,12.372370647803402,-43.333333333333336,2025-12-12,2013-02-28,7.5,412500.0,-43.333333333333336,-99.9989696969697,2025-12-12,4.590000152587891,-7.40741048551371,-7.40741048551371,6,4.82795000910759,False,2025-12-12,4.907425011396408,False,2025-11-14,-6.781686412609533,-4.131481008721938,-10.89766584192623,-55.36335431099483
2025-12-12,2025-12-05,LITHIUM,VULG.DE,Vulcan Energy Resources,23,25,24.0,1.0,4,2.3399999141693115,-7.946504199383952,23,-20.997143647140405,26,28.64309231922566,22,23.420190610420377,23,13.04368608253701,24,-24.372608728518,25,17.212970267870766,21,-6.46484442194909,18,-16.065377299845128,2025-12-12,2.378139570824027,-7.946504199383952,-9.589348462694725,-31.04779738627617,2025-12-12,2022-02-15,3.3936550617218018,6.09117603302002,-31.04779738627617,-61.58377460306079,2025-12-12,2.5420000553131104,-12.037765051907645,-7.946504199383952,6,2.227977345585823,True,2025-12-12,2.16993122279644,True,2025-11-14,-7.320780126479775,-22.38263177939504,24.950665106190616,-32.404343202402714
2025-12-12,2025-12-05,LITHIUM,AVL.TO,Avalon Advanced Materials,24,22,9.0,-15.0,4,9.899999618530272,-8.333330389893911,24,0.0,21,37.499998344315344,19,83.33333922021222,17,99.99999999999996,13,22.22221175666093,20,0.0,24,-8.333330389893911,19,37.499998344315344,2025-12-12,0.2624151135129278,-8.333330389893911,-8.794876568762449,-59.259262747779694,2025-12-12,1984-05-31,24.30000114440918,7740.0,-59.259262747779694,-99.87209302818437,2025-12-12,10.799999237060549,-8.333330389893911,-8.333330389893911,6,7.584749751091003,True,2025-12-12,7.170749762058258,True,2025-11-14,-7.707606316989734,-1.3854881322546309,33.8075711312803,21.161032441757754
2025-12-12,2025-12-05,LITHIUM,CRML.O,Critical Metals,25,16,1.0,-24.0,4,9.18000030517578,-9.108911302437717,25,0.8791200038733571,19,47.58843432200381,17,470.18634929254455,1,328.971955848892,1,32.8509480157777,18,29.29578068284289,18,-9.999995325125832,20,40.152672333675895,2025-12-12,0.4327089302466063,-9.108911302437717,3.548483512102557,-69.36936764931718,2025-12-12,2022-02-07,29.96999931335449,29.96999931335449,-69.36936764931718,-69.36936764931718,2025-12-12,10.100000381469728,-12.584706682828983,-11.132619816300016,6,5.438424996137619,True,2025-12-12,5.087875001430511,True,2025-11-14,-8.48318722953354,-0.5063681283812738,43.89600710896877,23.813706431118305
2025-12-12,2025-12-05,LITHIUM,LTBR.O,Lightbridge,26,17,6.0,-20.0,4,15.449999809265137,-9.859974565716511,26,-13.493845009667028,25,10.594126799906633,25,13.602936587531778,25,79.02664663250751,17,196.54509973401457,2,513.0952351668163,1,505.8823567910729,1,202.94117839553644,2025-12-12,0.3871608339986834,-9.859974565716511,-22.562224009824064,-44.2640685715245,2025-12-12,2000-11-10,27.71999931335449,4050.0,-44.2640685715245,-99.61851852322802,2025-12-12,17.139999389648438,-9.859974565716511,-9.859974565716511,6,14.551675007343292,True,2025-12-12,14.08877500295639,True,2025-11-14,-9.234250492812334,-14.879333141921656,6.901699586871589,186.60221249297885
2025-12-19,2025-12-12,LITHIUM,PMET.TO,PMET Resources Inc,1,13,17.0,16.0,4,5.300000190734863,15.973741611657369,1,15.720530109664187,8,33.16583329988685,19,163.68160278017413,9,76.07974111385833,16,50.56818805265528,18,49.71752112563741,15,-8.304498298442143,21,46.00551029324564,2025-12-19,1.0454646667884793,15.973741611657369,17.305350966791952,0.0,2025-12-19,2010-03-15,5.300000190734863,493.5,0.0,-98.92603846185716,2025-12-19,4.570000171661377,-6.99588772113936,0.0,6,3.2933000010252,True,2025-12-19,3.081649996638298,True,2025-11-21,15.869897788190723,12.214394898078297,30.612847863788573,29.54573356031329
2025-12-19,2025-12-12,LITHIUM,LI.V,American Lithium,2,19,21.0,19.0,4,0.7200000286102294,12.500006984919445,2,5.882356034843128,17,45.45454983321535,14,108.69566118784796,17,50.000009313225945,20,41.17647883801325,19,44.00000572204588,17,-8.86075834761143,22,22.03390857879586,2025-12-19,0.7250398747430612,12.500006984919445,-14.789773121080016,-38.46153375900222,2025-12-19,1985-02-11,1.1699999570846558,1050.0,-38.46153375900222,-99.93142856870378,2025-12-19,0.6399999856948853,-6.249994179233775,0.0,6,0.4976500003039837,True,2025-12-19,0.4745999997854233,True,2025-11-21,12.3961631614528,2.376220823257236,42.90156439711708,5.5741318458635085
2025-12-19,2025-12-12,LITHIUM,SGML.O,Sigma Lithium,3,15,2.0,-1.0,4,12.1899995803833,11.52789789594848,3,23.756336124775057,5,101.1551104865541,5,156.09241584525796,11,0.4946369775458814,24,11.8348624495362,24,7.49558568216977,21,1.330007073679229,19,-0.8943138914292215,2025-12-19,0.7797424388672854,11.52789789594848,31.07530865133814,-6.086286515514916,2025-12-19,2018-07-03,12.979999542236328,42.400001525878906,-6.086286515514916,-71.25000202430863,2025-12-19,10.93000030517578,-6.404398384215726,0.0,6,7.224374990463257,True,2025-12-19,7.285724997520447,True,2025-11-21,11.424054072481836,20.250200913189165,98.6021250504558,-17.35409062436157
2025-12-19,2025-12-12,LITHIUM,SLI,Standard Lithium,4,1,14.0,10.0,4,5.110000133514404,10.606066235779268,4,35.18518974050786,3,67.54099060341554,8,166.14584623603176,8,293.0769477652384,2,267.62591266933185,1,305.5555692215236,2,315.447158884077,2,227.56412313769863,2025-12-19,1.5384939560289066,10.606066235779268,69.40562118603113,-5.194800369332064,2025-12-19,2017-06-20,5.389999866485596,12.369999885559082,-5.194800369332064,-58.69037848997967,2025-12-19,4.619999885559082,-2.2964537451029665,0.0,6,2.6850999945402148,True,2025-12-19,2.3822499972581865,True,2025-11-21,10.502222412312625,31.679054528921966,64.98800516731725,211.10434640476632
2025-12-19,2025-12-12,LITHIUM,ALB,Albermale,5,6,8.0,3.0,4,145.8800048828125,9.89904990649193,5,24.87588192424537,4,78.25025832176433,6,157.46559349748296,10,83.51995068967368,14,64.05758871659543,13,63.30460303662366,14,55.53897372727441,9,71.1603885217317,2025-12-19,0.979913262662108,9.89904990649193,26.749562239305668,0.0,2025-12-19,1994-02-22,145.8800048828125,325.3800048828125,0.0,-55.16626630596062,2025-12-19,132.74000549316406,-1.258097107003142,0.0,6,80.67665000915527,True,2025-12-19,75.75309986114502,True,2025-11-21,9.795206083025288,21.36974671265948,75.69727288566605,54.70061178879935
2025-12-19,2025-12-12,LITHIUM,CXO.AX,Core Lithium,6,2,7.0,1.0,4,0.25,8.695650202114823,6,13.636364252114095,11,138.0952455289243,1,184.0909106302854,6,220.5128138998793,4,212.50000698491965,3,149.9999962747098,6,184.0909106302854,4,165.9574559151511,2025-12-19,1.1002881431454128,8.695650202114823,22.835996089452625,-1.960782480441492,2025-12-19,2011-02-11,0.2549999952316284,1.8650000095367432,-1.960782480441492,-86.59517433128063,2025-12-19,0.2300000041723251,-2.127657550770301,0.0,6,0.1151949996873736,True,2025-12-19,0.1014499995857476,True,2025-11-21,8.59180637864818,10.130229040528205,135.542260092826,149.49767918221875
2025-12-19,2025-12-12,LITHIUM,IGO.AX,IGO Limited,7,12,12.0,5.0,4,7.679999828338623,7.865167862085842,7,18.701701350613664,6,57.70020551975741,11,89.62961646046502,19,76.95851516869487,15,56.73468732377096,15,47.69230980844901,16,28.21369151580091,16,58.02468348462775,2025-12-19,1.4091320134979315,7.865167862085842,8.296537702699101,0.0,2025-12-19,2002-01-17,7.679999828338623,16.393840789794922,0.0,-53.15313887201234,2025-12-19,7.119999885559082,-3.932580582467316,0.0,6,4.873849996328354,True,2025-12-19,4.616699995994568,True,2025-11-21,7.761324038619199,15.195566139027772,55.147220083659136,41.5649067516954
2025-12-19,2025-12-12,LITHIUM,ELV.AX,Elevra Lithium,8,3,1.0,-7.0,4,7.309999942779541,6.715329117535895,8,48.57723230536808,2,116.9139522557228,2,248.0952511785258,1,132.0634832211605,6,103.05555934523368,9,74.0476255892629,12,43.33333489162472,14,74.0476255892629,2025-12-19,0.82229555793236,6.715329117535895,37.41347533762513,0.0,2025-12-19,2004-03-30,7.309999942779541,256.91192626953125,0.0,-97.1546669518524,2025-12-19,6.849999904632568,-4.087587399553561,0.0,6,3.5242000102996824,True,2025-12-19,3.241150006055832,True,2025-11-21,6.611485294069253,45.071097093782186,114.36096681962452,57.58784885633055
2025-12-19,2025-12-12,LITHIUM,SQM,Sociedad Quimica y Minera ADR,9,10,6.0,-3.0,4,68.76000213623047,4.450858611086317,9,15.485389786580694,9,58.17805430261333,10,114.33914654477393,16,51.45374410843553,18,82.67801076304082,12,79.95290181562022,11,70.24016631664765,6,90.73510011490649,2025-12-19,0.964967658957546,4.450858611086317,14.068003660799947,0.0,2025-12-19,1993-09-21,68.76000213623047,113.5199966430664,0.0,-39.42917180271939,2025-12-19,65.83000183105469,-2.5216521584939144,0.0,6,42.73254999160767,True,2025-12-19,40.39460000991821,True,2025-11-21,4.347014787619674,11.9792545749948,55.62506886651506,74.27532338197413
2025-12-19,2025-12-12,LITHIUM,1772.HK,Ganfeng Lithium,10,9,9.0,-1.0,4,51.650001525878906,2.2772307443146733,10,1.4734773625078912,19,38.471856789102745,16,152.56723520265928,12,115.6576195429722,9,152.56723520265928,7,207.07492546371705,4,175.61367212758023,5,158.76755458400115,2025-12-19,0.5975928913499924,2.2772307443146733,-17.548910931984434,-17.557860705647734,2025-12-19,2018-10-11,62.650001525878906,128.0000457763672,-17.557860705647734,-59.64845073874566,2025-12-19,50.5,-2.8118775622679504,-0.481695554238748,6,31.930350036621093,True,2025-12-19,29.13449999809265,True,2025-11-21,2.1733869208480305,-2.032657849078001,35.91887135300447,142.3077778510688
2025-12-19,2025-12-12,LITHIUM,LAR.TO,Lithium Argentina AG,11,8,11.0,0.0,4,7.449999809265136,2.054789241247579,11,8.127720662281824,14,64.82300532527941,9,169.92753025389243,7,110.45197428096589,10,89.08628682916483,10,111.6477230009584,9,55.20832319226568,11,84.8635092160312,2025-12-19,1.0025132527474356,2.054789241247579,-8.152001489605677,-3.4974091744089497,2025-12-19,2008-07-16,7.71999979019165,21.016979217529297,-3.4974091744089497,-64.55247097046453,2025-12-19,7.300000190734862,-10.958906436060378,0.0,6,4.314649999141693,True,2025-12-19,3.9352000057697296,True,2025-11-21,1.950945417780936,4.621585450695932,62.270019889181135,68.40373248309885
2025-12-19,2025-12-12,LITHIUM,MIN.AX,Mineral Resources,12,16,10.0,-2.0,4,52.650001525878906,1.191625525904727,12,7.800985588426812,15,35.486363095562965,18,138.7755253859029,13,120.47740107285966,8,59.40055546983489,14,39.28572113371591,18,-13.075777131995082,24,51.59804843028994,2025-12-19,1.0385319926965255,1.191625525904727,21.52232917689765,0.0,2025-12-19,2006-07-28,52.650001525878906,96.27999877929688,0.0,-45.31574346342819,2025-12-19,52.02999877929688,-2.8060717254016265,0.0,6,32.895350008010865,True,2025-12-19,30.53329998970032,True,2025-11-21,1.0877817024380845,4.29485037684092,32.93337765946469,35.138271697357595
2025-12-19,2025-12-12,LITHIUM,LIT,Global X Lithium & Battery Tech ETF,13,18,13.0,0.0,4,64.08999633789062,0.3444456077734914,13,6.302861775848156,16,21.26773545560913,20,76.84876757600105,22,54.50818959781338,17,52.95941289717234,17,70.31622247865295,13,59.86529332490782,8,59.74575783688785,2025-12-19,0.5563647969770029,0.3444456077734914,4.703640679749429,-1.732604817023209,2025-12-19,2010-07-23,65.22000122070312,96.30999755859376,-1.732604817023209,-33.454472056341714,2025-12-19,63.869998931884766,-1.377794376286834,0.0,6,46.999749908447264,True,2025-12-19,44.93689992904663,True,2025-11-21,0.2406017843068486,2.796726564262264,18.714750019510863,43.28598110395549
2025-12-19,2025-12-12,LITHIUM,INR.AX,Ioneer Ltd,14,23,15.0,1.0,4,0.1800000071525573,0.0,14,9.090909090909062,13,38.46154904224499,17,87.500005820766,20,5.882356034843106,23,28.57143313300849,21,-2.702700090373533,23,28.57143313300849,15,16.129035979478257,2025-12-19,0.931039644488577,0.0,-15.79271953802344,-33.33333333333335,2025-12-19,2007-12-19,0.270000010728836,0.8500000238418579,-33.33333333333335,-78.82352916427139,2025-12-19,0.1800000071525573,-13.888891648363034,0.0,6,0.1442800003662705,True,2025-12-19,0.1431550001725554,True,2025-11-21,-0.1038438234666427,5.584773879323169,35.908563606146714,-0.3307407534540942
2025-12-19,2025-12-12,LITHIUM,LTR.AX,Liontown Resources,15,11,4.0,-11.0,4,1.4650000333786013,-1.0135125338900597,15,-0.3401357234227631,22,55.0264597319532,12,125.38462878684378,15,99.31972855315448,11,171.2962916971727,5,120.30074979055468,8,46.50000333786013,13,157.01755294068934,2025-12-19,1.6993844322483007,-1.0135125338900597,-12.10025890800114,-8.722740438078148,2025-12-19,2006-12-27,1.6050000190734863,3.150000095367432,-8.722740438078148,-53.492063840470585,2025-12-19,1.4800000190734863,-8.4459458370989,-3.3003269167260374,6,0.8822499997913837,True,2025-12-19,0.8034249992668628,True,2025-11-21,-1.1173563573567025,-3.846270935008656,52.47347429585492,140.557776207757
2025-12-19,2025-12-12,LITHIUM,GLN.AX,Galan Lithium,16,5,3.0,-13.0,4,0.2649999856948852,-1.851861050099135,16,15.217382994626693,10,103.84615031925163,3,191.208781401844,5,152.38094663674048,5,130.43476598925352,8,152.38094663674048,5,55.31134584230311,10,76.6666501098216,2025-12-19,0.8965888066867598,-1.851861050099135,9.352962695148683,-3.636370926848953,2025-12-19,2011-06-08,0.2750000059604644,2.1742498874664307,-3.636370926848953,-87.81188918428877,2025-12-19,0.270000010728836,-11.111116630059492,-1.851861050099135,6,0.1424899999052286,True,2025-12-19,0.1291150000691413,True,2025-11-21,-1.9557048735657776,11.7112477830408,101.29316488315337,60.20687337688925
2025-12-19,2025-12-12,LITHIUM,DLI.AX,Delta Lithium,17,24,19.0,2.0,4,0.2000000029802322,-2.4390220854836664,17,-11.11110743181195,24,14.285717934978326,22,14.285717934978326,24,21.212118201785746,22,21.212118201785746,23,-4.761900369272054,25,-11.11110743181195,23,17.647059339140547,2025-12-19,0.7623213689036114,-2.4390220854836664,6.560367288338222,-21.568624815634664,2025-12-19,2017-11-03,0.2549999952316284,0.9354239702224731,-21.568624815634664,-78.61932029252297,2025-12-19,0.2049999982118606,-7.31707352531018,-2.4390220854836664,6,0.1776250008493662,True,2025-12-19,0.1740750011801719,True,2025-11-21,-2.542865908950309,-14.617242643397844,11.73273249888005,1.1872826062081965
2025-12-19,2025-12-12,LITHIUM,ABAT.O,American Battery Technology,18,4,16.0,-2.0,4,3.9700000286102295,-2.933988251852082,18,17.804159152118416,7,20.30303290833897,21,212.5984321443817,2,264.22017495767244,3,257.6576556258461,2,293.0693134748753,3,281.7307859835547,3,86.384967854909,2025-12-19,0.5386767159287721,-2.933988251852082,33.745336095829,-64.9602819475427,2025-12-19,2016-02-24,11.329999923706056,61.125,-64.9602819475427,-93.50511242763152,2025-12-19,4.090000152587891,-11.002445743161749,-2.933988251852082,6,2.692834004461765,True,2025-12-19,2.430010499060154,True,2025-11-21,-3.037832075318725,14.298023940532524,17.750047472240695,69.92519112197664
2025-12-19,2025-12-12,LITHIUM,PLS.AX,Pilbara Minerals,19,14,5.0,-14.0,4,3.9300000667572017,-4.146337605600547,19,0.7692300168249844,20,70.1298772340389,7,203.47491868683457,3,96.50000333786008,12,84.50703547444398,11,36.45833022892487,19,22.049690429767253,17,77.82805424982726,2025-12-19,1.2920509420248014,-4.146337605600547,-22.23966207198194,-6.428565589748825,2025-12-19,2007-09-19,4.199999809265137,5.5,-6.428565589748825,-28.54545333168724,2025-12-19,4.099999904632568,-5.365848666071282,-4.146337605600547,6,2.2036000096797945,True,2025-12-19,2.009950005412102,True,2025-11-21,-4.25018142906719,-2.736905194760908,67.57689179794062,61.368277516894906
2025-12-19,2025-12-12,LITHIUM,AVL.TO,Avalon Advanced Materials,20,21,24.0,4.0,4,9.449999809265137,-4.545452793986482,20,10.526323421217132,12,50.00000378442206,13,90.90909441202702,18,90.90909441202702,13,31.250000827842307,20,-4.545452793986482,24,-4.545452793986482,20,31.250000827842307,2025-12-19,0.1375704144237119,-4.545452793986482,31.17169833888996,-61.11111372750143,2025-12-19,1984-05-31,24.30000114440918,7740.0,-61.11111372750143,-99.87790697920846,2025-12-19,9.899999618530272,-9.090905587972976,-4.545452793986482,6,7.676999752521515,True,2025-12-19,7.247249765396118,True,2025-11-21,-4.649296617453125,7.02018820963124,47.44701834832379,14.790224094909956
2025-12-19,2025-12-12,LITHIUM,VULG.DE,Vulcan Energy Resources,21,25,23.0,2.0,4,2.2320001125335693,-4.615376307570573,21,-15.794743138845549,25,1.0463209576774268,24,33.71539621723607,23,-3.765384869607624,25,-22.63275760219313,25,16.388458036343458,20,2.758987760492637,18,-19.93927598979684,2025-12-19,0.8652279181173129,-4.615376307570573,-11.124955853447178,-34.23020100925803,2025-12-19,2022-02-15,3.3936550617218018,6.09117603302002,-34.23020100925803,-63.35682796829403,2025-12-19,2.3399999141693115,-8.717948874699921,-4.615376307570573,6,2.233211036324501,False,2025-12-19,2.189309192299843,True,2025-11-21,-4.719220131037216,-19.30087835043144,-1.5066644784208494,-36.39905272272918
2025-12-19,2025-12-12,LITHIUM,ATLX.O,Atlas Lithium,22,26,22.0,0.0,4,3.9800000190734863,-6.352940727682677,22,-18.275151691988643,26,-11.555555131700302,25,2.5773170536872003,26,-30.175435925381176,26,-37.51962181198423,26,-49.65212000709133,26,-59.179486983861686,26,-42.89813287119123,2025-12-19,0.8208549006178198,-6.352940727682677,-23.83017587060965,-46.93333307902018,2025-12-19,2013-02-28,7.5,412500.0,-46.93333307902018,-99.99903515151053,2025-12-19,4.25,-10.588236416087426,-6.352940727682677,6,4.793800009489059,False,2025-12-19,4.885275012254715,False,2025-11-21,-6.45678455114932,-21.781286903574536,-14.108540567798578,-59.35790960412358
2025-12-19,2025-12-12,LITHIUM,LAC.TO,Lithium Americas,23,20,20.0,-3.0,4,6.539999961853027,-7.102272765757133,23,-1.8018001247508963,23,44.37085339847511,15,83.19327966800381,21,50.34483000535701,19,54.976310118631886,16,100.0,10,65.98984433687505,7,48.29932399410066,2025-12-19,0.9834437615425506,-7.102272765757133,15.224730937491612,-53.64989283498589,2025-12-19,2023-10-04,14.109999656677246,16.010000228881836,-53.64989283498589,-59.15053174043714,2025-12-19,7.039999961853027,-11.36363913451346,-7.102272765757133,6,5.274350016117096,True,2025-12-19,4.9766000187397,True,2025-11-21,-7.206116589223776,-5.307935336336788,41.81786796237683,31.83954726116831
2025-12-19,2025-12-12,LITHIUM,EMH.AX,European Metals Holdings,24,6,18.0,-6.0,4,0.3849999904632568,-8.333332742017397,24,74.99999661337242,1,102.63157647072109,4,126.47058024332196,14,126.47058024332196,7,156.6666501098217,6,148.38708871113027,7,48.07692484037418,12,156.6666501098217,2025-12-19,0.4432790976173605,-8.333332742017397,52.40937713086134,-12.50000169331379,2025-12-19,2012-07-19,0.4399999976158142,2.150000095367432,-12.50000169331379,-82.09302449368214,2025-12-19,0.4199999868869781,-8.333332742017397,-8.333332742017397,6,0.2133499995991587,True,2025-12-19,0.1904749996587634,True,2025-11-21,-8.437176565484041,71.49386140178652,100.0785910346228,140.20687337688935
2025-12-19,2025-12-12,LITHIUM,LTBR.O,Lightbridge,25,17,26.0,1.0,4,14.0,-9.385112149940566,25,-0.1426566127720518,21,-23.32968332685888,26,5.026257165256354,25,41.27144516208998,21,209.05075831315023,4,464.5161246906087,1,446.8750122236091,1,174.50980905476382,2025-12-19,0.8301759145842502,-9.385112149940566,14.676619322347332,-49.49494824390089,2025-12-19,2000-11-10,27.71999931335449,4050.0,-49.49494824390089,-99.65432098765432,2025-12-19,15.449999809265137,-15.663431107893654,-9.385112149940566,6,14.646000006198882,False,2025-12-19,14.254775002002717,False,2025-11-21,-9.488955973407208,-3.648791824357944,-25.88266876295715,158.05003232183148
2025-12-19,2025-12-12,LITHIUM,CRML.O,Critical Metals,26,22,25.0,-1.0,4,7.53000020980835,-17.973856650496433,26,5.610099424224146,18,4.874657240078406,23,202.4096458220208,4,304.8387178438552,1,22.240266174223944,22,-2.334628112166448,22,-35.08620722257,25,14.961831916581026,2025-12-19,0.272284929775303,-17.973856650496433,6.855473565933558,-74.87487359916949,2025-12-19,2022-02-07,29.96999931335449,29.96999931335449,-74.87487359916949,-74.87487359916949,2025-12-19,9.18000030517578,-21.78649684477173,-17.973856650496433,6,5.576474999189377,True,2025-12-19,5.090900003910065,True,2025-11-21,-18.07770047396308,2.103964212638254,2.32167180398013,-1.4979448163513247
2025-12-26,2025-12-19,LITHIUM,GLN.AX,Galan Lithium,1,2,16.0,15.0,4,0.3199999928474426,20.75472080058267,1,20.75472080058267,4,120.68965658988463,2,226.5306134861445,3,190.90908598308727,5,137.03702231984144,6,190.90908598308727,3,93.06183941555452,6,113.33332008785736,2025-12-24,1.1357282240777908,23.076924840374204,21.78069710651424,0.0,2025-12-24,2011-06-08,0.3199999928474426,2.1742498874664307,0.0,-85.2822808136223,2025-12-24,0.2649999856948852,0.0,0.0,4,0.1454649998620152,True,2025-12-24,0.132064999975264,True,2025-11-28,19.358277148431814,19.57427055827743,116.38121795360016,95.24724819542894
2025-12-26,2025-12-19,LITHIUM,ATLX.O,Atlas Lithium,2,26,22.0,20.0,4,4.789999961853027,20.35175725873748,2,-2.839753982968696,18,-11.948531039162267,23,20.959593831075864,25,-14.00359399945399,26,-26.981707261670284,26,-35.35762401498697,26,-51.022493940316174,26,-31.276899482929267,2025-12-26,0.8602833149303463,26.05263215683173,-2.9733427473130933,-36.13333384195963,2025-12-26,2013-02-28,7.5,412500.0,-36.13333384195963,-99.99883878788803,2025-12-26,3.9800000190734863,-0.6224109697076874,-0.6224109697076874,5,4.783950008153916,True,2025-12-26,4.86967501282692,True,2025-11-28,18.95531360658662,-4.020204225273938,-16.25696967544674,-49.3629713753577
2025-12-26,2025-12-19,LITHIUM,SGML.O,Sigma Lithium,3,9,3.0,0.0,4,14.5,18.949963077390564,3,28.20512344854016,2,106.25888431367908,4,211.15880847190263,5,25.868050554008605,21,29.9283171886638,19,14.083398556102566,19,16.279067277477075,18,17.886177033739514,2025-12-26,0.7696554849347994,24.89233788788814,25.81977406128376,0.0,2025-12-26,2018-07-03,14.5,42.400001525878906,0.0,-65.80188802316457,2025-12-26,12.1899995803833,-0.0740757694950855,0.0,5,7.279499988555909,True,2025-12-26,7.272525000572204,True,2025-11-28,17.553519425239706,27.02467320623492,101.9504456773946,-0.1998948586889213
2025-12-26,2025-12-19,LITHIUM,CXO.AX,Core Lithium,4,1,6.0,2.0,4,0.2849999964237213,13.999998569488524,4,26.66666843273027,3,147.82607935101444,1,220.2247095068907,4,275.00000735254724,3,231.3953334242997,1,184.9999921768905,5,216.66665010982183,4,203.19149593872035,2025-12-24,1.2288530088445528,16.326526888506265,32.27402974808096,-1.7241363363798334,2025-12-24,2011-02-11,0.2899999916553497,1.8650000095367432,-1.7241363363798334,-84.71849892941749,2025-12-24,0.25,-1.7241363363798334,-1.7241363363798334,4,0.1182799996808171,True,2025-12-24,0.1046399995684623,True,2025-11-28,12.603554917337668,25.486218190425028,143.51764071472996,185.10542404629192
2025-12-26,2025-12-19,LITHIUM,LTR.AX,Liontown Resources,5,4,15.0,10.0,4,1.6699999570846558,13.993168534834854,5,16.37630827008456,6,78.6096206231306,6,138.57142650351227,10,156.9230797445987,7,203.63634925243312,2,130.3448140918859,7,79.5698864775072,7,192.9824522877884,2025-12-24,1.3433348239584386,10.231021310450815,-1.626485645337804,0.0,2025-12-24,2006-12-27,1.6699999570846558,3.150000095367432,0.0,-46.98412995159422,2025-12-24,1.4650000333786013,0.0,0.0,4,0.8970999993383885,True,2025-12-24,0.8235499988496303,True,2025-11-28,12.596724882683995,15.19585802777932,74.30118198684612,174.89638039535993
2025-12-26,2025-12-19,LITHIUM,PLS.AX,Pilbara Minerals,6,6,19.0,13.0,4,4.380000114440918,11.450382698212746,6,8.148145880609881,13,82.49999751647319,5,233.07984211795463,2,138.04348016224645,10,100.0,8,46.48829767460552,16,35.60371791258703,15,98.19004700621788,2025-12-24,1.398674789902411,7.881777738210993,-11.800021829310218,0.0,2025-12-24,2007-09-19,4.380000114440918,5.5,0.0,-20.363634282892395,2025-12-24,3.9300000667572017,0.0,0.0,4,2.2400250107049944,True,2025-12-24,2.053250005841256,True,2025-11-28,10.053939046061888,6.967695638304639,78.19155888018871,80.10397511378943
2025-12-26,2025-12-19,LITHIUM,ELV.AX,Elevra Lithium,7,3,8.0,1.0,4,8.140000343322756,11.354314733792137,7,40.830450654822,1,120.59621184543604,3,287.6190815707199,1,185.61405669142263,6,100.9876533325736,7,87.12644877656193,9,55.0476255871001,12,93.80954078535996,2025-12-24,0.8920994882196707,20.414202185155617,49.297823880435374,0.0,2025-12-24,2004-03-30,8.140000343322756,256.91192626953125,0.0,-96.83159888234113,2025-12-24,7.309999942779541,-1.436026878178187,0.0,4,3.594450011253357,True,2025-12-24,3.2900000083446503,True,2025-11-28,9.95787108164128,39.65000041251676,116.28777320915157,75.72346889293154
2025-12-26,2025-12-19,LITHIUM,VULG.DE,Vulcan Energy Resources,8,23,21.0,13.0,4,2.461999893188477,10.304649151376257,8,-13.3025383565208,23,-4.773069188892687,22,38.406044234306776,23,0.9784461013677026,24,-12.736876191944146,25,12.82637029717404,20,22.29894216332864,16,-11.689299272493749,2025-12-23,0.7634284057636638,15.262171709826289,-6.569985044375155,-27.452853975696662,2025-12-23,2022-02-15,3.3936550617218018,6.09117603302002,-27.452853975696662,-59.580877652491495,2025-12-23,2.2320001125335693,0.0,0.0,3,2.235823549628258,True,2025-12-23,2.2067543870210646,True,2025-11-28,8.908205499225396,-14.48298859882604,-9.08150782517716,-29.775371164922184
2025-12-26,2025-12-19,LITHIUM,1772.HK,Ganfeng Lithium,9,5,10.0,1.0,4,56.04999923706056,8.518872374044474,9,14.434462557982751,8,50.429419651015614,12,148.00884199549515,9,156.52173116021882,8,174.08311562822655,4,186.55419615247988,4,214.88764965990265,5,180.81163230444807,2025-12-24,0.7165875112071751,7.996141790308675,4.2305750955613055,-10.534720076729895,2025-12-24,2018-10-11,62.650001525878906,128.0000457763672,-10.534720076729895,-56.21095375622972,2025-12-24,51.650001525878906,-0.1780984614439651,-0.1780984614439651,4,32.414100046157834,True,2025-12-24,29.84654999732972,True,2025-11-28,7.122428721893615,13.25401231567751,46.12098101473114,162.72556041201963
2025-12-26,2025-12-19,LITHIUM,MIN.AX,Mineral Resources,10,14,12.0,2.0,4,55.97999954223633,6.324782373882054,10,14.058674518662627,9,35.57761758533826,13,167.84689265067527,7,128.30341964578392,11,63.39755483015188,14,29.79364283767832,18,-1.0429559055519566,22,61.1862950765581,2025-12-24,0.941011802504403,6.52711770689578,28.0129292589229,-0.1961144768270917,2025-12-24,2006-07-28,56.09000015258789,96.27999877929688,-0.1961144768270917,-41.85708324471465,2025-12-24,52.650001525878906,-0.1961144768270917,-0.1961144768270917,4,33.41370000839233,True,2025-12-24,30.92095001220703,True,2025-11-28,4.928338721731196,12.878224276357386,31.26917894905379,43.10022318412967
2025-12-26,2025-12-19,LITHIUM,LIT,Global X Lithium & Battery Tech ETF,11,15,13.0,2.0,4,67.88999938964844,5.929167216243414,11,6.980775873127465,15,22.214222001924288,17,75.19999842489919,21,68.41973970914235,18,60.30697009619526,15,65.14229720676197,13,69.04880390337762,10,69.21735093989219,2025-12-26,0.7782761100125831,6.377310740028563,31.37599098588697,0.0,2025-12-26,2010-07-23,67.88999938964844,96.30999755859376,0.0,-29.508876429630227,2025-12-26,64.08999633789062,0.0,0.0,5,47.53279991149903,True,2025-12-26,45.35739994049072,True,2025-11-28,4.532723564092556,5.800325630822223,17.905783365639813,51.13127904746375
2025-12-26,2025-12-19,LITHIUM,IGO.AX,IGO Limited,12,13,7.0,-5.0,4,8.100000381469727,5.4687573244641685,12,19.6455008019246,5,58.51272348008627,9,101.99501045236504,16,97.08029485010086,15,67.01032042769444,13,48.6238654118762,15,37.05584755668958,14,66.66666993715462,2025-12-24,1.0742479595661834,6.159898558051946,16.539915716611443,0.0,2025-12-24,2002-01-17,8.100000381469727,16.393840789794922,0.0,-50.59119772279396,2025-12-24,7.679999828338623,0.0,0.0,4,4.935900000333786,True,2025-12-24,4.661849994659423,True,2025-11-28,4.07231367231331,18.46505055961936,54.2042848438018,48.58059804472619
2025-12-26,2025-12-19,LITHIUM,DLI.AX,Delta Lithium,13,23,17.0,4.0,4,0.209999993443489,4.999995157122661,13,-4.545457008456443,20,27.272718241720817,16,23.5294066085948,24,19.999998297010112,22,27.272718241720817,20,-12.500000776102173,23,-4.545457008456443,23,23.5294066085948,2025-12-24,0.8001900816633829,4.999995157122661,24.74417814836045,-17.64705985475169,2025-12-24,2017-11-03,0.2549999952316284,0.9354239702224731,-17.64705985475169,-77.55028734258921,2025-12-24,0.2000000029802322,-2.32558606959078,-2.32558606959078,4,0.1782500007748604,True,2025-12-24,0.1751250011473894,True,2025-11-28,3.6035515049718025,-5.7259072507616855,22.964279605436342,5.443334716166358
2025-12-26,2025-12-19,LITHIUM,SQM,Sociedad Quimica y Minera ADR,14,10,9.0,-5.0,4,71.63999938964844,4.188477550817971,14,11.38059659445747,10,61.93489301904391,8,103.23404082169772,15,72.12878718928937,17,91.4484310400158,9,73.67272579308712,12,67.5005813020613,11,98.72399696474952,2025-12-26,0.5366982438176691,5.8197970738735005,33.861232818847306,0.0,2025-12-26,1993-09-21,71.63999938964844,113.5199966430664,0.0,-36.89217626133177,2025-12-26,68.76000213623047,0.0,0.0,5,43.311049995422366,True,2025-12-26,40.87335000991821,True,2025-11-28,2.7920338986671123,10.200146352152228,57.62645438275944,80.63792507232108
2025-12-26,2025-12-19,LITHIUM,LAR.TO,Lithium Argentina AG,15,8,11.0,-4.0,4,7.730000019073486,3.758392174186764,15,0.1295366470675407,17,56.47773136712977,10,165.63573165211372,8,138.58024680002163,9,89.9262823843591,10,75.6818148075057,11,71.01770025868417,9,91.8114048793336,2025-12-24,0.9089922565286652,18.923077216515185,2.862951506911056,0.0,2025-12-24,2008-07-16,7.730000019073486,21.016979217529297,0.0,-63.220213813475866,2025-12-24,7.449999809265136,0.0,0.0,4,4.382150000333786,True,2025-12-24,4.031800005435944,True,2025-11-28,2.361948522035906,-1.0509135952377011,52.1692927308453,73.72533298690516
2025-12-26,2025-12-19,LITHIUM,ALB,Albermale,16,10,5.0,-11.0,4,150.00999450683594,2.831086842464204,16,15.401175604015728,7,70.27241442109738,7,135.3097953048407,13,98.11145283740524,14,68.26695674625456,12,57.62319784911516,14,49.59114113771408,13,76.00608776068103,2025-12-26,0.8191105593534849,6.783883164248028,16.61552808425761,0.0,2025-12-26,1994-02-22,150.00999450683594,325.3800048828125,0.0,-53.89698437036324,2025-12-26,145.8800048828125,-0.3427474521965234,0.0,5,82.14274997711182,True,2025-12-26,76.71924991607666,True,2025-11-28,1.434643190313345,14.220725361710484,65.9639757848129,57.92001586825259
2025-12-26,2025-12-19,LITHIUM,PMET.TO,PMET Resources Inc,17,17,1.0,-16.0,4,5.449999809265137,2.830181379851515,17,7.283462423541764,14,30.38277591105276,15,137.9912620109868,11,98.90510183562292,13,47.29729024400853,18,40.8268726208967,17,3.2196892557123213,21,50.137731059122295,2025-12-24,0.7909790863775631,16.204685346956982,19.563275734674,0.0,2025-12-24,2010-03-15,5.449999809265137,493.5,0.0,-98.89564340237789,2025-12-24,5.300000190734863,-1.6981160254526673,0.0,4,3.3366499978303907,True,2025-12-24,3.132999997735024,True,2025-11-28,1.4337377277006569,6.103012181236522,26.07433727476829,32.05165916669386
2025-12-26,2025-12-19,LITHIUM,CRML.O,Critical Metals,18,19,26.0,8.0,4,7.739999771118163,2.7888387179096474,18,-5.953825010602831,21,19.26040129558644,19,111.47539862315222,14,460.8695505697469,1,13.157888866270874,24,10.888248566875468,21,-32.69565416418988,25,18.167931995888843,2025-12-26,0.3430817514812154,7.799442286464764,22.059787813295326,-74.17417434617938,2025-12-26,2022-02-07,29.96999931335449,29.96999931335449,-74.17417434617938,-74.17417434617938,2025-12-26,7.53000020980835,-6.295404883228017,-6.295404883228017,5,5.697474996447563,True,2025-12-26,5.128250000476837,True,2025-11-28,1.3923950657587891,-7.134275252908073,14.951962659301964,0.0818601034604071
2025-12-26,2025-12-19,LITHIUM,INR.AX,Ioneer Ltd,19,22,14.0,-5.0,4,0.1850000023841857,2.7777750183035854,19,8.823529669570252,11,2.7777750183035854,20,90.72164631710902,19,19.354839329913,23,15.625004074536308,23,-15.90908936971478,24,15.625004074536308,19,19.354839329913,2025-12-24,0.8782961704332541,15.625004074536308,-10.653407158999908,-31.481483321130955,2025-12-24,2007-12-19,0.270000010728836,0.8500000238418579,-31.481483321130955,-78.23529444763817,2025-12-24,0.1800000071525573,-2.777783296726133,-2.631576470721142,4,0.1448050003126263,True,2025-12-24,0.1431050001457333,True,2025-11-28,1.3813313661527271,7.64307942726501,-1.5306636179808877,1.2687674374845628
2025-12-26,2025-12-19,LITHIUM,LAC.TO,Lithium Americas,20,20,23.0,3.0,4,6.610000133514404,1.0703390224721554,20,-16.223064063768287,26,-25.226244124222763,25,75.79787633722863,20,62.00981022348233,20,47.54464520920752,17,81.09588933720289,10,77.21179891994467,8,49.88662952887193,2025-12-24,0.8722946618202265,4.094491854907845,3.234964538660115,-53.15378955104107,2025-12-24,2023-10-04,14.109999656677246,16.010000228881836,-53.15378955104107,-58.71330394118266,2025-12-24,6.539999961853027,-3.1157206000168136,-1.9287780714893563,4,5.309800019264221,True,2025-12-24,5.053100019693375,True,2025-11-28,-0.3261046296787029,-17.40351430607353,-29.53468276050724,31.800557636443493
2025-12-26,2025-12-19,LITHIUM,AVL.TO,Avalon Advanced Materials,21,21,20.0,-1.0,4,9.449999809265137,0.0,21,-12.499995584840828,22,31.250000827842307,14,75.00000883031836,22,109.99999576144748,12,50.00000378442206,16,4.999997880723739,22,4.999997880723739,20,31.250000827842307,2025-12-24,0.1178958998779526,-4.545452793986482,6.259274251495062,-61.11111372750143,2025-12-24,1984-05-31,24.30000114440918,7740.0,-61.11111372750143,-99.87790697920846,2025-12-24,9.449999809265137,0.0,0.0,4,7.737749755382538,True,2025-12-24,7.343999767303467,True,2025-11-28,-1.3964436521508583,-13.68044582714607,26.94156219155784,13.163928935413873
2025-12-26,2025-12-19,LITHIUM,LTBR.O,Lightbridge,22,16,25.0,3.0,4,13.75,-1.7857142857142905,22,-15.4366555568889,24,-35.86753891093421,26,1.4011768031248373,26,72.41379516522393,16,143.79433201242108,5,391.0714369343253,1,241.1910492345581,3,169.6078481787859,2025-12-26,0.7914759017634495,1.7764601558265758,6.18872787187212,-50.39682416811695,2025-12-26,2000-11-10,27.71999931335449,4050.0,-50.39682416811695,-99.6604938271605,2025-12-26,14.0,-6.968875179838263,-6.968875179838263,5,14.763050005435945,False,2025-12-26,14.316025002002716,True,2025-11-28,-3.1821579378651488,-16.617105799194142,-40.17597754721868,151.52177628635746
2025-12-26,2025-12-19,LITHIUM,LI.V,American Lithium,23,25,2.0,-21.0,4,0.699999988079071,-2.777783296726133,23,-4.10959317953049,19,1.4492739851898806,21,100.0,17,64.70587492814137,19,22.80701699349357,21,-19.54023169627008,25,-6.666668256123865,24,18.644071049952025,2025-12-24,0.5941551172606753,16.666660043928626,-23.496233177450325,-40.1709389953061,2025-12-24,1985-02-11,1.1699999570846558,1050.0,-40.1709389953061,-99.93333333446866,2025-12-24,0.7200000286102294,-6.944445824181522,-2.777783296726133,4,0.5016000002622605,True,2025-12-24,0.4804749998450279,True,2025-11-28,-4.174226948876991,-5.290043421835732,-2.8591646510945923,0.5579991575235894
2025-12-26,2025-12-19,LITHIUM,ABAT.O,American Battery Technology,24,12,18.0,-6.0,4,3.819999933242797,-3.77833990645946,24,2.1390353877556167,16,-12.785391930739742,24,182.9629530206794,6,278.21781874380787,2,21.656044764984948,22,306.3829726523109,2,242.6008879434825,2,79.34271023480532,2025-12-26,0.5246662880839561,1.3262586888394656,21.13931505838033,-66.28420159782958,2025-12-26,2016-02-24,11.329999923706056,61.125,-66.28420159782958,-93.750511356658,2025-12-26,3.9700000286102295,-8.17307515962582,-8.17307515962582,5,2.753309504389763,True,2025-12-26,2.477110498845577,True,2025-11-28,-5.174783558610319,0.9585851454503748,-17.093830567024213,61.25663834237689
2025-12-26,2025-12-19,LITHIUM,SLI,Standard Lithium,25,7,4.0,-21.0,4,4.550000190734863,-10.958902703479987,25,8.59188851069419,12,21.33333841959635,18,135.75131162649464,12,237.03704521325704,4,197.38563894232527,3,169.23077140117044,6,276.0330617594738,1,191.66668959153088,2025-12-26,0.9984453426277448,-10.609036260607516,56.56520968100887,-15.584409954696932,2025-12-26,2017-06-20,5.389999866485596,12.369999885559082,-15.584409954696932,-63.21745971843864,2025-12-26,5.110000133514404,-10.958902703479987,-10.958902703479987,5,2.7559499949216844,True,2025-12-26,2.433949996829033,True,2025-11-28,-12.355346355630846,7.411438268388948,17.024899783311874,173.58061769910245
2025-12-26,2025-12-19,LITHIUM,EMH.AX,European Metals Holdings,26,18,24.0,-2.0,4,0.3199999928474426,-16.883116682055487,26,-15.789474509759636,25,56.09755884813883,11,93.93938189805206,18,-11.11111663005947,25,77.77776673988113,11,113.33332008785736,8,20.75472080058267,17,113.33332008785736,2025-12-24,0.9477140753603532,-20.00000298023218,42.88129661028125,-27.272728504228205,2025-12-24,2012-07-19,0.4399999976158142,2.150000095367432,-27.272728504228205,-85.11628006264088,2025-12-24,0.3849999904632568,-16.883116682055487,-16.883116682055487,3,0.2154499996080994,True,2025-12-24,0.1930749996379017,True,2025-11-28,-18.279560334206344,-16.96992475206488,51.78912021185436,95.24724819542894
2026-01-02,2025-12-26,LITHIUM,EMH.AX,European Metals Holdings,1,9,26.0,25.0,4,0.3600000143051147,18.03278880745962,1,-16.279067833272787,24,60.00001059638156,8,125.00001396983888,10,53.191495837534994,21,140.00000000000009,6,125.00001396983888,5,18.03278880745962,19,,2026-01-02,0.5582532482410594,-1.369861671503625,-3.292944154216358,-18.1818144873154,2026-01-02,2012-07-19,0.4399999976158142,2.150000095367432,-18.1818144873154,-83.25581403085513,2026-01-02,0.3050000071525573,0.0,0.0,4,0.2200749998912215,True,2026-01-02,0.1999999996647238,True,2025-12-05,19.06410693094681,-16.10542892331748,57.86877223790117,
2026-01-02,2025-12-26,LITHIUM,LAR.TO,Lithium Argentina AG,2,3,15.0,13.0,4,8.199999809265137,9.479306539965073,2,15.492956611377506,8,58.30115986500169,9,156.2499902211131,6,168.8524569660321,9,103.47393008337076,8,88.50574687444197,9,93.85342251277852,7,,2026-01-02,0.7634538872869057,7.329842311072476,17.118319906482,0.0,2026-01-02,2008-07-16,8.199999809265137,21.016979217529297,0.0,-60.98392768820986,2026-01-02,7.489999771118163,0.0,0.0,4,4.472349996566773,True,2026-01-02,4.123800002336502,True,2025-12-05,10.510624663452262,15.666595521332816,56.16992150652129,
2026-01-02,2025-12-26,LITHIUM,LAC.TO,Lithium Americas,3,18,20.0,17.0,4,6.550000190734863,5.645167616726288,3,-11.005433805512244,23,-31.485356660711528,25,77.50677748413742,21,65.40404362722798,20,48.52608656162556,18,88.21839525388084,10,89.85507536825823,8,,2026-01-02,0.5042921974746841,0.3062784116985684,-6.4223658209561245,-53.57901948895356,2026-01-02,2023-10-04,14.109999656677246,16.010000228881836,-53.57901948895356,-59.08806934981333,2026-01-02,6.199999809265137,-3.709677841115089,0.0,4,5.350350015163421,True,2026-01-02,5.13075001835823,True,2025-12-05,6.676485740213478,-10.831794895556934,-33.61659501919192,
2026-01-02,2025-12-26,LITHIUM,SLI,Standard Lithium,4,4,25.0,21.0,4,4.78000020980835,5.054945262240507,4,4.824567319944029,17,26.12137883693501,15,114.34978335983736,13,262.12121362637987,4,206.4102810985717,1,193.2515474718818,3,262.12121362637987,2,,2026-01-02,0.387451756264824,-1.0351907802793714,44.93754228749524,-11.31724808510951,2026-01-02,2017-06-20,5.389999866485596,12.369999885559082,-11.31724808510951,-61.35812244114415,2026-01-02,4.550000190734863,-3.66379485313878,0.0,5,2.820299993753433,True,2026-01-02,2.509399992823601,True,2025-12-05,6.0862633857276975,4.998206229899338,23.990140478454624,
2026-01-02,2025-12-26,LITHIUM,CRML.O,Critical Metals,5,18,18.0,13.0,4,8.119999885559082,4.909562347261187,5,-19.60396456561837,26,0.2469074462651654,20,124.3093961950501,11,386.2275505524137,1,23.9694602916962,22,19.411759673518027,18,-17.227323769305702,25,,2026-01-02,0.3002555320378789,-1.6949193637214477,17.410720931834163,-72.90623933401011,2026-01-02,2022-02-07,29.96999931335449,29.96999931335449,-72.90623933401011,-72.90623933401011,2026-01-02,7.739999771118163,-10.723513543284612,0.0,5,5.804324995875358,True,2026-01-02,5.260424997806549,True,2025-12-05,5.940880470748377,-19.43032565566306,-1.8843309122152263,
2026-01-02,2025-12-26,LITHIUM,AVL.TO,Avalon Advanced Materials,6,21,21.0,15.0,4,9.899999618530272,4.761902839658672,6,-8.333330389893911,21,37.499998344315344,12,83.33333922021222,20,119.99999152289492,13,37.499998344315344,19,9.999995761447456,20,0.0,22,,2026-01-02,0.193534680984724,4.761902839658672,-5.214369344208415,-59.259262747779694,2026-01-02,1984-05-31,24.30000114440918,7740.0,-59.259262747779694,-99.87209302818437,2026-01-02,9.449999809265137,-4.761902839658683,0.0,4,7.818749759197235,True,2026-01-02,7.463249754905701,True,2025-12-05,5.7932209631458615,-8.159691479938601,35.36875998583496,
2026-01-02,2025-12-26,LITHIUM,LI.V,American Lithium,7,23,23.0,16.0,4,0.6899999976158142,4.545450029951326,7,1.470586817363584,18,0.0,21,97.14285981898408,17,76.92308280124726,17,16.949157336771403,23,-5.479454851034116,25,-4.166670805877926,23,,2026-01-02,0.5268884982620721,-1.4285700905079524,-6.952988039857881,-41.02563906625092,2026-01-02,1985-02-11,1.1699999570846558,1050.0,-41.02563906625092,-99.93428571451278,2026-01-02,0.6600000262260437,-3.0303090509739783,0.0,4,0.5061500000953675,True,2026-01-02,0.4868500003218651,True,2025-12-05,5.5767681534385165,1.6442257273188932,-2.131238358480392,
2026-01-02,2025-12-26,LITHIUM,LTBR.O,Lightbridge,8,12,22.0,14.0,4,14.109999656677246,2.6181793212890714,8,-17.677945395967377,25,-32.584809121154265,26,12.430274440107691,26,78.72070539285009,16,176.66666510837524,4,414.9634893272445,1,290.85872760953936,1,,2026-01-02,0.5818035895317839,-2.217606664802041,-11.338400206441172,-49.098124075783936,2026-01-02,2000-11-10,27.71999931335449,4050.0,-49.098124075783936,-99.6516049467487,2026-01-02,13.75,-8.072724775834516,0.0,5,14.844900000095368,False,2026-01-02,14.38792500257492,True,2025-12-05,3.649497444776262,-17.50430648601207,-34.71604747963465,
2026-01-02,2025-12-26,LITHIUM,INR.AX,Ioneer Ltd,9,22,19.0,10.0,4,0.2000000029802322,2.564107854455844,9,11.111108351636956,13,25.00000465661296,16,106.18556400125362,15,37.931040507009484,23,29.032258994869565,21,-2.4390220854836664,23,37.931040507009484,16,,2026-01-02,0.5671903338647624,5.263160784158694,-5.190760045218157,-25.925927765575373,2026-01-02,2007-12-19,0.270000010728836,0.8500000238418579,-25.925927765575373,-76.47058854466079,2026-01-02,0.1949999928474426,-5.128200425668905,0.0,4,0.1455300002917647,True,2026-01-02,0.1432800002023577,True,2025-12-05,3.595425977943034,11.284747261592264,22.86876629813257,
2026-01-02,2025-12-26,LITHIUM,IGO.AX,IGO Limited,10,10,12.0,2.0,4,8.210000038146973,2.1144288196583982,10,18.470421955482408,7,57.58157347474804,10,98.30918606082852,16,118.93333435058592,14,68.93003729631768,13,40.341883281836274,15,45.82593021780532,14,,2026-01-02,0.5318569414064017,3.661615644689853,20.72350155825516,0.0,2026-01-02,2002-01-17,8.210000038146973,16.393840789794922,0.0,-49.92021611398316,2026-01-02,8.039999961853027,-0.1243809568319043,0.0,4,5.013599996566772,True,2026-01-02,4.715199992656708,True,2025-12-05,3.1457469431455887,18.64406086543772,55.45033511626765,
2026-01-02,2025-12-26,LITHIUM,GLN.AX,Galan Lithium,11,1,1.0,-10.0,4,0.3350000083446502,1.5151500099837678,11,42.55319540184406,2,131.03449516149007,2,179.1666798604036,4,219.0476369560447,5,123.3333300219644,7,168.00000667572016,4,108.23622299011002,6,,2026-01-02,0.6447072793156713,9.836065733954968,17.04978468541625,0.0,2026-01-02,2011-06-08,0.3350000083446502,2.1742498874664307,0.0,-84.59238699857941,2026-01-02,0.3300000131130218,-3.030309050973967,0.0,4,0.1498399998992681,True,2026-01-02,0.1354399999603629,True,2025-12-05,2.5464681334709582,42.726834311799365,128.90325680300967,
2026-01-02,2025-12-26,LITHIUM,MIN.AX,Mineral Resources,12,16,10.0,-2.0,4,55.43999862670898,0.8183250309272028,12,10.548348833250332,14,34.43258091731993,14,144.44443510019295,7,138.65690796036853,11,59.631440706719616,16,5.519599658637597,22,3.317179993213726,21,,2026-01-02,0.3249564548870654,-1.1588545625078273,33.21966503545069,-1.1588545625078273,2026-01-02,2006-07-28,56.09000015258789,96.27999877929688,-1.1588545625078273,-42.41794834896668,2026-01-02,54.9900016784668,-1.1092936747271076,0.0,4,34.033850021362305,True,2026-01-02,31.45220000267029,True,2025-12-05,1.8496431544143928,10.72198774320564,32.301342558839536,
2026-01-02,2025-12-26,LITHIUM,PLS.AX,Pilbara Minerals,13,7,6.0,-7.0,4,4.309999942779541,0.0,13,13.421052549024036,11,73.79031893676083,5,214.59853487432943,1,179.870133087112,8,95.02261847892832,9,30.211480884808097,16,45.11784179329948,15,,2026-01-02,0.6227190706299836,4.611652002380473,-14.32677519005174,-1.598177393433975,2026-01-02,2007-09-19,4.380000114440918,5.5,-1.598177393433975,-21.63636467673562,2026-01-02,4.309999942779541,-3.01624399458994,0.0,4,2.2864000076055526,True,2026-01-02,2.0981500083208084,True,2025-12-05,1.0313181234871904,13.594691458979346,71.65908057828044,
2026-01-02,2025-12-26,LITHIUM,ELV.AX,Elevra Lithium,14,5,7.0,-7.0,4,7.920000076293945,-1.2468874783282846,14,40.9252711311409,3,111.76470738231252,3,210.58824409388083,2,210.58824409388083,6,88.57143895155765,11,55.294122046940416,12,55.294122046940416,12,,2026-01-02,0.7089321671609898,4.900660612077012,24.738106275881204,-3.059975491620859,2026-01-02,2004-03-30,8.170000076293945,256.91192626953125,-3.059975491620859,-96.9172314453067,2026-01-02,8.020000457763672,-3.059975491620859,-3.059975491620859,4,3.692950012683869,True,2026-01-02,3.3493000078201294,True,2025-12-05,-0.2155693548410941,41.09891004109621,109.63346902383212,
2026-01-02,2025-12-26,LITHIUM,1772.HK,Ganfeng Lithium,15,8,9.0,-6.0,4,54.09999847412109,-1.2773736727829443,15,12.896495286556052,12,12.520791210074588,19,128.27002840742185,9,159.4724099967021,10,171.0420889558393,5,120.3665994109361,6,259.7074375753895,3,,2026-01-02,0.4929811605220263,-3.6509403313426336,1.5789243959803123,-13.647251146875172,2026-01-02,2018-10-11,62.650001525878906,128.0000457763672,-13.647251146875172,-57.73439130745246,2026-01-02,54.79999923706056,-5.200727214962608,-1.2773736727829443,4,33.035850038528444,True,2026-01-02,30.51229998588562,True,2025-12-05,-0.2460555492957539,13.070134196511365,10.389552851594196,
2026-01-02,2025-12-26,LITHIUM,SGML.O,Sigma Lithium,16,14,3.0,-13.0,4,14.210000038146973,-1.999999736917435,16,50.68928502947796,1,109.27835225302398,4,195.4261997337048,3,43.24596702478807,22,15.528453803202712,24,8.225437275649572,21,20.62818641985553,18,,2026-01-02,0.4804899188217912,5.181345650673408,29.991362455223964,-1.999999736917435,2026-01-02,2018-07-03,14.5,42.400001525878906,-1.999999736917435,-66.48585017273201,2026-01-02,14.5,-9.034485652528955,-1.999999736917435,5,7.317324986457825,True,2026-01-02,7.24642499923706,True,2025-12-05,-0.9686816134302444,50.86292393943327,107.1471138945436,
2026-01-02,2025-12-26,LITHIUM,DLI.AX,Delta Lithium,17,24,13.0,-4.0,4,0.2249999940395355,-2.173917409602921,17,7.142857649699397,15,24.99999172157749,17,45.16128536069557,24,36.363627332629946,24,32.35293627816509,20,-4.255321442460291,24,-15.094337288532822,24,,2026-01-02,0.4874494808775988,4.6511582776365135,37.285325193209225,-11.764706569834448,2026-01-02,2017-11-03,0.2549999952316284,0.9354239702224731,-11.764706569834448,-75.94673632470382,2026-01-02,0.2300000041723251,-4.347828340440207,-2.173917409602921,4,0.1794500005990267,True,2026-01-02,0.1761250011622905,True,2025-12-05,-1.1425992861157308,7.316496559654706,22.868753363097102,
2026-01-02,2025-12-26,LITHIUM,LIT,Global X Lithium & Battery Tech ETF,18,20,11.0,-7.0,4,66.2699966430664,-2.386217058692508,18,5.441524665038022,16,13.41775850922964,18,69.96664219090216,22,71.59502453624806,19,65.17945764549691,15,45.969150695493234,14,69.92306831555489,10,,2026-01-02,0.6899512053971207,-1.2369625185234543,23.62476157603007,-2.386217058692508,2026-01-02,2010-07-23,67.88999938964844,96.30999755859376,-2.386217058692508,-31.190947645130407,2026-01-02,67.88999938964844,-4.463100318953417,-2.386217058692508,5,48.025799903869625,True,2026-01-02,45.86679992675781,True,2025-12-05,-1.3548989352053176,5.615163574993332,11.286520150749247,
2026-01-02,2025-12-26,LITHIUM,SQM,Sociedad Quimica y Minera ADR,19,12,14.0,-5.0,4,69.7300033569336,-2.6661028042817447,19,13.82632266972026,10,56.27522417331481,11,86.24467391724086,19,75.33317212552684,18,93.42581090889156,10,67.98363328470995,11,71.96055405397901,9,,2026-01-02,0.4839766357190546,-1.6502089474825454,34.08985341414863,-2.6661028042817447,2026-01-02,1993-09-21,71.63999938964844,113.5199966430664,-2.6661028042817447,-38.57469571974959,2026-01-02,71.63999938964844,-3.9642606952631887,-2.6661028042817447,5,43.81770004272461,True,2026-01-02,41.45915000915527,True,2025-12-05,-1.6347846807945543,13.999961579675569,54.14398581483442,
2026-01-02,2025-12-26,LITHIUM,PMET.TO,PMET Resources Inc,20,16,17.0,-3.0,4,5.539999961853027,-2.977234240949578,20,18.629547566292647,6,36.11792943958514,13,119.84126999144532,12,132.7730964481243,12,52.61707402745584,17,28.837202700361985,17,6.538464712673497,20,,2026-01-02,0.5065771329654923,1.651379004360476,26.74383322181556,-2.977234240949578,2026-01-02,2010-03-15,5.710000038146973,493.5,-2.977234240949578,-98.87740628939147,2026-01-02,5.710000038146973,-5.42907076547311,-2.977234240949578,4,3.393199996352196,True,2026-01-02,3.1834999972581866,True,2025-12-05,-1.945916117462388,18.803186476247955,33.98669108110475,
2026-01-02,2025-12-26,LITHIUM,ABAT.O,American Battery Technology,21,11,24.0,3.0,4,3.700000047683716,-3.1413583156064018,21,-10.843374393799232,22,-26.147707012989382,24,96.80851367384452,18,262.74510949724066,3,73.70891309341039,12,259.2233155784787,2,236.36363340803425,4,,2026-01-02,0.3424703529953977,-6.801007027222417,3.986876466862353,-67.34333563460923,2026-01-02,2016-02-24,11.329999923706056,61.125,-67.34333563460923,-93.9468301878385,2026-01-02,3.819999933242797,-12.565445745073978,-3.1413583156064018,5,2.802476503551006,True,2026-01-02,2.5417605003714563,True,2025-12-05,-2.110040192119212,-10.669735483843922,-28.27894537146977,
2026-01-02,2025-12-26,LITHIUM,LTR.AX,Liontown Resources,22,6,5.0,-17.0,4,1.6200000047683716,-3.283579051560903,22,22.72726821176952,5,67.87565272492367,6,131.42857605097254,8,189.28571390558267,7,184.210530718718,3,101.2422348291187,8,69.63351131717468,11,,2026-01-02,0.6338690557512393,1.5673965962198275,14.364599498739356,-3.283579051560903,2026-01-02,2006-12-27,1.6749999523162842,3.150000095367432,-3.283579051560903,-48.57142997707096,2026-01-02,1.6749999523162842,-5.970143730110733,-3.283579051560903,4,0.9160999993979932,True,2026-01-02,0.8408999992907047,True,2025-12-05,-2.2522609280737127,22.90090712172482,65.74441436644328,
2026-01-02,2025-12-26,LITHIUM,CXO.AX,Core Lithium,23,2,4.0,-19.0,4,0.2750000059604644,-3.508768627628156,23,27.906977388909105,4,150.0000067732552,1,161.90477575844966,5,276.7123424686978,2,192.55320784758604,2,120.00000476837154,7,219.76743793168416,5,,2026-01-02,0.5222673793911771,-5.172409009139556,32.80107947572368,-5.172409009139556,2026-01-02,2011-02-11,0.2899999916553497,1.8650000095367432,-5.172409009139556,-85.25469144481275,2026-01-02,0.2849999964237213,-5.263152941442217,-3.508768627628156,4,0.1222749997675418,True,2026-01-02,0.1078849996253847,True,2025-12-05,-2.4774505041409656,28.080616298864413,147.8687684147748,
2026-01-02,2025-12-26,LITHIUM,ALB,Albermale,24,14,16.0,-8.0,4,143.92999267578125,-4.053064498164238,24,14.969238652380444,9,64.28488947958668,7,111.69289189296852,14,99.21106252703288,15,68.87244750304508,14,53.00307552111152,13,48.28971388433503,13,,2026-01-02,0.6019927018246116,-3.0839687566239005,27.0221369713941,-4.053064498164238,2026-01-02,1994-02-22,150.00999450683594,325.3800048828125,-4.053064498164238,-55.76556932943115,2026-01-02,150.00999450683594,-5.712947389674861,-4.053064498164238,5,83.47519992828369,True,2026-01-02,77.80459991455078,True,2025-12-05,-3.0217463746770474,15.142877562335755,62.15365112110629,
2026-01-02,2025-12-26,LITHIUM,VULG.DE,Vulcan Energy Resources,25,25,8.0,-17.0,4,2.563999891281128,-5.317579628769586,25,0.8654537958028286,19,-6.913120545582752,22,48.326236220350815,23,9.993529789357105,25,-8.030610524907866,25,14.42938609119755,19,25.69396913646045,17,,2026-01-02,0.8633874433491738,14.874541308633791,-2.0907071591895323,-24.447245089774704,2026-01-02,2022-02-15,3.3936550617218018,6.09117603302002,-24.447245089774704,-57.906324207644175,2026-01-02,2.7079999446868896,-7.6809434614275585,-5.317579628769586,3,2.2430813938379286,True,2026-01-02,2.2196850913763044,True,2025-12-05,-4.286261505282395,1.0390927057581378,-9.044358904063143,
2026-01-02,2025-12-26,LITHIUM,ATLX.O,Atlas Lithium,26,26,2.0,-24.0,4,4.380000114440918,-8.559495838774488,26,-4.5751640776868445,20,-16.41220790537803,23,13.17830087760219,25,-18.283581989967736,26,-37.15925041196474,26,-31.66926335873092,26,-59.92680702518537,26,,2026-01-02,0.5563876050036963,-9.128631567429968,-13.754335281754622,-41.59999847412109,2026-01-02,2013-02-28,7.5,412500.0,-41.59999847412109,-99.99893818179044,2026-01-02,4.789999961853027,-11.691021863033658,-8.559495838774488,5,4.757150012254715,False,2026-01-02,4.849125014543533,False,2025-12-05,-7.528177715287297,-4.401525167731535,-18.54344626385842,
2026-01-09,2026-01-02,LITHIUM,CRML.O,Critical Metals,1,5,5.0,4.0,4,14.975000381469728,84.4211895630915,1,63.126360388317934,1,1.801497910506722,19,429.15197120779663,1,841.8239035913259,1,92.72844811106516,14,119.89721743459508,8,44.406948377342005,18,84.4211895630915,2026-01-09,2.087770912177225,84.4211895630915,41.205106707540494,-50.03336428240444,2026-01-09,2022-02-07,29.96999931335449,29.96999931335449,-50.03336428240444,-50.03336428240444,2026-01-09,8.119999885559082,-2.036361694335942,0.0,6,6.080074999332428,True,2026-01-09,5.438424996137619,True,2025-12-12,82.84927094370072,61.09235883094666,-1.630813166337064,82.84927094370072
2026-01-09,2026-01-02,LITHIUM,AVL.TO,Avalon Advanced Materials,2,11,6.0,4.0,4,14.399999618530272,45.45454720601352,2,45.45454720601352,2,6.66666384096497,18,99.99999999999996,19,219.9999915228949,11,99.99999999999996,12,59.99999576144746,16,45.45454720601352,17,45.45454720601352,2026-01-09,1.7446074695409406,45.45454720601352,37.6553732797779,-40.74074510139128,2026-01-09,1984-05-31,24.30000114440918,7740.0,-40.74074510139128,-99.81395349330064,2026-01-09,9.899999618530272,-5.882356607744354,-5.882356607744354,6,8.005499758720397,True,2026-01-09,7.584749751091003,True,2025-12-12,43.88262858662273,43.42054564864224,3.2343527641211844,43.88262858662273
2026-01-09,2026-01-02,LITHIUM,ABAT.O,American Battery Technology,3,3,21.0,18.0,4,4.800000190734863,29.729733212835296,3,17.359413487985577,14,-23.076917198752767,23,166.66668432730262,7,381.87934442670246,3,135.29413139668875,8,384.8484994440512,2,328.57144377669505,1,29.729733212835296,2026-01-09,0.7689627465057239,29.729733212835296,10.65410541201564,-57.63459644256752,2026-01-09,2016-02-24,11.329999923706056,61.125,-57.63459644256752,-92.147238951763,2026-01-09,3.700000047683716,-6.223175350833444,0.0,6,2.891726503670216,True,2026-01-09,2.620984002351761,True,2025-12-12,28.157814593444503,15.325411930614298,-26.509228275596552,28.157814593444503
2026-01-09,2026-01-02,LITHIUM,LTR.AX,Liontown Resources,4,2,22.0,18.0,4,2.049999952316284,26.54320656063172,4,38.51350850654927,4,96.17225229706044,3,173.33332697550455,6,340.86020140857966,4,266.07141849793965,2,159.49365780189697,7,116.93121352723956,9,26.54320656063172,2026-01-09,0.936890242398925,26.54320656063172,32.9296754277638,0.0,2026-01-09,2006-12-27,2.049999952316284,3.150000095367432,0.0,-34.92063840470577,2026-01-09,1.6200000047683716,0.0,0.0,6,0.9480499993264676,True,2026-01-09,0.8625749991834164,True,2025-12-12,24.971287941240927,36.47950694917799,92.73994122021664,24.971287941240927
2026-01-09,2026-01-02,LITHIUM,ATLX.O,Atlas Lithium,5,25,26.0,21.0,4,5.260000228881836,20.091326288772148,5,23.764711267807904,10,-11.298475865968072,20,31.829579356130026,26,32.49370758123633,26,-20.423598749835435,26,-23.09941357396413,26,-54.22105888893371,26,20.091326288772148,2026-01-09,0.7807972624992937,20.091326288772148,11.175768507101376,-29.395968274518925,2026-01-09,2013-02-28,7.449999809265136,412500.0,-29.395968274518925,-99.99872484842936,2026-01-09,4.380000114440918,-4.440154955511922,0.0,6,4.741700016260147,True,2026-01-09,4.82795000910759,False,2025-12-12,18.51940766938136,21.730709710436624,-14.730786942811855,18.51940766938136
2026-01-09,2026-01-02,LITHIUM,CXO.AX,Core Lithium,6,1,23.0,17.0,4,0.3300000131130218,20.00000216744158,6,43.47826396810528,3,200.0000135465104,1,200.0000135465104,5,450.000034148496,2,275.0000169331379,1,186.9565279362108,3,254.83871536291272,5,20.00000216744158,2026-01-09,1.1244993566025885,20.00000216744158,48.95122910924077,-1.492535852860155,2026-01-09,2011-02-11,0.3350000083446502,1.8650000095367432,-1.492535852860155,-82.30562941417935,2026-01-09,0.2750000059604644,-1.6949137131806236,-1.492535852860155,6,0.1280449996888637,True,2026-01-09,0.1112949996814131,True,2025-12-12,18.42808354805079,41.444262410734005,196.56770246966656,18.42808354805079
2026-01-09,2026-01-02,LITHIUM,LI.V,American Lithium,7,20,7.0,0.0,4,0.8199999928474426,18.84057908417722,7,28.12500174622987,8,-27.433628645338327,24,141.17646594773538,10,107.59492925947424,18,34.42622518321588,23,-11.82795843646377,25,7.894737254879813,23,18.84057908417722,2026-01-09,1.098137742350045,18.84057908417722,6.500993077873714,-29.91452795513981,2026-01-09,1985-02-11,1.1699999570846558,1050.0,-29.91452795513981,-99.92190476258595,2026-01-09,0.6899999976158142,-8.888887269997248,-8.888887269997248,6,0.5149000002443791,True,2026-01-09,0.4921750001609325,True,2025-12-12,17.268660464786432,26.09100018885859,-30.865939722182112,17.268660464786432
2026-01-09,2026-01-02,LITHIUM,LAR.TO,Lithium Argentina AG,8,6,2.0,-6.0,4,9.729999542236328,18.65853376292097,8,33.28766147959301,6,44.14814136646413,12,205.01565416003044,4,237.84719290280896,9,130.5687209949942,10,106.58172958453616,9,146.3290993614547,6,18.65853376292097,2026-01-09,0.9457856270746376,18.65853376292097,18.946221654970664,-1.1178923642865213,2026-01-09,2008-07-16,9.84000015258789,21.016979217529297,-1.1178923642865213,-53.704100662948825,2026-01-09,8.199999809265137,-1.1178923642865213,-1.1178923642865213,6,4.622299995422363,True,2026-01-09,4.223999999761581,True,2025-12-12,17.08661514353018,31.253659922221733,40.715830289620335,17.08661514353018
2026-01-09,2026-01-02,LITHIUM,LTBR.O,Lightbridge,9,13,8.0,-1.0,4,16.510000228881836,17.00921779306239,9,6.860844224613083,23,-30.68849521241073,25,36.22112528691866,24,118.96552138475536,16,176.08695946860246,5,455.8922582437639,1,313.7844659002575,2,17.00921779306239,2026-01-09,0.6866174010860474,17.00921779306239,16.35706828767554,-40.44011313907964,2026-01-09,2000-11-10,27.71999931335449,4050.0,-40.44011313907964,-99.59234567336094,2026-01-09,14.109999656677246,-1.7682866763670035,0.0,6,15.01860000371933,True,2026-01-09,14.551675007343292,True,2025-12-12,15.4372991736716,4.826842667241804,-34.12080628925452,15.4372991736716
2026-01-09,2026-01-02,LITHIUM,LAC.TO,Lithium Americas,10,18,3.0,-7.0,4,7.489999771118163,14.351138213903456,10,6.392042779879348,25,-33.89232284594601,26,106.90607756639166,18,94.54545341951082,20,59.36170372503171,20,102.43242363759086,10,117.10143964046752,8,14.351138213903456,2026-01-09,0.8681717917851544,14.351138213903456,4.872898777270021,-46.91708041556411,2026-01-09,2023-10-04,14.109999656677246,16.010000228881836,-46.91708041556411,-53.21674163622872,2026-01-09,6.550000190734863,-3.603606312685759,-3.603606312685759,6,5.430800015926361,True,2026-01-09,5.210500019788742,True,2025-12-12,12.779219594512668,4.358041222508069,-37.3246339227898,12.779219594512668
2026-01-09,2026-01-02,LITHIUM,ALB,Albermale,11,12,24.0,13.0,4,161.2899932861328,12.061419783058655,11,21.508201455091115,12,67.13988941568168,9,127.84290323515854,12,166.7272863075649,15,86.3977759869367,15,58.25156611440888,17,78.28008302184399,12,12.061419783058655,2026-01-09,1.1007311565598448,12.061419783058655,31.16136600215312,-0.1733081793603208,2026-01-09,1994-02-22,161.57000732421875,325.3800048828125,-0.1733081793603208,-50.43026895760778,2026-01-09,143.92999267578125,-2.0177072586765488,-0.1733081793603208,6,85.45594993591308,True,2026-01-09,79.10399993896485,True,2025-12-12,10.489501163667867,19.474199897719835,63.70757833883789,10.489501163667867
2026-01-09,2026-01-02,LITHIUM,PMET.TO,PMET Resources Inc,12,14,20.0,8.0,4,6.150000095367432,11.010832810734716,12,34.57330118943216,5,52.98507772505023,11,116.54930567722504,15,195.673092353274,13,83.03572283867699,16,40.09112260613348,19,30.57324937489787,20,11.010832810734716,2026-01-09,0.8962846554979845,11.010832810734716,57.33282180932379,0.0,2026-01-09,2010-03-15,6.150000095367432,493.5,0.0,-98.75379937277256,2026-01-09,5.539999961853027,0.0,0.0,6,3.469399994015694,True,2026-01-09,3.237849999070168,True,2025-12-12,9.438914191343926,32.53929963206088,49.55276664820644,9.438914191343926
2026-01-09,2026-01-02,LITHIUM,ELV.AX,Elevra Lithium,13,7,14.0,1.0,4,8.670000076293945,9.469696878474675,13,26.56934594160409,9,95.71107025404658,4,240.0000093497484,2,285.3333367241753,7,131.20000203450522,9,80.62499441206477,12,80.62499441206477,11,9.469696878474675,2026-01-09,0.8464319241069528,9.469696878474675,39.458751091240615,-2.47469357179555,2026-01-09,2004-03-30,8.890000343322756,256.91192626953125,-2.47469357179555,-96.6253026077123,2026-01-09,7.920000076293945,-2.47469357179555,-2.47469357179555,6,3.834550018310547,True,2026-01-09,3.429450008869172,True,2025-12-12,7.8977782590838865,24.53534438423281,92.2787591772028,7.8977782590838865
2026-01-09,2026-01-02,LITHIUM,PLS.AX,Pilbara Minerals,14,8,13.0,-1.0,4,4.650000095367432,7.888634735540689,14,13.414639110440495,17,73.507461923086,6,208.9701069834069,3,269.0476294097267,8,107.58928908795424,11,63.15790354269944,14,54.48505349170348,14,7.888634735540689,2026-01-09,0.8688584591465834,7.888634735540689,-20.05583968921448,-3.92562089319084,2026-01-09,2007-09-19,4.840000152587891,5.5,-3.92562089319084,-15.45454372059215,2026-01-09,4.309999942779541,-3.92562089319084,-3.92562089319084,6,2.3573250091075897,True,2026-01-09,2.1512750083208085,True,2025-12-12,6.316716116149901,11.380637553069215,70.07515084624221,6.316716116149901
2026-01-09,2026-01-02,LITHIUM,SQM,Sociedad Quimica y Minera ADR,15,15,19.0,4.0,4,74.4000015258789,6.697257914990407,15,13.018379851816132,18,72.14252527656113,7,93.49804954383865,21,109.57746908698284,17,93.90149491000864,13,71.82448692100623,13,84.93662036403573,10,6.697257914990407,2026-01-09,0.9553646579060096,6.697257914990407,51.415690308743855,-0.932086501284557,2026-01-09,1993-09-21,75.0999984741211,113.5199966430664,-0.932086501284557,-34.460884667033575,2026-01-09,69.7300033569336,-1.3848214868948605,-0.932086501284557,6,44.56210000991821,True,2026-01-09,42.05575000762939,True,2025-12-12,5.125339295599618,10.984378294444852,68.71021419971734,5.125339295599618
2026-01-09,2026-01-02,LITHIUM,DLI.AX,Delta Lithium,16,24,17.0,1.0,4,0.2399999946355819,6.6666671081825335,16,17.073169136104084,15,33.3333250549108,13,33.3333250549108,25,54.83870502565205,24,41.17646594773532,21,-4.000002145767246,24,-5.882353284917253,25,6.6666671081825335,2026-01-09,0.9055366074916,6.6666671081825335,45.03446997135512,-5.882353284917253,2026-01-09,2017-11-03,0.2549999952316284,0.9354239702224731,-5.882353284917253,-74.34318530681843,2026-01-09,0.2249999940395355,-5.882353284917253,-5.882353284917253,6,0.1811750005185604,True,2026-01-09,0.177075001001358,True,2025-12-12,5.094748488791745,15.039167578732805,29.901013978067017,5.094748488791745
2026-01-09,2026-01-02,LITHIUM,GLN.AX,Galan Lithium,17,3,11.0,-6.0,4,0.3549999892711639,5.97014341144062,17,31.48147228323421,7,136.66665010982166,2,162.96294456646842,8,195.833331005027,12,183.9999914169311,4,173.0769248403742,4,120.6682241371869,7,5.97014341144062,2026-01-09,1.0150390905813007,5.97014341144062,47.36536512613132,-5.333336194356297,2026-01-09,2011-06-08,0.375,2.1742498874664307,-5.333336194356297,-83.67253040611483,2026-01-09,0.3350000083446502,-5.333336194356297,-5.333336194356297,6,0.1560399999096989,True,2026-01-09,0.1387900000065565,True,2025-12-12,4.398224792049832,29.44747072586293,133.23433903297789,4.398224792049832
2026-01-09,2026-01-02,LITHIUM,IGO.AX,IGO Limited,18,16,10.0,-8.0,4,8.649999618530273,5.35931276904853,18,21.48876063993155,13,57.27272033691406,10,97.03872167665943,20,177.24358768623011,14,73.34669369317372,17,61.38058587805868,15,49.13791955297011,16,5.35931276904853,2026-01-09,0.7118710211604166,5.35931276904853,13.35522211722414,-1.3683105241706903,2026-01-09,2002-01-17,8.770000457763672,16.393840789794922,-1.3683105241706903,-47.23628386146795,2026-01-09,8.210000038146973,-1.3683105241706903,-1.3683105241706903,6,5.124349994659424,True,2026-01-09,4.788549995422363,True,2025-12-12,3.787394149657741,19.45475908256027,53.840409260070274,3.787394149657741
2026-01-09,2026-01-02,LITHIUM,INR.AX,Ioneer Ltd,19,22,9.0,-10.0,4,0.209999993443489,4.999995157122661,19,16.666658388244127,16,-17.64705985475169,21,109.99999031424532,16,82.60868663823916,21,39.999990065892966,22,0.0,22,49.999994678156746,15,4.999995157122661,2026-01-09,1.2480356942405804,4.999995157122661,-4.26545156923157,-22.22222774117061,2026-01-09,2007-12-19,0.270000010728836,0.8500000238418579,-22.22222774117061,-75.29411911139435,2026-01-09,0.2000000029802322,-6.666667108182589,-6.666667108182589,6,0.1469300002232193,True,2026-01-09,0.1437800002470612,True,2025-12-12,3.4280765377318723,14.632656830872849,-21.07937093159548,3.4280765377318723
2026-01-09,2026-01-02,LITHIUM,1772.HK,Ganfeng Lithium,20,10,15.0,-5.0,4,56.5,4.436232150777153,20,11.881188118811892,20,10.67580968538573,17,125.99999999999996,13,232.7444141530215,10,175.60975609756096,6,160.96998150356336,5,264.9870908965007,4,4.436232150777153,2026-01-09,0.6230704515879444,4.436232150777153,7.591580463924738,-9.816442739172992,2026-01-09,2018-10-11,62.650001525878906,128.0000457763672,-9.816442739172992,-55.859390785912,2026-01-09,54.09999847412109,-2.3560183108134347,-1.3961592455713825,6,33.85560002326965,True,2026-01-09,31.229449996948244,True,2025-12-12,2.8643135313863644,9.847186561440612,7.243498608541944,2.8643135313863644
2026-01-09,2026-01-02,LITHIUM,SLI,Standard Lithium,21,9,4.0,-17.0,4,4.96999979019165,3.974886444427983,21,7.575755699184694,22,12.698411840267145,16,107.94977288885596,17,317.6470211102612,5,203.04877033799545,3,160.20941764638297,6,310.7437713640773,3,3.974886444427983,2026-01-09,0.5669497405824335,3.974886444427983,44.278570482822296,-7.792209400698836,2026-01-09,2017-06-20,5.389999866485596,12.369999885559082,-7.792209400698836,-59.82215168818473,2026-01-09,4.78000020980835,-5.333337329682852,-5.333337329682852,6,2.91444999396801,True,2026-01-09,2.594849992990494,True,2025-12-12,2.4029678250371944,5.541754141813415,9.266100763423356,2.4029678250371944
2026-01-09,2026-01-02,LITHIUM,MIN.AX,Mineral Resources,22,18,12.0,-10.0,4,57.09000015258789,2.9761933022198983,22,9.725161429956476,21,27.80390081206001,14,131.97886524462118,11,296.458344895531,6,64.85705570812752,19,19.08636167707593,20,1.3671883201988644,24,2.9761933022198983,2026-01-09,0.7546595224299103,2.9761933022198983,26.98172691779495,-1.1770820491388778,2026-01-09,2006-07-28,57.77000045776367,96.27999877929688,-1.1770820491388778,-40.70419518444782,2026-01-09,55.43999862670898,-2.21568074979106,-1.1770820491388778,6,34.86055003166199,True,2026-01-09,32.130000009536744,True,2025-12-12,1.4042746828291095,7.691159872585197,24.371589735216222,1.4042746828291095
2026-01-09,2026-01-02,LITHIUM,LIT,Global X Lithium & Battery Tech ETF,23,22,18.0,-5.0,4,68.20999908447266,2.9274219702397186,23,6.795052802828994,24,15.375507978376234,15,73.07789735744375,22,94.83005528314894,19,71.51118506250127,18,49.15810139353653,18,72.81478838337252,13,2.9274219702397186,2026-01-09,1.0250572586786046,2.9274219702397186,20.98534941821771,-1.954866488885065,2026-01-09,2010-07-23,69.56999969482422,96.30999755859376,-1.954866488885065,-29.17661632898021,2026-01-09,66.2699966430664,-2.1417246949914537,-1.954866488885065,6,48.71544990539551,True,2026-01-09,46.42609992980957,True,2025-12-12,1.35550335084893,4.761051245457715,11.943196901532447,1.35550335084893
2026-01-09,2026-01-02,LITHIUM,VULG.DE,Vulcan Energy Resources,24,26,25.0,1.0,4,2.624000072479248,2.3401007699785925,24,12.136759347307713,19,-19.99668235521085,22,40.00581096700442,23,39.88094837134906,25,-13.366568182737726,25,14.624647208963214,21,10.039657194825358,22,2.3401007699785925,2026-01-09,0.6509603371409854,2.3401007699785925,-2.335273014745248,-22.67923449038048,2026-01-09,2022-02-15,3.3936550617218018,6.09117603302002,-22.67923449038048,-56.92128977631496,2026-01-09,2.563999891281128,-9.704054929148407,-9.704054929148407,6,2.2501978033781054,True,2026-01-09,2.227977345585823,True,2025-12-12,0.7681821505878039,10.102757789936431,-23.428993432054643,0.7681821505878039
2026-01-09,2026-01-02,LITHIUM,EMH.AX,European Metals Holdings,25,17,1.0,-24.0,4,0.3600000143051147,0.0,25,-14.285708203607484,26,71.42858359278507,8,125.00001396983888,14,56.52174251066031,23,140.00000000000009,7,100.00000000000004,11,38.46154904224504,19,0.0,2026-01-09,0.4123959657660456,0.0,-29.103492307254022,-18.1818144873154,2026-01-09,2012-07-19,0.4399999976158142,2.150000095367432,-18.1818144873154,-83.25581403085513,2026-01-09,0.3600000143051147,-6.944445824181534,0.0,6,0.2257500001043081,True,2026-01-09,0.2068249995633959,True,2025-12-12,-1.5719186193907886,-16.319709760978764,67.99627251594129,-1.5719186193907886
2026-01-09,2026-01-02,LITHIUM,SGML.O,Sigma Lithium,26,21,16.0,-10.0,4,13.510000228881836,-4.926107018902015,26,23.604756190942886,11,81.83042450894276,5,149.2619933341334,9,57.093018949064266,22,15.766924940519988,24,-2.5955274668175266,23,17.17259793379382,21,-4.926107018902015,2026-01-09,0.7690049032999925,-4.926107018902015,29.514187766548776,-16.75908435040968,2026-01-09,2018-07-03,16.229999542236328,42.400001525878906,-16.75908435040968,-68.13679305969839,2026-01-09,14.210000038146973,-18.05298480678664,-16.75908435040968,6,7.392874984741211,True,2026-01-09,7.238724999427795,True,2025-12-12,-6.498025638292804,21.570754633571607,78.39811343209897,-6.498025638292804
2026-01-16,2026-01-09,LITHIUM,CRML.O,Critical Metals,1,4,1.0,0.0,4,17.649999618530273,17.863099625497348,1,134.3957387350391,1,-9.114317460401644,20,330.48780558720574,1,684.4444274902344,1,132.84960153272323,11,151.06684341068384,7,66.82419419477344,14,117.36453038527384,2026-01-16,2.5040035031511896,17.863099625497348,32.19870331293024,-41.107774364661,2026-01-16,2022-02-07,29.96999931335449,29.96999931335449,-41.107774364661,-41.107774364661,2026-01-16,14.975000381469728,-9.716192899109998,-1.5341680905720856,6,6.4507499974966045,True,2026-01-16,5.576474999189377,True,2025-12-19,18.24020218728687,132.85195695692803,-13.804869070979898,116.17564207305556
2026-01-16,2026-01-09,LITHIUM,LAR.TO,Lithium Argentina AG,2,1,8.0,6.0,4,11.390000343322754,17.060646240327504,2,52.88591456281202,2,97.0588223162092,4,230.14493292456183,2,296.8641392856348,5,166.12149030321604,7,131.97557428287965,9,143.37608463900625,6,38.90244644217251,2026-01-16,1.270530304912963,17.060646240327504,47.90940900690753,-1.8949123157636305,2026-01-16,2008-07-16,11.609999656677246,21.016979217529297,-1.8949123157636305,-45.80572105327641,2026-01-16,9.729999542236328,-1.8949123157636305,-1.8949123157636305,6,4.823799999952317,True,2026-01-16,4.314649999141693,True,2025-12-19,17.437748802117024,51.342132784700965,92.36827070563092,37.71355812995423
2026-01-16,2026-01-09,LITHIUM,DLI.AX,Delta Lithium,3,18,16.0,13.0,4,0.2750000059604644,14.583338377997412,3,37.50000093132255,7,41.02564925507946,13,77.41935731965216,21,71.87500756699605,22,44.73684705855776,22,12.24489820743293,21,22.22222810910086,21,22.22222810910086,2026-01-16,2.498954261016703,14.583338377997412,35.7597978040002,-3.508768627628156,2026-01-16,2017-11-03,0.2849999964237213,0.9354239702224731,-3.508768627628156,-70.601565203096,2026-01-16,0.2399999946355819,-3.508768627628156,-3.508768627628156,6,0.1835000003874302,True,2026-01-16,0.1776250008493662,True,2025-12-19,14.960440939786936,35.9562191532115,36.3350976445012,21.03333979688258
2026-01-16,2026-01-09,LITHIUM,1772.HK,Ganfeng Lithium,4,5,20.0,16.0,4,63.5,12.389380530973447,4,22.94288116948793,12,39.92948106080188,15,164.58333333333334,6,245.4842377552726,10,202.3809523809524,5,221.68186796490056,3,263.2723207261368,4,17.375234364147786,2026-01-16,1.0323688274384422,12.389380530973447,30.672500427310712,-4.9401241032892,2026-01-16,2018-10-11,66.80000305175781,128.0000457763672,-4.9401241032892,-50.39064274168869,2026-01-16,56.5,-4.9401241032892,-4.9401241032892,6,34.863350048065186,True,2026-01-16,31.930350036621093,True,2025-12-19,12.76648309276297,21.399099391376872,35.23892945022362,16.186346051929505
2026-01-16,2026-01-09,LITHIUM,LAC.TO,Lithium Americas,5,13,10.0,5.0,4,8.300000190734863,10.814425158464026,5,26.91131864140197,8,-20.115496472827854,23,99.04076831843668,18,121.33333841959634,19,67.6767779909684,18,83.62832357874306,11,89.93135945295319,9,26.7175564738978,2026-01-16,1.1307713440477234,10.814425158464026,32.84973561368488,-41.17646780517765,2026-01-16,2023-10-04,14.109999656677246,16.010000228881836,-41.17646780517765,-48.15740117378782,2026-01-16,7.489999771118163,-3.206656238921468,-1.425176775199033,6,5.534800015687942,True,2026-01-16,5.274350016117096,True,2025-12-19,11.191527720253548,25.36753686329092,-24.806048083406107,25.528668161679512
2026-01-16,2026-01-09,LITHIUM,LI.V,American Lithium,6,18,7.0,1.0,4,0.8799999952316284,7.317073525310214,6,22.222216703273865,13,0.0,17,137.83783348395593,9,134.66666539510092,17,54.38596601301284,21,-18.51852219781744,25,14.285716497389478,22,27.53623163367089,2026-01-16,1.425553940959399,7.317073525310214,14.38744892021976,-24.78632243505666,2026-01-16,1985-02-11,1.1699999570846558,1050.0,-24.78632243505666,-99.9161904766446,2026-01-16,0.8199999928474426,-7.368420392192299,-7.368420392192299,6,0.5270999999344349,True,2026-01-16,0.4976500003039837,True,2025-12-19,7.694176087099736,20.67843492516281,-4.690551610578253,26.34734332145261
2026-01-16,2026-01-09,LITHIUM,INR.AX,Ioneer Ltd,7,21,19.0,12.0,4,0.2249999940395355,7.142857649699397,7,24.99999172157749,11,-10.000002384185802,21,114.2857152993988,14,60.71428077257417,23,40.62499941792337,23,-4.255321442460291,23,55.17241414747118,16,12.499995343387194,2026-01-16,0.8899083119388451,7.142857649699397,9.911401425550736,-16.666672185615028,2026-01-16,2007-12-19,0.270000010728836,0.8500000238418579,-16.666672185615028,-73.52941320841697,2026-01-16,0.209999993443489,-2.380950184636021,0.0,6,0.1485800001397728,True,2026-01-16,0.1442800003662705,True,2025-12-19,7.519960211488918,23.456209943466444,-14.690553994764056,11.31110703116891
2026-01-16,2026-01-09,LITHIUM,ATLX.O,Atlas Lithium,8,24,5.0,-3.0,4,5.630000114440918,7.034218050551999,8,41.45728862965028,5,-4.57627078919054,18,44.35897376331979,24,42.89340184458521,25,-18.28736975995574,26,-27.7278544029454,26,-54.74276282678583,26,28.53881203972424,2026-01-16,1.0224998403663887,7.034218050551999,29.92538474952684,-24.42952673046769,2026-01-16,2013-02-28,7.449999809265136,412500.0,-24.42952673046769,-99.9986351514874,2026-01-16,5.260000228881836,-3.760680235523328,-3.760680235523328,6,4.747900015115738,True,2026-01-16,4.793800009489059,False,2025-12-19,7.411320612341521,39.913506851539225,-9.266822399768792,27.34992372750596
2026-01-16,2026-01-09,LITHIUM,LTBR.O,Lightbridge,9,9,9.0,0.0,4,17.59000015258789,6.541489453263316,9,25.64285823277064,10,-33.39643977956509,26,21.14324792037265,25,142.28649584074532,16,220.98540312709457,2,261.1909767133092,2,329.02440394481573,2,24.66336343434148,2026-01-16,0.7662265157299355,6.541489453263316,28.67202842815115,-36.54400942169696,2026-01-16,2000-11-10,27.71999931335449,4050.0,-36.54400942169696,-99.56567900857809,2026-01-16,16.510000228881836,-2.443090108083445,-2.3320381507847543,6,15.259825007915495,True,2026-01-16,14.646000006198882,False,2025-12-19,6.9185920150528375,24.099076454659585,-38.08699139014335,23.474475122123195
2026-01-16,2026-01-09,LITHIUM,ELV.AX,Elevra Lithium,10,6,13.0,3.0,4,9.210000038146973,6.2283732076257925,10,25.99179357373536,9,97.21627168485868,3,223.1579068889252,3,261.1764788380133,7,155.83334117024052,9,70.55555324986152,14,86.06061400059455,10,16.287878149322754,2026-01-16,1.3901162249886292,6.2283732076257925,35.76915020459357,-8.63095131095215,2026-01-16,2004-03-30,10.079999923706056,256.91192626953125,-8.63095131095215,-96.41511385949262,2026-01-16,8.670000076293945,-8.63095131095215,-8.63095131095215,6,4.008650019168853,True,2026-01-16,3.5242000102996824,True,2025-12-19,6.605475769415314,24.448011795624303,92.5257200742804,15.09898983710447
2026-01-16,2026-01-09,LITHIUM,EMH.AX,European Metals Holdings,11,14,25.0,14.0,4,0.3799999952316284,5.555550036607193,11,-1.298700092333005,26,46.15384968074838,12,137.5000023283065,10,85.36585294937964,21,162.06896976965385,8,72.7272714957718,13,40.74073338214295,18,5.555550036607193,2026-01-16,0.8130776421395437,5.555550036607193,-16.03797667776277,-13.636364252114095,2026-01-16,2012-07-19,0.4399999976158142,2.150000095367432,-13.636364252114095,-82.32558240111673,2026-01-16,0.3600000143051147,-7.5000001862645105,-5.000002607703157,6,0.2309250000864267,True,2026-01-16,0.2133499995991587,True,2025-12-19,5.932652598396714,-2.842481870444058,41.463298070170126,4.366661724388909
2026-01-16,2026-01-09,LITHIUM,LTR.AX,Liontown Resources,12,2,4.0,-8.0,4,2.150000095367432,4.878055872057874,12,46.75768234687854,3,89.42732276939465,5,160.6060759314057,7,317.47575826947923,4,270.6896822815427,1,160.6060759314057,5,125.1309039727964,8,32.716054878952924,2026-01-16,0.919693421566504,4.878055872057874,58.06318914860604,-2.714929490673179,2026-01-16,2006-12-27,2.2100000381469727,3.150000095367432,-2.714929490673179,-31.74603078490875,2026-01-16,2.049999952316284,-2.714929490673179,-2.714929490673179,6,0.9865750013291836,True,2026-01-16,0.8822499997913837,True,2025-12-19,5.255158433847395,45.213900568767485,84.7367711588164,31.527166566734643
2026-01-16,2026-01-09,LITHIUM,MIN.AX,Mineral Resources,13,20,22.0,9.0,4,59.77999877929688,4.711856051005903,13,13.542254599771251,19,40.69191908173626,14,118.17518106412096,13,259.90365191221747,8,66.00944616970375,20,21.726731900500653,20,3.7486981732949287,24,7.828283297426086,2026-01-16,0.844366994240803,4.711856051005903,26.684458278701182,-2.543204058380155,2026-01-16,2006-07-28,61.34000015258789,96.27999877929688,-2.543204058380155,-37.910262217253575,2026-01-16,57.09000015258789,-2.543204058380155,-2.543204058380155,6,35.76270003318787,True,2026-01-16,32.895350008010865,True,2025-12-19,5.088958612795425,11.9984728216602,36.001367471158005,6.639394985207803
2026-01-16,2026-01-09,LITHIUM,SQM,Sociedad Quimica y Minera ADR,14,12,15.0,1.0,4,77.52999877929686,4.206985469387692,14,12.754503156778371,20,74.45994863892815,8,113.8758587015086,15,124.20472722378744,18,93.6313611552168,14,97.9320970220623,10,81.90990314947031,11,11.18599605170918,2026-01-16,1.343761738987464,4.206985469387692,40.3460060579275,-6.792500006191215,2026-01-16,1993-09-21,83.18000030517578,113.5199966430664,-6.792500006191215,-31.70366360821043,2026-01-16,74.4000015258789,-6.792500006191215,-6.792500006191215,6,45.546200046539305,True,2026-01-16,42.73254999160767,True,2025-12-19,4.584088031177213,11.21072137866732,69.7693970283499,9.997107739490897
2026-01-16,2026-01-09,LITHIUM,GLN.AX,Galan Lithium,15,3,17.0,2.0,4,0.3650000095367431,2.8169072021973385,15,37.73586009057208,6,128.1250110594558,1,170.37036669107147,5,247.6190675548422,9,180.7692484037417,6,170.37036669107147,4,133.97436026020867,7,8.955224013376363,2026-01-16,1.583287954844974,2.8169072021973385,28.97436777710255,-8.749998975545182,2026-01-16,2011-06-08,0.4000000059604644,2.1742498874664307,-8.749998975545182,-83.2126007391881,2026-01-16,0.3549999892711639,-8.749998975545182,-8.749998975545182,6,0.1628900000080466,True,2026-01-16,0.1424899999052286,True,2025-12-19,3.1940097639868603,36.19207831246103,123.43445944887756,7.766335701158079
2026-01-16,2026-01-09,LITHIUM,IGO.AX,IGO Limited,16,16,18.0,2.0,4,8.880000114440918,2.65896538790511,16,15.625004074536353,17,65.67163979935475,10,87.73784521422338,20,161.17646662834198,14,73.09941357396414,16,64.14048733640345,16,48.993289557122296,17,8.160780428512226,2026-01-16,0.9628597093158192,2.65896538790511,29.1090890084551,-3.0567656947101063,2026-01-16,2002-01-17,9.15999984741211,16.393840789794922,-3.0567656947101063,-45.83331491197188,2026-01-16,8.649999618530273,-3.0567656947101063,-3.0567656947101063,6,5.250549992322922,True,2026-01-16,4.873849996328354,True,2025-12-19,3.036067949694632,14.0812222964253,60.981088188776496,6.971892116293942
2026-01-16,2026-01-09,LITHIUM,SLI,Standard Lithium,17,11,21.0,4.0,4,5.099999904632568,2.6156965780456343,17,-0.1956991902260174,25,-5.380333377301438,19,89.59107048876163,19,277.7777640417282,6,203.5714323727453,4,146.37681493269747,8,274.99998904326395,3,6.6945539911817065,2026-01-16,0.6701456624765173,2.6156965780456343,38.79984118969265,-5.380333377301438,2026-01-16,2017-06-20,5.389999866485596,12.369999885559082,-5.380333377301438,-58.77122108476021,2026-01-16,4.96999979019165,-3.2258079109908744,-3.2258079109908744,6,3.0109999960660936,True,2026-01-16,2.6850999945402148,True,2025-12-19,2.992799139835156,-1.7394809683370704,-10.07088498787969,5.505665678963423
2026-01-16,2026-01-09,LITHIUM,PMET.TO,PMET Resources Inc,18,17,12.0,-6.0,4,6.300000190734863,2.439025903112113,18,18.867923849288506,16,52.912630236152445,11,103.22581885632604,16,193.02325168772617,13,77.96610900066511,15,56.71642339866041,18,23.772102197910083,20,13.71841577824904,2026-01-16,0.9464745519180578,2.439025903112113,48.63075200786373,-7.352940970226152,2026-01-16,2010-03-15,6.800000190734863,493.5,-7.352940970226152,-98.72340421666972,2026-01-16,6.150000095367432,-7.352940970226152,-7.352940970226152,6,3.567949995398521,True,2026-01-16,3.2933000010252,True,2025-12-19,2.816128464901635,17.324142071177448,48.22207862557419,12.529527466030755
2026-01-16,2026-01-09,LITHIUM,LIT,Global X Lithium & Battery Tech ETF,19,23,23.0,4.0,4,69.66000366210938,2.1257947472495875,19,8.690915341690708,23,21.31662466646312,16,75.33351237030581,22,99.19931721611977,20,67.37146912501089,19,62.71899422448972,17,68.62745423956353,12,5.115447699962505,2026-01-16,1.057433600099495,2.1257947472495875,46.83742114181882,-1.6934757802794742,2026-01-16,2010-07-23,70.86000061035156,96.30999755859376,-1.6934757802794742,-27.671056559077243,2026-01-16,68.20999908447266,-1.6934757802794742,-1.6934757802794742,6,49.486999950408936,True,2026-01-16,46.999749908447264,True,2025-12-19,2.5028973090391093,7.147133563579655,16.62607305588486,3.9265593877442218
2026-01-16,2026-01-09,LITHIUM,ALB,Albermale,20,14,11.0,-9.0,4,163.0399932861328,1.0850022151687178,20,11.763084609919773,22,71.09874249100329,9,131.55799574808373,11,210.1388514981957,12,72.85834797885353,17,65.9440135227815,15,66.86111433199464,13,13.277288670054354,2026-01-16,1.0044731437412024,1.0850022151687178,33.89546805772725,-8.172351177822945,2026-01-16,1994-02-22,177.5500030517578,325.3800048828125,-8.172351177822945,-49.89243627774466,2026-01-16,161.2899932861328,-8.172351177822945,-8.172351177822945,6,87.92634994506835,True,2026-01-16,80.67665000915527,True,2025-12-19,1.4621047769582396,10.21930283180872,66.40819088042504,12.08840035783607
2026-01-16,2026-01-09,LITHIUM,PLS.AX,Pilbara Minerals,21,10,14.0,-7.0,4,4.679999828338623,0.6451555345359905,21,19.083963074847365,15,76.60376075155288,7,202.91261866243468,4,241.60582569705025,11,100.0,13,73.97768508504808,12,55.9999942779541,15,8.584684233672334,2026-01-16,0.9855245372238708,0.6451555345359905,-7.333731038406133,-3.901438638301869,2026-01-16,2007-09-19,4.869999885559082,5.5,-3.901438638301869,-14.909094030206848,2026-01-16,4.650000095367432,-3.901438638301869,-3.901438638301869,6,2.434875007867813,True,2026-01-16,2.2036000096797945,True,2025-12-19,1.0222580963255123,17.54018129673631,71.91320914097463,7.39579592145405
2026-01-16,2026-01-09,LITHIUM,ABAT.O,American Battery Technology,22,8,3.0,-19.0,4,4.829999923706056,0.6249944120647832,22,21.66246571531851,14,-14.814817306615168,22,131.100484309148,12,351.4018399005951,2,139.10890937190402,10,364.42308662205807,1,331.2499913520048,1,30.54053679620208,2026-01-16,0.8444437460079826,0.6249944120647832,11.814162348638996,-57.36981503768486,2026-01-16,2016-02-24,11.329999923706056,61.125,-57.36981503768486,-92.09815963401871,2026-01-16,4.800000190734863,-9.039548479208223,-9.039548479208223,6,2.990751503407956,True,2026-01-16,2.692834004461765,True,2025-12-19,1.002096973854305,20.118683937207457,-19.505368917193422,29.351648483983794
2026-01-16,2026-01-09,LITHIUM,VULG.DE,Vulcan Energy Resources,23,26,24.0,1.0,4,2.5460000038146973,-2.9725635102918813,23,14.0680947782168,18,-22.0167325174958,25,52.14532904263487,23,23.796020956538232,26,-15.239367256166192,25,2.04249384039219,22,11.95386351348815,23,-0.7020237219057313,2026-01-16,0.2155853200850304,-2.9725635102918813,14.285554729819708,-24.977643351797784,2026-01-16,2022-02-15,3.3936550617218018,6.09117603302002,-24.977643351797784,-58.20183179712861,2026-01-16,2.624000072479248,-5.493689739903374,-5.493689739903374,6,2.2533105891942977,True,2026-01-16,2.233211036324501,False,2025-12-19,-2.5954609485023594,12.524313000105746,-26.70728412807405,-1.8909120341240149
2026-01-16,2026-01-09,LITHIUM,AVL.TO,Avalon Advanced Materials,24,22,2.0,-22.0,4,13.5,-6.24999751647306,24,42.85714574051198,4,-21.05262453426111,24,7.142862008542661,26,150.00001766063673,15,114.28572401708531,12,36.36364161804053,19,25.000008830318343,19,36.36364161804053,2026-01-16,0.979586851009316,-6.24999751647306,29.39426976688778,-44.44444706083477,2026-01-16,1984-05-31,24.30000114440918,7740.0,-44.44444706083477,-99.82558139534883,2026-01-16,14.399999618530272,-6.24999751647306,-6.24999751647306,6,8.228249759674073,True,2026-01-16,7.676999752521515,True,2025-12-19,-5.872894954683538,41.31336396240093,-25.743176144839364,35.17475330582225
2026-01-16,2026-01-09,LITHIUM,SGML.O,Sigma Lithium,25,25,26.0,1.0,4,12.270000457763672,-9.17838453079577,25,0.6562828559002698,24,80.97345247885337,6,100.49020730729583,17,58.73221769065853,24,3.895004418314008,24,-10.893245825233675,24,-1.0483803610149445,25,-13.652354505104435,2026-01-16,1.2008377782774986,-9.17838453079577,4.772791269223895,-26.039780922788825,2026-01-16,2018-07-03,16.59000015258789,42.400001525878906,-26.039780922788825,-71.06132071652247,2026-01-16,13.510000228881836,-26.039780922788825,-26.039780922788825,6,7.488899989128113,True,2026-01-16,7.224374990463257,True,2025-12-19,-8.801281969006247,-0.8874989222107832,76.28290086827512,-14.84124281732272
2026-01-16,2026-01-09,LITHIUM,CXO.AX,Core Lithium,26,7,6.0,-20.0,4,0.2800000011920929,-15.151518161850609,26,12.000000476837158,21,107.40740004880962,2,154.5454570084565,8,330.76924840374176,3,214.60673743434512,3,154.5454570084565,6,154.5454570084565,5,1.8181800448205496,2026-01-16,0.8424580551520775,-15.151518161850609,16.83240896678443,-16.417912173892535,2026-01-16,2011-02-11,0.3350000083446502,1.8650000095367432,-16.417912173892535,-84.98659518711513,2026-01-16,0.3300000131130218,-15.151518161850609,-15.151518161850609,6,0.1337199997529387,True,2026-01-16,0.1151949996873736,True,2025-12-19,-14.774415600061085,10.456218698726104,102.71684843823137,0.6292917326022662
2026-01-23,2026-01-16,LITHIUM,GLN.AX,Galan Lithium,1,1,15.0,14.0,4,0.4699999988079071,28.767119596634984,1,42.42423640357149,4,224.1379395393076,1,224.1379395393076,2,327.27272850422844,2,291.6666744276886,1,203.2258033504348,4,211.00082854893915,5,40.29850361208589,2026-01-23,1.714229461148806,28.767119596634984,19.56030364511478,0.0,2026-01-23,2011-06-08,0.4699999988079071,2.1742498874664307,0.0,-78.38334951666572,2026-01-23,0.3650000095367431,-4.10959317953048,0.0,6,0.1706400000676512,True,2026-01-23,0.1454649998620152,True,2025-12-24,29.118702709163248,42.63102142979341,221.5086971120459,39.465378342928446
2026-01-23,2026-01-16,LITHIUM,SGML.O,Sigma Lithium,2,18,25.0,23.0,4,14.739999771118164,20.130393000854664,2,1.6551708352976924,25,141.2438535028293,3,116.4464008071922,11,86.58227333138538,22,33.51449114175635,23,3.7297658800028,23,22.12096225187872,21,3.7297658800028,2026-01-23,1.1423209498282507,3.4385948850397474,-4.144276343537734,-11.151298158253145,2026-01-23,2018-07-03,16.59000015258789,42.400001525878906,-11.151298158253145,-65.23585084750154,2026-01-23,12.270000457763672,-6.904233754561906,0.0,5,7.583824992179871,True,2026-01-23,7.279499988555909,True,2025-12-26,20.481976113382927,1.861955861519604,138.6146110755676,2.896640610845358
2026-01-23,2026-01-16,LITHIUM,DLI.AX,Delta Lithium,3,14,3.0,0.0,4,0.324999988079071,18.18181128541316,3,41.304340079736754,6,100.0,6,91.17646156504094,17,103.12499708961688,21,91.17646156504094,17,38.29786761846408,21,51.16278263863663,19,44.44444297272479,2026-01-23,3.124216097511559,18.18181128541316,42.97240443090086,0.0,2026-01-23,2017-11-03,0.324999988079071,0.9354239702224731,0.0,-65.25639726745769,2026-01-23,0.2750000059604644,-1.818180044820528,0.0,6,0.1867500002682209,True,2026-01-23,0.1782500007748604,True,2025-12-24,18.533394397941425,41.51112510595867,97.37075757273831,43.611317703567344
2026-01-23,2026-01-16,LITHIUM,CRML.O,Critical Metals,4,2,1.0,-3.0,4,20.6200008392334,16.827202747273716,4,166.40828745469742,1,51.17302287552796,15,354.1850443280009,1,1180.7453823615715,1,180.54423274532283,9,220.18634559039288,3,106.82046426241904,12,153.94090061386328,2026-01-23,3.1094571678511524,19.536236749179125,22.721727807893,-31.197860154620606,2026-01-23,2022-02-07,29.96999931335449,29.96999931335449,-31.197860154620606,-31.197860154620606,2026-01-23,17.649999618530273,-13.484414800031509,0.0,5,6.776599999666214,True,2026-01-23,5.697474996447563,True,2025-12-26,17.17878585980198,166.61507248091934,48.54378044826628,153.10777534470583
2026-01-23,2026-01-16,LITHIUM,ALB,Albermale,5,8,20.0,15.0,4,189.509994506836,16.235281103237465,5,26.331578859033968,13,94.64871951396312,9,140.5254376250283,9,240.6002814264829,12,111.0356214549442,14,101.69220556979916,13,107.16002137364627,11,31.66817491176344,2026-01-23,1.2213693106070904,9.051672136053137,45.71550287235981,0.0,2026-01-23,1994-02-22,189.509994506836,325.3800048828125,0.0,-41.75733245345267,2026-01-23,163.0399932861328,0.0,0.0,5,90.301699924469,True,2026-01-23,82.14274997711182,True,2025-12-26,16.58686421576573,26.53836388525588,92.01947708670144,30.835049642605995
2026-01-23,2026-01-16,LITHIUM,PMET.TO,PMET Resources Inc,6,13,18.0,12.0,4,7.199999809265137,14.285707798134094,6,26.09456674542692,14,98.89502864316113,7,67.83216487850878,22,207.69231082733185,13,108.69564376090725,15,113.01773862383672,11,59.99999576144748,17,29.9638963689969,2026-01-23,0.8472886507751801,14.285707798134094,44.25756405584882,0.0,2026-01-23,2010-03-15,7.199999809265137,493.5,0.0,-98.54103347329986,2026-01-23,6.300000190734863,-3.1746076197970097,0.0,6,3.6771999943256377,True,2026-01-23,3.3366499978303907,True,2025-12-24,14.637290910662358,26.30135177164883,96.26578621589944,29.130771099839457
2026-01-23,2026-01-16,LITHIUM,AVL.TO,Avalon Advanced Materials,7,17,24.0,17.0,4,15.300000190734863,13.333334746184168,7,61.90476719093863,2,0.0,22,70.00000211927626,21,142.85715691356765,17,183.33335688084887,8,70.00000211927626,20,6.2500041392115735,25,54.5454624270608,2026-01-23,1.577404766355252,13.333334746184168,25.86747308419206,-37.0370392173623,2026-01-23,1984-05-31,24.30000114440918,7740.0,-37.0370392173623,-99.80232557893108,2026-01-23,13.5,-5.55555882604345,-5.55555882604345,6,8.502749767303467,True,2026-01-23,7.737749755382538,True,2025-12-24,13.684917858712431,62.111552217160536,-2.62924242726168,53.71233715790336
2026-01-23,2026-01-16,LITHIUM,SLI,Standard Lithium,8,5,17.0,9.0,4,5.650000095367432,10.784317667050791,8,24.175821066392288,15,37.46958422933662,17,107.72058955654762,13,289.655166176922,7,250.9316798239908,2,167.7725296811372,5,295.10491626630824,4,18.200833627033752,2026-01-23,0.8647965561302872,10.136451643786849,27.25352272428213,0.0,2026-01-23,2017-06-20,5.650000095367432,12.369999885559082,0.0,-54.32497859629471,2026-01-23,5.099999904632568,-4.313721456971287,0.0,5,3.0894499975442886,True,2026-01-23,2.7559499949216844,True,2025-12-26,11.135900779579057,24.3826060926142,34.84034180207494,17.36770835787631
2026-01-23,2026-01-16,LITHIUM,1772.HK,Ganfeng Lithium,9,4,4.0,-5.0,4,70.0,10.236220472440948,9,27.73722805576222,12,52.43903046873262,14,150.89606077810936,7,273.53255525586,8,244.8275991666296,3,227.1028095691504,2,306.9767261338023,3,29.39002213370623,2026-01-23,0.6315283773226963,10.236220472440948,20.39877247674025,0.0,2026-01-23,2018-10-11,70.0,128.0000457763672,0.0,-45.31251955776708,2026-01-23,63.5,-4.01574683001662,0.0,6,35.951600036621095,True,2026-01-23,32.414100046157834,True,2025-12-24,10.587803584969212,27.94401308198413,49.80978804147094,28.556896864548783
2026-01-23,2026-01-16,LITHIUM,SQM,Sociedad Quimica y Minera ADR,10,10,14.0,4.0,4,85.43000030517578,10.189606152797314,10,19.24902433419049,18,91.8912835282282,10,116.0050618284794,12,144.5748627506228,16,118.71479083867185,13,114.64824608746716,10,120.57836642112936,10,22.51541114644311,2026-01-23,1.0211325673217608,7.351091152951228,43.255288186314445,0.0,2026-01-23,1993-09-21,85.43000030517578,113.5199966430664,0.0,-24.744535913097486,2026-01-23,77.52999877929686,0.0,0.0,5,46.44950002670288,True,2026-01-23,43.311049995422366,True,2025-12-26,10.541189265325578,19.4558093604124,89.26204110096651,21.68228587728567
2026-01-23,2026-01-16,LITHIUM,ATLX.O,Atlas Lithium,11,24,8.0,-3.0,4,6.170000076293944,9.591473372583591,11,28.810023495429405,8,16.195859562744786,19,19.342359482455528,26,52.345673721423005,25,-2.06349381754154,25,-23.258705154621573,25,-47.97638908176359,26,40.867577969949664,2026-01-23,1.075972202409358,6.747402289428739,21.60020600174421,-17.181204909285086,2026-01-23,2013-02-28,7.449999809265136,412500.0,-17.181204909285086,-99.99850424240574,2026-01-23,5.630000114440918,-2.841923996393314,0.0,5,4.77060001373291,True,2026-01-23,4.783950008153916,True,2025-12-26,9.943056485111857,29.01680852165132,13.566617135483106,40.03445270079222
2026-01-23,2026-01-16,LITHIUM,PLS.AX,Pilbara Minerals,12,12,21.0,9.0,4,5.079999923706056,8.547010898276696,12,17.865429028983648,20,71.62161683235149,13,177.59561773633558,5,247.94519116270536,11,118.9655202535048,12,86.76470111295025,16,75.77853769228481,15,17.865429028983648,2026-01-23,0.955670901105496,8.547010898276696,21.6094245647906,0.0,2026-01-23,2007-09-19,5.079999923706056,5.5,0.0,-7.63636502352626,2026-01-23,4.679999828338623,0.0,0.0,6,2.523625004887581,True,2026-01-23,2.2400250107049944,True,2025-12-24,8.89859401080496,18.07221405520556,68.9923744050898,17.032303759826206
2026-01-23,2026-01-16,LITHIUM,LIT,Global X Lithium & Battery Tech ETF,13,22,19.0,6.0,4,74.75,7.306913681170624,13,10.104581929628864,23,28.348210586740908,18,71.95766712884146,20,107.81205855777507,20,81.03656658406571,18,75.84098553618574,18,90.93230418034292,14,12.796142728974802,2026-01-23,1.2899354273937491,5.489697087414602,50.37885023690711,0.0,2026-01-23,2010-07-23,74.75,96.30999755859376,0.0,-22.3860430953463,2026-01-23,69.66000366210938,0.0,0.0,5,50.223199939727785,True,2026-01-23,47.53279991149903,True,2025-12-26,7.658496793698887,10.311366955850776,25.71896815947923,11.96301745981736
2026-01-23,2026-01-16,LITHIUM,LAC.TO,Lithium Americas,14,15,5.0,-9.0,4,8.800000190734863,6.024096247107802,14,41.935491313795616,5,-2.762430881006428,23,98.198199939751,16,129.76502261179274,18,92.98246274474371,16,99.09502350310898,14,125.64102501402084,8,34.351144037868586,2026-01-23,1.152343711374932,6.024096247107802,25.155055097152605,-37.6328816098131,2026-01-23,2023-10-04,14.109999656677246,16.010000228881836,-37.6328816098131,-45.03435312349481,2026-01-23,8.300000190734863,-5.542169006941267,0.0,6,5.645100017786026,True,2026-01-23,5.309800019264221,True,2025-12-24,6.375679359636067,42.14227634001753,-5.391673308268108,33.518018768711144
2026-01-23,2026-01-16,LITHIUM,IGO.AX,IGO Limited,15,19,16.0,1.0,4,9.3100004196167,4.842345716600871,15,15.796025669022118,21,72.72728479095557,12,78.69482440403135,18,158.61112961798588,14,78.69482440403135,19,81.4814856126242,17,65.364124873401,16,13.398299346634367,2026-01-23,0.9905118497056672,4.842345716600871,42.439867417347095,0.0,2026-01-23,2002-01-17,9.3100004196167,16.393840789794922,0.0,-43.21037675678707,2026-01-23,8.880000114440918,0.0,0.0,6,5.395699993371964,True,2026-01-23,4.935900000333786,True,2025-12-24,5.193928829129135,16.00281069524403,70.09804236369388,12.565174077476923
2026-01-23,2026-01-16,LITHIUM,MIN.AX,Mineral Resources,16,21,13.0,-3.0,4,62.29999923706056,4.215457526299593,16,13.29332121380209,22,47.6303272766127,16,103.19634555483876,15,261.99885270923323,9,76.13797319314979,20,73.10362970706754,19,14.47997304897366,24,12.373738781167054,2026-01-23,0.7223116485117217,4.215457526299593,23.93068887468459,0.0,2026-01-23,2006-07-28,62.29999923706056,96.27999877929688,0.0,-35.29289569283112,2026-01-23,59.77999877929688,0.0,0.0,6,36.855050020217895,True,2026-01-23,33.41370000839233,True,2025-12-24,4.567040638827857,13.500106240024,45.00108484935102,11.540613512009612
2026-01-23,2026-01-16,LITHIUM,ELV.AX,Elevra Lithium,17,9,10.0,-7.0,4,9.59000015258789,4.125951279771911,17,19.5760549278323,17,136.20690363907798,4,177.97101507365164,4,255.1851845637925,10,177.97101507365164,11,93.73738428510354,15,93.73738428510354,13,21.085859346044344,2026-01-23,0.9218740820954616,4.125951279771911,26.97689123872271,-4.861108877250963,2026-01-23,2004-03-30,10.079999923706056,256.91192626953125,-4.861108877250963,-96.26720320389998,2026-01-23,9.210000038146973,-1.520090583527545,-0.6217561483335965,6,4.186950013637543,True,2026-01-23,3.594450011253357,True,2025-12-24,4.477534392300175,19.78283995405421,133.5776612118163,20.252734076886902
2026-01-23,2026-01-16,LITHIUM,CXO.AX,Core Lithium,18,6,26.0,8.0,4,0.2899999916553497,3.571425150243601,18,1.7543843138140502,24,176.19047686626587,2,152.17390121268895,6,320.2898535075444,5,211.8279406219185,6,163.63635747885908,6,195.91836657116,6,5.454540134461583,2026-01-23,0.9218245083454498,3.571425150243601,-15.583798747992944,-13.432840468172236,2026-01-23,2011-02-11,0.3350000083446502,1.8650000095367432,-13.432840468172236,-84.45040267171986,2026-01-23,0.2800000011920929,-3.5714251502436345,-1.6949137131806236,6,0.1392149996943771,True,2026-01-23,0.1182799996808171,True,2025-12-24,3.9230082627718654,1.961169340035962,173.56123443900418,4.621414865304141
2026-01-23,2026-01-16,LITHIUM,LAR.TO,Lithium Argentina AG,19,3,2.0,-17.0,4,11.760000228881836,3.248462461864543,19,57.00935364816726,3,105.2356054055192,5,198.47715883481817,3,321.5053903108738,4,194.0000057220459,7,144.49065215759896,9,182.6923235633676,7,43.414640273457984,2026-01-23,0.7825574071366161,3.248462461864543,34.780290976019664,0.0,2026-01-23,2008-07-16,11.760000228881836,21.016979217529297,0.0,-44.045240245213925,2026-01-23,11.390000343322754,-3.1869069466017086,0.0,6,5.040099997520446,True,2026-01-23,4.382150000333786,True,2025-12-24,3.600045574392808,57.21613867438917,102.60636297825752,42.58151500430054
2026-01-23,2026-01-16,LITHIUM,VULG.DE,Vulcan Energy Resources,20,26,23.0,3.0,4,2.615999937057495,2.7494082143721954,20,-3.397341562354872,26,-14.010761998118504,24,34.64983957691747,24,22.418498301115864,26,-5.312871506544036,26,5.627312098830273,22,17.71720039391058,23,2.028082994589564,2026-01-23,0.5934622982656093,2.7494082143721954,25.03822963677186,-22.9149725154965,2026-01-23,2022-02-15,3.3936550617218018,6.09117603302002,-22.9149725154965,-57.05262952710175,2026-01-23,2.5460000038146973,-3.534953418478548,-1.6541408779486066,6,2.2656637591123583,True,2026-01-23,2.235823549628258,True,2025-12-23,3.10099132690046,-3.19055653613296,-16.640004425380184,1.194957725432122
2026-01-23,2026-01-16,LITHIUM,EMH.AX,European Metals Holdings,21,16,11.0,-10.0,4,0.3899999856948852,2.631576470721076,21,27.86884477016156,11,77.27272173097306,11,143.7499965075402,8,73.33333156726974,23,178.5714171674788,10,110.81080036149416,12,50.0,20,8.333325054910778,2026-01-23,0.4556431842267796,-2.5000050291418274,-16.112648701369174,-11.36363913451347,2026-01-23,2012-07-19,0.4399999976158142,2.150000095367432,-11.36363913451347,-81.86046658624754,2026-01-23,0.3799999952316284,-5.263152941442217,0.0,5,0.2349000000208616,True,2026-01-23,0.2154499996080994,True,2025-12-24,2.98315958324934,28.07562979638347,74.64347930371139,7.500199785753336
2026-01-23,2026-01-16,LITHIUM,INR.AX,Ioneer Ltd,22,25,7.0,-15.0,4,0.2300000041723251,2.222226784553172,22,17.948724414705296,19,15.00000037252902,20,76.92308662205795,19,70.37036669107147,24,21.052635293918343,24,-11.53845668897102,24,58.62069709689408,18,15.00000037252902,2026-01-23,1.045251895148689,2.222226784553172,9.368538672608247,-14.81481665446427,2026-01-23,2007-12-19,0.270000010728836,0.8500000238418579,-14.81481665446427,-72.94117673870602,2026-01-23,0.2249999940395355,-8.88888726999727,0.0,6,0.1506550002470612,True,2026-01-23,0.1448050003126263,True,2025-12-24,2.573809897081436,18.155509440927208,12.37075794526734,14.16687510337158
2026-01-23,2026-01-16,LITHIUM,LTR.AX,Liontown Resources,23,7,12.0,-11.0,4,2.190000057220459,1.8604632594767745,23,30.74627579493383,7,98.19004700621788,8,135.48387530939144,10,291.071437124391,6,231.8181773026786,4,162.27546269445128,7,122.33502796093178,9,35.1851883194029,2026-01-23,0.6544488354350214,1.8604632594767745,43.08359630285586,-0.9049764968910634,2026-01-23,2006-12-27,2.2100000381469727,3.150000095367432,-0.9049764968910634,-30.476190764527377,2026-01-23,2.150000095367432,-2.790705978450969,0.0,6,1.028025001436472,True,2026-01-23,0.8970999993383885,True,2025-12-24,2.2120463720050387,30.95306082115574,95.56080457895618,34.352063050245455
2026-01-23,2026-01-16,LITHIUM,LTBR.O,Lightbridge,24,20,9.0,-15.0,4,17.6200008392334,0.1705553518206892,24,28.145460648970165,10,-23.72294134952593,26,27.312143388515043,25,111.2709894107848,19,73.42520771515026,21,159.88201023568203,8,475.8170316574689,1,24.875983472438445,2026-01-23,0.7942393440428439,0.2845825001574154,9.738151807248666,-36.43578183371483,2026-01-23,2000-11-10,27.71999931335449,4050.0,-36.43578183371483,-99.56493825088312,2026-01-23,17.59000015258789,-3.978199057551513,-3.978199057551513,5,15.470050013065338,True,2026-01-23,14.763050005435945,False,2025-12-26,0.5221384643489535,28.35224567519208,-26.35218377678761,24.042858203281003
2026-01-23,2026-01-16,LITHIUM,ABAT.O,American Battery Technology,25,11,22.0,-3.0,4,4.699999809265137,-2.6915137990555005,25,23.036646371752887,16,-16.370108452456368,25,51.61290173724087,23,323.4234007832373,3,219.727871958521,5,371.08348426167305,1,360.7843036424282,2,27.027020234971168,2026-01-23,0.9468461674381908,-3.391571831772233,-4.852737555802535,-58.51721234850847,2026-01-23,2016-02-24,11.329999923706056,61.125,-58.51721234850847,-92.31083875784844,2026-01-23,4.829999923706056,-4.948448986337583,-3.0927855323080733,5,3.065302002131939,True,2026-01-23,2.753309504389763,True,2025-12-26,-2.339930686527236,23.2434313979748,-18.999350879718047,26.19389496581373
2026-01-23,2026-01-16,LITHIUM,LI.V,American Lithium,26,23,6.0,-20.0,4,0.8500000238418579,-3.409087676400968,26,28.78787728271106,9,8.974366028163349,21,104.8192869718822,14,157.57575456542216,15,44.06780705510916,22,-24.107141051517463,26,18.05555417581848,22,23.18840967810123,2026-01-23,1.0054154015918106,-3.409087676400968,-0.0923437171770831,-27.350422647891104,2026-01-23,1985-02-11,1.1699999570846558,1050.0,-27.350422647891104,-99.91904761677696,2026-01-23,0.8799999952316284,-3.409087676400968,-3.409087676400968,6,0.5390000005066394,True,2026-01-23,0.5016000002622605,True,2025-12-24,-3.057504563872704,28.994662308932973,6.345123600901669,22.35528440894379
2026-01-30,2026-01-23,LITHIUM,LI.V,American Lithium,1,11,26.0,25.0,4,0.8500000238418579,0.0,1,23.18840967810123,3,14.86486660641766,15,123.68421960735598,8,142.85715380493494,12,51.78571789696509,20,-20.56074932950348,23,37.09677698460876,17,23.18840967810123,2026-01-30,2.083042021317272,0.0,15.933724705066547,-27.350422647891104,2026-01-30,1985-02-11,1.1699999570846558,1050.0,-27.350422647891104,-99.91904761677696,2026-01-30,0.8500000238418579,-5.617978957818792,-4.494377808534078,6,0.5513250003755092,True,2026-01-30,0.5061500000953675,True,2026-01-02,-0.3386530232040607,22.013809981828647,13.154457214936668,22.013809981828647
2026-01-30,2026-01-23,LITHIUM,LIT,Global X Lithium & Battery Tech ETF,2,16,13.0,11.0,4,69.94999694824219,-6.4214087648934,2,5.553041333314757,15,10.768005159234464,18,66.58726875953845,20,90.91156690358602,18,70.15323743543966,16,61.43548117302156,13,82.92362415776647,12,5.553041333314757,2026-01-30,2.056037808719004,-6.4214087648934,11.868028885279536,-6.981383262041085,2026-01-30,2010-07-23,75.19999694824217,96.30999755859376,-6.981383262041085,-27.36995252680231,2026-01-30,74.75,-6.981383262041085,-6.981383262041085,6,51.200649967193606,True,2026-01-30,48.025799903869625,True,2026-01-02,-6.7600617880974605,4.378441637042174,9.057595767753469,4.378441637042174
2026-01-30,2026-01-23,LITHIUM,MIN.AX,Mineral Resources,3,14,16.0,13.0,4,57.150001525878906,-8.26644907584213,3,3.084420890202022,16,18.568466019239228,14,85.67251543524014,14,177.5619286175475,10,59.05928483292093,19,58.39800062506899,14,9.94613703188223,21,3.084420890202022,2026-01-30,1.145290728250518,-7.718389723465546,8.070036782637683,-10.675207979407077,2026-01-30,2006-07-28,63.97999954223633,96.27999877929688,-10.675207979407077,-40.64187551883529,2026-01-30,62.29999923706056,-10.675207979407077,-10.675207979407077,5,37.73300002098083,True,2026-01-30,34.033850021362305,True,2026-01-02,-8.605102099046192,1.90982119392944,16.858056627758234,1.90982119392944
2026-01-30,2026-01-23,LITHIUM,VULG.DE,Vulcan Energy Resources,4,24,20.0,16.0,4,2.3599998950958248,-9.785934561207288,4,-7.956318441315247,20,-20.09618754011414,24,28.20930383467757,24,5.6406228838779215,26,1.6800402259680158,23,-9.88483514850824,22,7.738891671037607,22,-7.956318441315247,2026-01-30,0.3425036265401905,-9.785934561207288,-21.93401533188561,-30.458462861618663,2026-01-30,2022-02-15,3.3936550617218018,6.09117603302002,-30.458462861618663,-61.25543109733884,2026-01-30,2.615999937057495,-9.785934561207288,-9.785934561207288,6,2.2777507489919664,True,2026-01-30,2.2430813938379286,True,2026-01-02,-10.124587584411348,-9.13091813758783,-21.80659693159513,-9.13091813758783
2026-01-30,2026-01-23,LITHIUM,ALB,Albermale,5,3,5.0,0.0,4,170.6300048828125,-9.962529772192264,5,18.55069378567682,4,74.3079026935371,4,147.68472404494136,4,191.42614364853543,8,99.2177487950857,10,78.63275845832871,10,84.4449258919509,10,18.55069378567682,2026-01-30,1.1171651622258187,-9.962529772192264,32.73147799364313,-12.12791671708925,2026-01-30,1994-02-22,194.17999267578125,325.3800048828125,-12.12791671708925,-47.55977554789641,2026-01-30,189.509994506836,-12.12791671708925,-12.12791671708925,6,93.49964992523194,True,2026-01-30,83.47519992828369,True,2026-01-02,-10.301182795396326,17.376094089404237,72.59749330205611,17.376094089404237
2026-01-30,2026-01-23,LITHIUM,SQM,Sociedad Quimica y Minera ADR,6,7,10.0,4.0,4,76.83999633789062,-10.05502041039409,6,10.196461549790037,12,59.31991927679729,8,105.619476944457,11,124.67834685301423,16,87.23195571084521,13,98.65562495253822,7,103.65755968767807,8,10.196461549790037,2026-01-30,1.00533931658095,-10.05502041039409,23.855776947038823,-10.05502041039409,2026-01-30,1993-09-21,85.43000030517578,113.5199966430664,-10.05502041039409,-32.311488186972326,2026-01-30,85.43000030517578,-10.05502041039409,-10.05502041039409,6,47.64645002365112,True,2026-01-30,43.81770004272461,True,2026-01-02,-10.393673433598147,9.021861853517454,57.6095098853163,9.021861853517454
2026-01-30,2026-01-23,LITHIUM,IGO.AX,IGO Limited,7,15,15.0,8.0,4,8.319999694824217,-10.633734480897497,7,1.3398252882599548,17,50.45206833929865,10,79.31034341011538,16,112.24488604321992,17,64.42687329861715,18,57.87475758892671,15,54.07406570162476,13,1.3398252882599548,2026-01-30,1.2100586499581598,-10.441337685811249,19.40085712561574,-11.205978693266704,2026-01-30,2002-01-17,9.369999885559082,16.393840789794922,-11.205978693266704,-49.24923450517238,2026-01-30,9.3100004196167,-11.205978693266704,-11.205978693266704,5,5.501649992465973,True,2026-01-30,5.013599996566772,True,2026-01-02,-10.972387504101556,0.1652255919873724,48.741658947817655,0.1652255919873724
2026-01-30,2026-01-23,LITHIUM,LTBR.O,Lightbridge,8,20,24.0,16.0,4,15.385000228881836,-12.684452349031794,8,9.036148853492175,14,-44.498554798051885,26,11.324171987092946,25,71.70759110915834,19,75.62785190526921,15,43.24953963458111,18,401.14008349931385,1,9.036148853492175,2026-01-30,0.7863230706096638,-12.684452349031794,22.945680210212792,-44.498554798051885,2026-01-30,2000-11-10,27.71999931335449,4050.0,-44.498554798051885,-99.62012345113872,2026-01-30,17.6200008392334,-13.470193280490406,-13.470193280490406,6,15.696450011730194,False,2026-01-30,14.844900000095368,False,2026-01-02,-13.023105372235854,7.861549157219593,-46.20896418953288,7.861549157219593
2026-01-30,2026-01-23,LITHIUM,1772.HK,Ganfeng Lithium,9,3,9.0,0.0,4,60.5,-13.571428571428568,9,11.829947701274657,8,11.520737327188948,17,121.6117278049938,9,219.4297692400263,6,214.7762859594029,1,195.1219512195122,2,282.91138778262336,3,11.829947701274657,2026-01-30,0.9430590161573869,-13.571428571428568,4.684101108099184,-13.571428571428568,2026-01-30,2018-10-11,70.0,128.0000457763672,-13.571428571428568,-52.73439190349869,2026-01-30,70.0,-13.571428571428568,-13.571428571428568,6,37.18074998855591,True,2026-01-30,33.035850038528444,True,2026-01-02,-13.91008159463263,10.655348005002075,9.810327935707951,10.655348005002075
2026-01-30,2026-01-23,LITHIUM,ABAT.O,American Battery Technology,10,8,25.0,15.0,4,4.039999961853027,-14.04255051481168,10,9.1891867510153,13,-20.939337450182883,25,80.35714038628706,15,136.25730244023498,13,192.75362143569623,3,303.99999618530273,1,300.0,2,9.1891867510153,2026-01-30,1.078958636609528,-14.04255051481168,-5.255427439954247,-64.34245375942123,2026-01-30,2016-02-24,11.329999923706056,61.125,-64.34245375942123,-93.3905931094429,2026-01-30,4.699999809265137,-14.94736922414679,-14.94736922414679,6,3.1510750031471253,True,2026-01-30,2.802476503551006,True,2026-01-02,-14.38120353801574,8.014587054742716,-22.64974684166388,8.014587054742716
2026-01-30,2026-01-23,LITHIUM,PMET.TO,PMET Resources Inc,11,10,6.0,-5.0,4,6.170000076293944,-14.30555222578983,11,11.371843299258687,10,75.28409402632761,3,61.09661094519332,21,160.33756853276992,11,99.03226664857758,11,73.8028213850588,11,38.0313280960894,16,11.371843299258687,2026-01-30,1.3942460635567966,-14.30555222578983,-0.1974662564366763,-14.30555222578983,2026-01-30,2010-03-15,7.199999809265137,493.5,-14.30555222578983,-98.74974669173376,2026-01-30,7.199999809265137,-14.30555222578983,-14.30555222578983,6,3.798699995279312,True,2026-01-30,3.393199996352196,True,2026-01-02,-14.644205248993892,10.197243602986106,73.57368463484661,10.197243602986106
2026-01-30,2026-01-23,LITHIUM,LTR.AX,Liontown Resources,12,2,23.0,11.0,4,1.8550000190734863,-15.296804995163038,12,14.506173679839907,6,62.00873798901316,7,126.21951649438624,6,253.3333530123281,3,168.8405834033544,5,118.23529024025162,3,102.73223776741722,9,14.506173679839907,2026-01-30,0.8244060806269147,-14.908258611531169,19.19561286583904,-16.063349002072624,2026-01-30,2006-12-27,2.2100000381469727,3.150000095367432,-16.063349002072624,-41.11111228848679,2026-01-30,2.190000057220459,-15.296804995163038,-15.296804995163038,5,1.0587250024080277,True,2026-01-30,0.9160999993979932,True,2026-01-02,-15.6354580183671,13.331573983567324,60.29832859753217,13.331573983567324
2026-01-30,2026-01-23,LITHIUM,EMH.AX,European Metals Holdings,13,17,21.0,8.0,4,0.3300000131130218,-15.38460891862804,13,-8.333333333333337,21,26.923086622057934,13,78.37838316764858,17,37.50000853712381,22,112.90323262904356,8,88.57143927593643,8,34.69388028176213,18,-8.333333333333337,2026-01-30,1.5229673707620208,-8.333333333333337,-25.69585638200258,-24.999996613372456,2026-01-30,2012-07-19,0.4399999976158142,2.150000095367432,-24.999996613372456,-84.65116286161721,2026-01-30,0.3899999856948852,-16.455695151977135,-16.455695151977135,5,0.2375875001400709,True,2026-01-30,0.2200749998912215,True,2026-01-02,-15.7232619418321,-9.50793302960592,25.21267723057694,-9.50793302960592
2026-01-30,2026-01-23,LITHIUM,PLS.AX,Pilbara Minerals,14,12,12.0,-2.0,4,4.289999961853027,-15.551180584992863,14,-0.4640366865901968,19,30.000000722480547,12,148.69564652518056,3,185.04983225549915,9,84.12017606547526,14,48.9583260897136,17,53.763441595309125,14,-0.4640366865901968,2026-01-30,1.4798503994840977,-14.880952493583989,-8.858613484707737,-15.551180584992863,2026-01-30,2007-09-19,5.079999923706056,5.5,-15.551180584992863,-22.000000693581324,2026-01-30,5.079999923706056,-15.551180584992863,-15.551180584992863,5,2.588825005888939,True,2026-01-30,2.2864000076055526,True,2026-01-02,-15.889833608196923,-1.6386363828627792,28.28959133099956,-1.6386363828627792
2026-01-30,2026-01-23,LITHIUM,AVL.TO,Avalon Advanced Materials,15,17,7.0,-8.0,4,12.59999942779541,-17.647063590067646,15,27.272726396993274,2,7.692313335351542,19,74.99999668863076,19,133.33333922021225,15,100.0,9,55.5555411654088,16,-6.666670905219185,25,27.272726396993274,2026-01-30,0.9420051227392024,-17.647063590067646,12.455981565975351,-48.14815294486373,2026-01-30,1984-05-31,24.30000114440918,7740.0,-48.14815294486373,-99.83720930971842,2026-01-30,15.300000190734863,-17.647063590067646,-17.647063590067646,6,8.732249760627747,True,2026-01-30,7.818749759197235,True,2026-01-02,-17.985716613271705,26.09812670072069,5.981903943870548,26.09812670072069
2026-01-30,2026-01-23,LITHIUM,ATLX.O,Atlas Lithium,16,25,11.0,-5.0,4,5.03000020980835,-18.4764967972309,16,14.840184437995172,5,-7.195569391066625,21,7.708782176297024,26,16.70534284426177,24,-20.15872924566332,26,-52.45746459281262,26,-55.64373772375605,26,14.840184437995172,2026-01-30,1.334187674131019,-18.4764967972309,13.843063298155885,-32.483216931726254,2026-01-30,2013-02-28,7.449999809265136,412500.0,-32.483216931726254,-99.99878060600976,2026-01-30,6.170000076293944,-22.136220122203177,-22.136220122203177,6,4.819350016117096,True,2026-01-30,4.757150012254715,False,2026-01-02,-18.81514982043496,13.66558474172259,-8.905978782547619,13.66558474172259
2026-01-30,2026-01-23,LITHIUM,CXO.AX,Core Lithium,17,5,18.0,1.0,4,0.2349999994039535,-18.965515115173137,17,-14.545456614376064,23,95.83333721384425,2,123.80953022952544,7,235.7142834334958,4,164.04493855280276,6,104.34782186167467,5,158.24176283032986,6,-14.545456614376064,2026-01-30,0.7347758308970107,-20.338979711891348,-28.59385096786446,-29.85074819395708,2026-01-30,2011-02-11,0.3350000083446502,1.8650000095367432,-29.85074819395708,-87.3994639033634,2026-01-30,0.2899999916553497,-18.965515115173137,-18.965515115173137,5,0.1431199997290968,True,2026-01-30,0.1222749997675418,True,2026-01-02,-19.3041681383772,-15.720056310648644,94.12292782236324,-15.720056310648644
2026-01-30,2026-01-23,LITHIUM,GLN.AX,Galan Lithium,18,1,1.0,-17.0,4,0.375,-20.21276575507704,18,11.940295719096673,7,158.62069709689416,1,167.857141716748,2,274.99999441206467,2,212.50000698491965,2,108.33332505491089,4,174.72527280587232,5,11.940295719096673,2026-01-30,2.072853821900793,0.0,-7.233854893206644,-20.21276575507704,2026-01-30,2011-06-08,0.4699999988079071,2.1742498874664307,-20.21276575507704,-82.75267244295581,2026-01-30,0.4699999988079071,-20.21276575507704,-20.21276575507704,3,0.1731150000914931,True,2026-01-30,0.1498399998992681,True,2026-01-02,-20.551418778281093,10.765696022824088,156.91028770541317,10.765696022824088
2026-01-30,2026-01-23,LITHIUM,LAR.TO,Lithium Argentina AG,19,5,19.0,0.0,4,9.140000343322754,-22.278910157880127,19,11.463421413687303,9,53.87205816963731,9,142.44032863566517,5,221.83100773072263,5,137.40261220071503,7,83.16634794703917,9,124.01962044696468,7,11.463421413687303,2026-01-30,0.8435317201890894,-22.278910157880127,9.82977208426014,-22.278910157880127,2026-01-30,2008-07-16,11.760000228881836,21.016979217529297,-22.278910157880127,-56.511350900040384,2026-01-30,11.760000228881836,-22.278910157880127,-22.278910157880127,6,5.23184999704361,True,2026-01-30,4.472349996566773,True,2026-01-02,-22.617563181084183,10.28882171741472,52.16164877815632,10.28882171741472
2026-01-30,2026-01-23,LITHIUM,DLI.AX,Delta Lithium,20,22,3.0,-17.0,4,0.25,-23.076920255401312,20,11.111114054550452,11,42.85714528998559,11,56.25000349245974,22,42.85714528998559,21,35.13513339358241,22,0.0,21,6.382978993230659,23,11.111114054550452,2026-01-30,4.25262874114799,-13.793100967701976,-5.396289701733734,-23.076920255401312,2026-01-30,2017-11-03,0.324999988079071,0.9354239702224731,-23.076920255401312,-73.27415076389991,2026-01-30,0.324999988079071,-23.076920255401312,-23.076920255401312,5,0.1891250003129244,True,2026-01-30,0.1794500005990267,True,2026-01-02,-23.41557327860537,9.936514358277869,41.1467358985046,9.936514358277869
2026-01-30,2026-01-23,LITHIUM,SLI,Standard Lithium,21,13,8.0,-13.0,4,4.340000152587891,-23.18583930385489,21,-9.205021713547168,22,13.61257142493364,16,77.14285992324868,18,193.2432497740662,7,181.8181987073378,4,72.90837327002862,12,221.4814871067208,4,-9.205021713547168,2026-01-30,1.2424508647558732,-23.18583930385489,18.738476622887536,-23.18583930385489,2026-01-30,2017-06-20,5.650000095367432,12.369999885559082,-23.18583930385489,-64.91511566095913,2026-01-30,5.650000095367432,-23.18583930385489,-23.18583930385489,6,3.186649999022484,True,2026-01-30,2.820299993753433,True,2026-01-02,-23.524492327058955,-10.379621409819752,11.902162033452646,-10.379621409819752
2026-01-30,2026-01-23,LITHIUM,LAC.TO,Lithium Americas,22,21,14.0,-8.0,4,6.619999885559082,-24.77273020369941,22,1.0686975997838075,18,-15.776084311602755,23,87.53540904287232,13,67.17171267141752,20,51.14154594957328,21,15.734267978658046,20,83.37950354381822,11,1.0686975997838075,2026-01-30,1.48500082496562,-24.77273020369941,2.201681528792128,-53.08291958443589,2026-01-30,2023-10-04,14.109999656677246,16.010000228881836,-53.08291958443589,-58.65084452892957,2026-01-30,8.800000190734863,-24.77273020369941,-24.77273020369941,6,5.747900016307831,True,2026-01-30,5.350350015163421,True,2026-01-02,-25.11138322690347,-0.1059020964887746,-17.48649370308375,-0.1059020964887746
2026-01-30,2026-01-23,LITHIUM,SGML.O,Sigma Lithium,23,23,2.0,-21.0,4,10.779999732971191,-26.865672317758595,23,-24.137933117296907,26,70.56961139507987,6,95.6442701484028,12,34.07959930495645,23,-0.6451672445845102,24,-23.81625425025358,24,-0.0926805274994557,24,-24.137933117296907,2026-01-30,0.5303053824687294,-26.865672317758595,-22.365925049526528,-35.0210992536392,2026-01-30,2018-07-03,16.59000015258789,42.400001525878906,-35.0210992536392,-74.57547324286863,2026-01-30,14.739999771118164,-26.865672317758595,-26.865672317758595,6,7.699124989509582,True,2026-01-30,7.317324986457825,True,2026-01-02,-27.20432534096265,-25.31253281356949,68.85920200359888,-25.31253281356949
2026-01-30,2026-01-23,LITHIUM,ELV.AX,Elevra Lithium,24,19,17.0,-7.0,4,6.699999809265137,-30.135560973300706,24,-15.40404362722798,24,72.23649430801704,5,112.6984002038138,10,135.0877204723599,14,94.20289033802848,12,24.07406835072008,19,48.888884650336365,15,-15.40404362722798,2026-01-30,1.532319166610099,-30.569947418447985,-10.859933273345998,-33.53174742086917,2026-01-30,2004-03-30,10.079999923706056,256.91192626953125,-33.53174742086917,-97.39210245839811,2026-01-30,9.59000015258789,-30.135560973300706,-30.135560973300706,5,4.292100011110306,True,2026-01-30,3.692950012683869,True,2026-01-02,-30.47421399650476,-16.578643323500565,70.52608491653605,-16.578643323500565
2026-01-30,2026-01-23,LITHIUM,INR.AX,Ioneer Ltd,25,26,22.0,-3.0,4,0.1550000011920929,-32.608696356387554,25,-22.50000055879352,25,-13.888891648363034,22,34.782607287224955,23,6.896555622182632,25,-11.428569239012988,25,-48.33333498901784,25,19.23077452112254,20,-22.50000055879352,2026-01-30,2.2698167268510776,-32.608696356387554,-24.95565861309859,-42.59259443224204,2026-01-30,2007-12-19,0.270000010728836,0.8500000238418579,-42.59259443224204,-81.76470625359293,2026-01-30,0.2300000041723251,-32.608696356387554,-32.608696356387554,4,0.1516800002753734,True,2026-01-30,0.1455300002917647,True,2026-01-02,-32.947349379591614,-23.674600255066103,-15.599301039844027,-23.674600255066103
2026-01-30,2026-01-23,LITHIUM,CRML.O,Critical Metals,26,9,4.0,-22.0,4,13.170000076293944,-36.12997313154536,26,62.19212145207016,1,2.251552478853469,20,289.6449594787182,1,718.0124198308278,1,69.93548485540573,17,103.55487640446783,6,34.52502683974637,19,62.19212145207016,2026-01-30,1.8199251300011143,-36.12997313154536,-0.7012358286263753,-56.05605479468445,2026-01-30,2022-02-07,29.96999931335449,29.96999931335449,-56.05605479468445,-56.05605479468445,2026-01-30,20.6200008392334,-36.12997313154536,-36.12997313154536,6,7.1338499969244005,True,2026-01-30,5.804324995875358,True,2026-01-02,-36.468626154749415,61.01752175579758,0.5411430873724754,61.01752175579758
2026-02-06,2026-01-30,LITHIUM,SGML.O,Sigma Lithium,1,12,23.0,22.0,4,12.220000267028809,13.358075785969636,1,-9.54848216134927,12,141.02563813177275,1,144.88979614302747,3,66.25850919163645,19,9.204653487665505,23,-7.634159562765896,22,37.14927582830523,18,-14.004220730302452,2026-02-06,0.6683954629833676,13.358075785969636,-7.936768190074117,-26.34116844705032,2026-02-06,2018-07-03,16.59000015258789,42.400001525878906,-26.34116844705032,-71.17924569042688,2026-02-06,10.779999732971191,-6.829269427334084,-0.6504058737032858,6,7.805249996185303,True,2026-02-06,7.392874984741211,True,2026-01-09,13.455063126810083,-9.060704157641252,137.87132425961423,-15.08069387272364
2026-02-06,2026-01-30,LITHIUM,ABAT.O,American Battery Technology,2,3,10.0,8.0,4,4.164999961853027,3.0940594351556827,2,-13.229170909358224,17,12.872625942189496,18,92.8240646458706,12,195.39007520922715,6,208.51851024418391,1,320.6220998640867,1,317.5438548268679,2,12.56756508585486,2026-02-06,0.8061886644055972,3.0940594351556827,-14.908360567919502,-63.23918808561959,2026-02-06,2016-02-24,11.329999923706056,61.125,-63.23918808561959,-93.1860941319378,2026-02-06,4.039999961853027,-17.906981050935745,-3.139540067293922,6,3.223250004053116,True,2026-02-06,2.891726503670216,True,2026-01-09,3.1910467759961314,-12.741392905650208,9.718312070031,11.491091943433672
2026-02-06,2026-01-30,LITHIUM,PMET.TO,PMET Resources Inc,3,7,11.0,8.0,4,6.289999961853027,1.944892772694451,3,2.2764205579614893,2,97.798736786419,3,61.69665275646496,19,183.33332796354563,10,119.16377047616926,9,88.88889207098545,9,51.56626065802836,15,13.53790623040254,2026-02-06,1.3166713411039912,1.944892772694451,-33.67513399048011,-12.638887104428797,2026-02-06,2010-03-15,7.199999809265137,493.5,-12.638887104428797,-98.7254306055009,2026-02-06,6.170000076293944,-8.487657239444001,-2.9320996398334187,6,3.8999499928951264,True,2026-02-06,3.469399994015694,True,2026-01-09,2.0418801135349,2.7641985616695064,94.64442291426052,12.461433087981357
2026-02-06,2026-01-30,LITHIUM,LIT,Global X Lithium & Battery Tech ETF,4,11,2.0,-2.0,4,71.08999633789062,1.6297347239228044,4,4.222250831364649,1,18.070083738340024,16,68.41980071030551,18,90.5898064128028,18,72.8001881200274,15,62.08389272368686,13,97.80188941092432,11,7.273275900080378,2026-02-06,1.5800593605280162,1.6297347239228044,10.347853531492552,-5.465426565349906,2026-02-06,2010-07-23,75.19999694824217,96.30999755859376,-5.465426565349906,-26.18627542313,2026-02-06,69.94999694824219,-5.434324111962829,-1.1952753951750883,6,52.08034994125367,True,2026-02-06,48.71544990539551,True,2026-01-09,1.726722064763253,4.7100288350726665,14.915769866181526,6.196802757659192
2026-02-06,2026-01-30,LITHIUM,SLI,Standard Lithium,5,4,21.0,16.0,4,4.380000114440918,0.9216580748085068,5,-11.871221341198112,15,33.130704110220385,12,74.50199725429185,15,208.45072160659203,5,186.27452263690952,2,102.7777750183036,5,298.1818199551795,3,-8.368202464649455,2026-02-06,0.8447420680547721,0.9216580748085068,7.653242921937081,-22.47787538920249,2026-02-06,2017-06-20,5.650000095367432,12.369999885559082,-22.47787538920249,-64.59175299141116,2026-02-06,4.340000152587891,-15.466097735255758,-7.203383281017628,6,3.2616499984264373,True,2026-02-06,2.91444999396801,True,2026-01-09,1.0186454156489555,-11.383443337490094,29.97639023806189,-9.44467560707064
2026-02-06,2026-01-30,LITHIUM,LAR.TO,Lithium Argentina AG,6,1,19.0,13.0,4,9.220000267028809,0.8752726553724832,6,-5.241513866405612,6,73.96226292871933,5,155.4016768685826,2,230.46596391009209,2,153.99448970675436,5,97.4304093447829,6,178.54986182526642,5,12.439030262063898,2026-02-06,0.6589427377937821,0.8752726553724832,4.822410720265649,-21.59863871103457,2026-02-06,2008-07-16,11.760000228881836,21.016979217529297,-21.59863871103457,-56.13070664627755,2026-02-06,9.140000343322754,-11.931246352003011,-6.774520253139293,6,5.393900003433227,True,2026-02-06,4.622299995422363,True,2026-01-09,0.972259996212932,-4.753735862697594,70.80794905656083,11.362557119642712
2026-02-06,2026-01-30,LITHIUM,AVL.TO,Avalon Advanced Materials,7,15,15.0,8.0,4,12.59999942779541,0.0,7,-12.500001655684612,16,0.0,22,100.0,9,133.33333922021225,14,133.33333922021225,7,55.5555411654088,16,16.666669610106098,21,27.272726396993274,2026-02-06,0.3334247400562535,0.0,-15.755599670699684,-48.14815294486373,2026-02-06,1984-05-31,24.30000114440918,7740.0,-48.14815294486373,-99.83720930971842,2026-02-06,12.59999942779541,-7.14286200854265,0.0,6,8.912249751091004,True,2026-02-06,8.005499758720397,True,2026-01-09,0.0969873408404486,-12.012223651976594,-3.1543138721584985,26.19625325457209
2026-02-06,2026-01-30,LITHIUM,IGO.AX,IGO Limited,8,12,7.0,-1.0,4,8.109999656677246,-2.524039012616908,8,-6.242774400778284,7,63.50805633677163,6,72.9210993119616,16,102.74999141693117,17,62.85139810473508,18,60.2766748693339,14,62.85139810473508,13,-1.2180314373335444,2026-02-06,1.1870054506892649,-2.524039012616908,10.168348382575598,-13.447174431920017,2026-02-06,2002-01-17,9.369999885559082,16.393840789794922,-13.447174431920017,-50.53020362546354,2026-02-06,8.319999694824217,-7.420097662343994,-7.420097662343994,6,5.624949992895126,True,2026-02-06,5.124349994659424,True,2026-01-09,-2.427051671776459,-5.754996397070267,60.353742464613134,-2.2945045797547303
2026-02-06,2026-01-30,LITHIUM,LTBR.O,Lightbridge,9,16,8.0,-1.0,4,14.9399995803833,-2.8924318614123146,9,-9.509392045628497,11,-16.953864533291718,25,1.9099572707063968,25,54.1795689096648,20,66.74106603545349,17,79.99999080795861,11,468.0607958284909,1,5.882352543596814,2026-02-06,0.9336415724816396,-2.8924318614123146,-0.7965550823319422,-46.10389628261733,2026-02-06,2000-11-10,27.71999931335449,4050.0,-46.10389628261733,-99.63111112147202,2026-02-06,15.385000228881836,-19.63116800655737,-11.124330428134543,6,15.882950005531312,False,2026-02-06,15.01860000371933,True,2026-01-09,-2.795444520571866,-9.021614041920476,-20.10817840545021,4.805879401175628
2026-02-06,2026-01-30,LITHIUM,INR.AX,Ioneer Ltd,10,24,25.0,15.0,4,0.1500000059604644,-3.225803350434797,10,-28.57142350300625,25,-6.249994179233831,24,36.36364252114102,22,15.38462420187081,25,-11.76470330429742,25,-34.7826072872249,25,20.000004768371515,20,-24.999998137354908,2026-02-06,2.573319361877595,-3.225803350434797,-39.89661491551422,-44.444444444444464,2026-02-06,2007-12-19,0.270000010728836,0.8500000238418579,-44.444444444444464,-82.35294097022616,2026-02-06,0.1550000011920929,-9.090909090909127,-9.090909090909127,6,0.152230000346899,False,2026-02-06,0.1469300002232193,True,2026-01-09,-3.1288160095943485,-28.08364549929824,-9.404308051392327,-26.076471279776094
2026-02-06,2026-01-30,LITHIUM,LAC.TO,Lithium Americas,11,19,22.0,11.0,4,6.369999885559082,-3.7764351106010174,11,-14.953269957068096,20,-0.7788191610696327,23,80.96590682032925,14,53.86473649735915,21,45.7665915875448,20,15.818179737437866,20,100.94636379334928,10,-2.748096182201587,2026-02-06,1.1230288067092162,-3.7764351106010174,-10.570567821578578,-54.85471268211817,2026-02-06,2023-10-04,14.109999656677246,16.010000228881836,-54.85471268211817,-60.21236855407608,2026-02-06,6.619999885559082,-13.940255900791833,-9.38834003629796,6,5.817650017738342,True,2026-02-06,5.430800015926361,True,2026-01-09,-3.6794477697605688,-14.465491953360075,-3.933133033228131,-3.824569324622773
2026-02-06,2026-01-30,LITHIUM,PLS.AX,Pilbara Minerals,12,14,14.0,2.0,4,4.119999885559082,-3.9627057763542575,12,-11.397853740613106,14,39.66101081232281,11,141.642215944721,6,180.2720956035777,11,76.82403521309504,14,41.58074790513236,17,47.14285556150939,16,-4.408354054360542,2026-02-06,1.18108694568309,-3.9627057763542575,-10.981128187970842,-18.89763883001432,2026-02-06,2007-09-19,5.079999923706056,5.5,-18.89763883001432,-25.09091117165305,2026-02-06,4.289999961853027,-6.575963081341262,-6.575963081341262,6,2.6602000039815903,True,2026-02-06,2.3573250091075897,True,2026-01-09,-3.8657184355138097,-10.910075736905087,36.50669694016431,-5.484827196781728
2026-02-06,2026-01-30,LITHIUM,ELV.AX,Elevra Lithium,13,16,24.0,11.0,4,6.420000076293944,-4.179100611077525,13,-25.951556865058063,23,55.07247061202971,8,86.08695616118172,13,137.77777640417276,13,71.20000203450519,16,38.06451493817984,19,58.51851293688581,14,-18.93939375694937,2026-02-06,1.1830090447204789,-4.179100611077525,-31.1427708438067,-36.30952257057618,2026-02-06,2004-03-30,10.079999923706056,256.91192626953125,-36.30952257057618,-97.50108912049548,2026-02-06,6.699999809265137,-8.154502338889758,-8.154502338889758,6,4.392450011968613,True,2026-02-06,3.834550018310547,True,2026-01-09,-4.082113270237076,-25.46377886135005,51.918156739871215,-20.01586689937056
2026-02-06,2026-01-30,LITHIUM,ALB,Albermale,14,6,5.0,-9.0,4,163.3699951171875,-4.25482597308201,14,1.2896037681424666,4,79.01598870588799,4,142.74886732404158,5,184.17114341184416,9,106.79746217365506,10,69.15509631379703,12,105.41933562774774,9,13.50656807521493,2026-02-06,0.8370387310495192,-4.25482597308201,9.109135007220308,-15.866720939698787,2026-02-06,1994-02-22,194.17999267578125,325.3800048828125,-15.866720939698787,-49.79101583822702,2026-02-06,170.6300048828125,-8.298173765094585,-4.26043383641852,6,96.28364986419678,True,2026-02-06,85.45594993591308,True,2026-01-09,-4.157838632241561,1.7773817718504836,75.8616748337295,12.430094932793743
2026-02-06,2026-01-30,LITHIUM,VULG.DE,Vulcan Energy Resources,15,25,4.0,-11.0,4,2.2420001029968266,-4.999991412889737,15,-14.557925264136683,18,-25.69121192097671,26,25.33087406463792,24,3.618515475236439,26,5.744845101433715,24,-11.213578927520906,23,16.200126139680936,22,-12.558494615357064,2026-02-06,0.6587915435233626,-4.999991412889737,-53.177465489367,-33.93553374692926,2026-02-06,2022-02-15,3.3936550617218018,6.09117603302002,-33.93553374692926,-63.19265621543304,2026-02-06,2.3599998950958248,-6.035197817980276,-6.035197817980276,6,2.2827849584817885,False,2026-02-06,2.2501978033781054,True,2026-01-09,-4.9030040720492885,-14.070147260428667,-28.84552579313521,-13.634967757778249
2026-02-06,2026-01-30,LITHIUM,1772.HK,Ganfeng Lithium,16,4,9.0,-7.0,4,57.29999923706056,-5.289257459404039,16,1.415927853204524,3,12.795275782716931,19,117.37480239116108,8,195.36082661738496,7,180.88235445363577,3,151.3157945370522,2,241.88543230636577,4,5.914973850637351,2026-02-06,0.8656517459789018,-5.289257459404039,-4.751508275237894,-18.14285823277064,2026-02-06,2018-10-11,70.0,128.0000457763672,-18.14285823277064,-55.234391605475565,2026-02-06,60.5,-10.344822944814204,-8.099437627342654,6,38.18854997634888,True,2026-02-06,33.85560002326965,True,2026-01-09,-5.192270118563591,1.903705856912541,9.640961910558431,4.838500708216165
2026-02-06,2026-01-30,LITHIUM,ATLX.O,Atlas Lithium,17,25,16.0,-1.0,4,4.71999979019165,-6.163029953998967,17,-10.26616758921659,13,6.546274787594864,21,-18.90034963960697,26,16.25615410625505,23,-16.607775310281138,26,-46.30261876364533,26,-48.75135971072915,26,7.762549471853863,2026-02-06,0.9121682885976174,-6.163029953998967,-5.439963288295506,-36.64429649620047,2026-02-06,2013-02-28,7.449999809265136,412500.0,-36.64429649620047,-99.99885575762664,2026-02-06,5.03000020980835,-13.121278264805769,-6.163029953998967,6,4.839050015211106,False,2026-02-06,4.741700016260147,True,2026-01-09,-6.066042613158518,-9.778389585508572,3.391960915436365,6.6860763294326775
2026-02-06,2026-01-30,LITHIUM,SQM,Sociedad Quimica y Minera ADR,18,9,6.0,-12.0,4,71.4800033569336,-6.975524774086905,18,-3.924728641207942,5,54.48455294955572,9,97.07748126491448,11,111.16693228681024,15,86.43714938042012,13,90.10639962161451,8,108.2143884194998,8,2.50968007421728,2026-02-06,1.2074958908648594,-6.975524774086905,-2.359120674226542,-16.329154744714458,2026-02-06,1993-09-21,85.43000030517578,113.5199966430664,-16.329154744714458,-37.03311709770081,2026-02-06,76.83999633789062,-10.69357254803488,-9.861285490393024,6,48.62985006332397,True,2026-02-06,44.56210000991821,True,2026-01-09,-6.878537433246456,-3.436950637499925,51.33023907739722,1.4332069317960938
2026-02-06,2026-01-30,LITHIUM,MIN.AX,Mineral Resources,19,19,3.0,-16.0,4,51.810001373291016,-9.343832038516764,19,-9.248552750367322,10,17.270260333659103,17,56.28958970890237,20,154.59459657046537,12,46.60441751440416,19,39.08725200883494,18,1.6480285118115612,24,-6.547614255656131,2026-02-06,0.979595880447708,-9.343832038516764,-8.358809482709017,-19.021566514565706,2026-02-06,2006-07-28,63.97999954223633,96.27999877929688,-19.021566514565706,-46.188198971569015,2026-02-06,57.150001525878906,-9.343832038516764,-9.343832038516764,6,38.67190004348755,True,2026-02-06,34.86055003166199,True,2026-01-09,-9.246844697676316,-8.760774746659305,14.115946461500604,-7.624087398077317
2026-02-06,2026-01-30,LITHIUM,LTR.AX,Liontown Resources,20,8,12.0,-8.0,4,1.6699999570846558,-9.973049061273445,20,-18.536585564417617,21,57.54717426734641,7,97.63312432442194,10,224.2718453343913,4,143.79561332439644,6,112.73884092887567,4,88.70056215599365,12,3.086416800562497,2026-02-06,0.9381760965442046,-9.973049061273445,-26.27971696388905,-24.4343923864858,2026-02-06,2006-12-27,2.2100000381469727,3.150000095367432,-24.4343923864858,-46.98412995159422,2026-02-06,1.8550000190734863,-9.973049061273445,-9.973049061273445,6,1.089125002324581,True,2026-02-06,0.9480499993264676,True,2026-01-09,-9.876061720432991,-18.0488075607096,54.39286039518792,2.009943658141311
2026-02-06,2026-01-30,LITHIUM,CXO.AX,Core Lithium,21,10,17.0,-4.0,4,0.209999993443489,-10.638300435690953,21,-36.3636408791396,26,39.999990065892966,10,118.7499912688509,7,191.66667011600987,8,133.33331677648837,8,90.9090859830872,7,133.33331677648837,7,-23.6363676756866,2026-02-06,0.7609550921470575,-10.638300435690953,-62.94018644734823,-37.31343635447328,2026-02-06,2011-02-11,0.3350000083446502,1.8650000095367432,-37.31343635447328,-88.73994678983128,2026-02-06,0.2349999994039535,-14.285718630076072,-14.285718630076072,6,0.147109999731183,True,2026-02-06,0.1280449996888637,True,2026-01-09,-10.5413130948505,-35.87586287543158,36.84567619373447,-24.712840818107782
2026-02-06,2026-01-30,LITHIUM,GLN.AX,Galan Lithium,22,2,18.0,-4.0,4,0.3300000131130218,-11.999996503194188,22,-7.042247017941761,8,127.5862224887304,2,144.44444444444446,4,230.0000081956385,3,175.00001707424775,4,120.00000000000011,3,170.76923490746245,6,-1.492535852860155,2026-02-06,1.4244806693966503,-11.999996503194188,-22.07807876964484,-29.78723107446314,2026-02-06,2011-06-08,0.4699999988079071,2.1742498874664307,-29.78723107446314,-84.82235114669557,2026-02-06,0.375,-16.455695151977135,-16.455695151977135,6,0.1791400002688169,True,2026-02-06,0.1560399999096989,True,2026-01-09,-11.90300916235374,-6.554469014233744,124.4319086165719,-2.569008995281341
2026-02-06,2026-01-30,LITHIUM,DLI.AX,Delta Lithium,23,23,20.0,-3.0,4,0.2199999988079071,-12.000000476837158,23,-8.333331781128972,9,25.71428717399136,13,33.333327312662405,23,15.789474509759629,24,25.71428717399136,22,-6.382978993230603,21,-2.222220161814681,25,-2.222220161814681,2026-02-06,1.1149308893231518,-12.000000476837158,-22.15946251821937,-32.30769019155099,2026-02-06,2017-11-03,0.324999988079071,0.9354239702224731,-32.30769019155099,-76.4812527996707,2026-02-06,0.25,-12.000000476837158,-12.000000476837158,6,0.1910000003129243,True,2026-02-06,0.1811750005185604,True,2026-01-09,-11.903013135996709,-7.845553777420955,22.559973301832866,-3.298693304235867
2026-02-06,2026-01-30,LITHIUM,EMH.AX,European Metals Holdings,24,21,13.0,-11.0,4,0.2849999964237213,-13.63636815186683,24,-20.8333374725446,22,18.75000116415329,14,50.0,21,29.54545362182885,22,96.55172732724036,11,83.87096402052168,10,42.49999608844526,17,-20.8333374725446,2026-02-06,0.6056603186636819,-13.63636815186683,-34.71957243443072,-35.22727318908557,2026-02-06,2012-07-19,0.4399999976158142,2.150000095367432,-35.22727318908557,-86.74418680083755,2026-02-06,0.3300000131130218,-16.17647252177692,-16.17647252177692,6,0.2394875002652406,True,2026-02-06,0.2257500001043081,True,2026-01-09,-13.53938081102638,-20.345559468836584,15.595687291994787,-21.909810614965785
2026-02-06,2026-01-30,LITHIUM,CRML.O,Critical Metals,25,18,26.0,1.0,4,11.024999618530272,-16.28701932678559,25,-26.37729991531247,24,9.483614226889214,20,180.53433667311447,1,572.256080164468,1,91.73912380052649,12,57.95128350148217,15,14.9634978426475,23,35.77585928464793,2026-02-06,1.3882000309942146,-16.28701932678559,-16.149447191685077,-63.21321364322626,2026-02-06,2022-02-07,29.96999931335449,29.96999931335449,-63.21321364322626,-63.21321364322626,2026-02-06,13.170000076293944,-29.59049137595612,-27.179660709897767,6,7.390574995279312,True,2026-02-06,6.080074999332428,True,2026-01-09,-16.19003198594514,-25.88952191160445,6.329300354730716,34.69938614222674
2026-02-06,2026-01-30,LITHIUM,LI.V,American Lithium,26,22,1.0,-25.0,4,0.699999988079071,-17.647062535929326,26,-14.634147050620406,19,18.644071049952025,15,72.83950272065769,17,108.95521511716098,16,41.41413764362012,21,-29.29293117818996,24,34.61538726056128,19,1.4492739851898806,2026-02-06,1.0225518812701049,-17.647062535929326,-4.503656614468077,-40.1709389953061,2026-02-06,1985-02-11,1.1699999570846558,1050.0,-40.1709389953061,-99.93333333446866,2026-02-06,0.8500000238418579,-17.647062535929326,-17.647062535929326,6,0.5619000001251697,True,2026-02-06,0.5149000002443791,True,2026-01-09,-17.550075195088876,-14.146369046912389,15.489757177793528,0.3728008427686946
2026-02-13,2026-02-06,LITHIUM,ELV.AX,Elevra Lithium,1,6,13.0,12.0,4,7.380000114440918,14.953271444525427,1,-19.86970592971079,18,44.99017471912512,7,82.22221646616352,9,189.4117746056159,5,113.91304383881828,9,44.70588730280796,18,89.23076753785625,13,-6.818181270848078,2026-02-13,0.820917920997172,14.953271444525427,-37.04580861756534,-26.78571259624023,2026-02-13,2004-03-30,10.079999923706056,256.91192626953125,-26.78571259624023,-97.1274201935264,2026-02-13,6.420000076293944,-6.345177572823868,-6.345177572823868,6,4.510650014877319,True,2026-02-13,4.008650019168853,True,2026-01-16,16.339966848949494,-18.37345668429422,43.52553901551353,-6.493031605249389
2026-02-13,2026-02-06,LITHIUM,EMH.AX,European Metals Holdings,2,5,24.0,22.0,4,0.324999988079071,14.03508496746786,2,-14.4736862743991,13,51.16278263863663,4,62.49999161809694,13,47.727268109144205,21,140.7407223442462,7,124.13792926264432,3,54.76190391716773,15,-9.722229120907688,2026-02-13,0.6216135621043017,14.03508496746786,-23.605305998371325,-26.136365945427897,2026-02-13,2012-07-19,0.4399999976158142,2.150000095367432,-26.136365945427897,-84.88372215520627,2026-02-13,0.2849999964237213,-8.450704816550747,-8.450704816550747,6,0.2418375001847744,True,2026-02-13,0.2309250000864267,True,2026-01-16,15.421780371891924,-12.97743702898253,49.69814693502504,-9.397079455308996
2026-02-13,2026-02-06,LITHIUM,SGML.O,Sigma Lithium,3,8,1.0,-2.0,4,13.350000381469728,9.247136577319148,3,8.801955040048126,1,126.27118924882552,1,127.81570097786609,1,70.71611366260993,19,17.828777328913947,22,-7.548471125957191,22,50.00001071544224,16,-6.052073570503602,2026-02-13,0.384926913756417,9.247136577319148,-8.70298718634379,-19.529835692091613,2026-02-13,2018-07-03,16.59000015258789,42.400001525878906,-19.529835692091613,-68.51415117680708,2026-02-13,12.220000267028809,-5.155483638905811,-2.018345824075385,6,7.920174996852875,True,2026-02-13,7.488899989128113,True,2026-01-16,10.633831981743214,10.298204285464696,124.80655354521392,-5.726923904904912
2026-02-13,2026-02-06,LITHIUM,1772.HK,Ganfeng Lithium,4,3,16.0,12.0,4,60.5,5.584643639697906,4,-4.7244094488189,4,1.1705698526257358,22,81.46370642803946,10,205.24722972523023,4,189.47368949404057,2,134.04254973771188,2,244.9258656904754,3,11.829947701274657,2026-02-13,0.4099260494480923,5.584643639697906,-25.88476554995724,-13.571428571428568,2026-02-13,2018-10-11,70.0,128.0000457763672,-13.571428571428568,-52.73439190349869,2026-02-13,57.29999923706056,-3.2773769177697143,-3.2773769177697143,6,39.22329999923706,True,2026-02-13,34.863350048065186,True,2026-01-16,6.971339044121971,-3.22816020340233,-0.2940658509858584,12.155097366873346
2026-02-13,2026-02-06,LITHIUM,LI.V,American Lithium,5,18,26.0,21.0,4,0.7300000190734863,4.285718786473258,5,-17.045451928515064,15,19.67213146790993,12,67.8160954189515,11,97.2972999096265,16,56.98925020626096,18,-29.80768789906456,24,30.35714570813035,18,5.797104579113888,2026-02-13,0.3539575539055948,4.285718786473258,-0.5069469234146725,-37.60683368805739,2026-02-13,1985-02-11,1.1699999570846558,1050.0,-37.60683368805739,-99.93047618865968,2026-02-13,0.699999988079071,-9.09090838719424,-5.194800369332054,6,0.5715000000596047,True,2026-02-13,0.5270999999344349,True,2026-01-16,5.672414190897324,-15.549202683098494,18.20749576429834,6.122254244712577
2026-02-13,2026-02-06,LITHIUM,IGO.AX,IGO Limited,6,12,8.0,2.0,4,8.380000114440918,3.329228966629749,6,-5.6306305580659295,5,24.70238654876396,11,56.92883661023438,14,90.02268490686001,17,72.42798115688738,16,60.8445307693589,13,66.2698447989649,14,2.070646473861837,2026-02-13,0.7762603094923866,3.329228966629749,16.126327975665898,-10.56563269167098,2026-02-13,2002-01-17,9.369999885559082,16.393840789794922,-10.56563269167098,-48.883240834829735,2026-02-13,8.109999656677246,-3.78874767233941,-3.78874767233941,6,5.740949993133545,True,2026-02-13,5.250549992322922,True,2026-01-16,4.715924371053815,-4.13438131264936,23.23775084515236,2.3957961394605265
2026-02-13,2026-02-06,LITHIUM,PLS.AX,Pilbara Minerals,7,12,12.0,5.0,4,4.230000019073486,2.669906227424024,7,-9.615380892543412,9,11.904763256341155,15,97.66354260355972,6,166.8769663891484,10,89.68609788761141,13,36.012866937513266,19,48.42105826732763,17,-1.8561467463607983,2026-02-13,0.8742976328015214,2.669906227424024,-0.9709536527543228,-16.732281838548957,2026-02-13,2007-09-19,5.079999923706056,5.5,-16.732281838548957,-23.09090874411844,2026-02-13,4.119999885559082,-4.514668555645118,-4.514668555645118,6,2.729575003385544,True,2026-02-13,2.434875007867813,True,2026-01-16,4.056601631848089,-8.119131647126844,10.44012755272956,-1.5309970807621087
2026-02-13,2026-02-06,LITHIUM,LAR.TO,Lithium Argentina AG,8,2,6.0,-2.0,4,9.449999809265137,2.4945719693612034,8,-17.03248881107293,14,54.66447795034011,3,98.52939821150012,5,223.6301219984572,2,155.4053969588744,5,109.99999576144748,5,176.31577773254173,6,15.24390279360288,2026-02-13,0.5681428096212932,2.4945719693612034,-13.483714337858958,-19.642860328722445,2026-02-13,2008-07-16,11.760000228881836,21.016979217529297,-19.642860328722445,-55.03635555111875,2026-02-13,9.220000267028809,-7.194242982505317,-2.877695232725952,6,5.555,True,2026-02-13,4.823799999952317,True,2026-01-16,3.8812673737852688,-15.53623956565636,53.19984224672852,15.569052459201572
2026-02-13,2026-02-06,LITHIUM,LIT,Global X Lithium & Battery Tech ETF,9,14,4.0,-5.0,4,72.69999694824217,2.2647358183832456,9,4.364044108981813,2,14.146645495066434,13,56.5460790225569,15,85.50650547534158,18,71.74579211784267,17,56.74858834408501,14,100.0,10,9.702732202942578,2026-02-13,0.9466668640542422,2.2647358183832456,-3.767746334785694,-3.324468220019572,2026-02-13,2010-07-23,75.19999694824217,96.30999755859376,-3.324468220019572,-24.514589563754864,2026-02-13,71.08999633789062,-2.7118644067796627,-1.4237329515360386,6,52.97699995040894,True,2026-02-13,49.486999950408936,True,2026-01-16,3.651431222807311,5.860293354398383,12.682009791454838,10.027881868541268
2026-02-13,2026-02-06,LITHIUM,ALB,Albermale,10,4,14.0,4.0,4,166.35000610351565,1.824087087834303,10,2.030184588865769,3,45.19508295942731,6,103.68557589458791,3,168.91368325605688,8,109.90537047762228,10,53.75728103306759,15,115.42346992208574,7,15.577026727318778,2026-02-13,0.8584980106346308,1.824087087834303,5.737828189928317,-14.332056659788227,2026-02-13,1994-02-22,194.17999267578125,325.3800048828125,-14.332056659788227,-48.87516024119935,2026-02-13,163.3699951171875,-9.405461260261394,-5.175846178735622,6,99.0110498046875,True,2026-02-13,87.92634994506835,True,2026-01-16,3.2107824922583683,3.5264338342823387,43.73044725581572,15.902176392917468
2026-02-13,2026-02-06,LITHIUM,MIN.AX,Mineral Resources,11,20,19.0,8.0,4,52.200000762939446,0.7527492362690458,11,-12.67982296945539,11,2.232666194648303,21,45.97316334745673,20,108.46644909893013,14,53.21397484740649,19,49.35622209854622,16,7.451623704078747,23,-5.844152135690384,2026-02-13,0.7216865731021337,0.7527492362690458,-11.388121142960951,-18.412001974961456,2026-02-13,2006-07-28,63.97999954223633,96.27999877929688,-18.412001974961456,-45.78313105030488,2026-02-13,51.810001373291016,-2.593766347622073,-2.593766347622073,6,39.48180006027221,True,2026-02-13,35.76270003318787,True,2026-01-16,2.139444640693111,-11.18357372403882,0.7680304910367086,-5.519002470091694
2026-02-13,2026-02-06,LITHIUM,AVL.TO,Avalon Advanced Materials,12,7,7.0,-5.0,4,12.59999942779541,0.0,12,-6.666670905219185,6,27.272726396993274,10,100.0,4,179.99998728434244,6,74.99999668863076,15,64.70587281986472,12,27.272726396993274,19,27.272726396993274,2026-02-13,0.5762350770429139,0.0,-9.139273116230092,-48.14815294486373,2026-02-13,1984-05-31,24.30000114440918,7740.0,-48.14815294486373,-99.83720930971842,2026-02-13,12.59999942779541,-6.666670905219185,-6.666670905219185,6,9.101249756813049,True,2026-02-13,8.228249759674073,True,2026-01-16,1.3866954044240654,-5.170421659802615,25.80809069338168,27.597876062591965
2026-02-13,2026-02-06,LITHIUM,INR.AX,Ioneer Ltd,13,26,10.0,-3.0,4,0.1500000059604644,0.0,12,-33.333328918174374,25,-18.918916741977952,24,15.38462420187081,24,7.142860944173735,25,-9.090909090909127,24,-30.23255652772733,25,20.000004768371515,21,-24.999998137354908,2026-02-13,1.0337862370378563,0.0,-43.31485135152687,-44.444444444444464,2026-02-13,2007-12-19,0.270000010728836,0.8500000238418579,-44.444444444444464,-82.35294097022616,2026-02-13,0.1500000059604644,-3.333339956071357,-3.225803350434797,6,0.1526300003379583,False,2026-02-13,0.1485800001397728,True,2026-01-16,1.3866954044240654,-31.8370796727578,-20.383552445589547,-24.674848471756217
2026-02-13,2026-02-06,LITHIUM,GLN.AX,Galan Lithium,14,1,22.0,8.0,4,0.3300000131130218,0.0,12,-9.58903986554499,8,73.68421960735594,2,127.5862224887304,2,214.2857365867726,3,175.00001707424775,3,120.00000000000011,4,182.05129642014245,5,-1.492535852860155,2026-02-13,0.7785452889615703,0.0,-38.10002812398152,-29.78723107446314,2026-02-13,2011-06-08,0.4699999988079071,2.1742498874664307,-29.78723107446314,-84.82235114669557,2026-02-13,0.3300000131130218,-10.810808416175732,-10.810808416175732,6,0.1850900004059076,True,2026-02-13,0.1628900000080466,True,2026-01-16,1.3866954044240654,-8.09279062012842,72.21958390374435,-1.1673861872614657
2026-02-13,2026-02-06,LITHIUM,LAC.TO,Lithium Americas,15,21,11.0,-4.0,4,6.320000171661377,-0.7849248790577801,15,-23.85542136834796,22,-1.863352243678007,23,54.90196788828919,16,49.056615868511685,20,41.38703508508237,20,6.576734479130986,20,98.74213959077626,11,-3.511450570624819,2026-02-13,0.708362089018415,-0.7849248790577801,-23.48223990871679,-55.20906927399834,2026-02-13,2023-10-04,14.109999656677246,16.010000228881836,-55.20906927399834,-60.524671572082944,2026-02-13,6.369999885559082,-5.9360781298752,-3.805174938629896,6,5.878100016117096,True,2026-02-13,5.534800015687942,True,2026-01-16,0.6017705253662853,-22.35917212293139,-3.327987947289601,-3.1863009050261293
2026-02-13,2026-02-06,LITHIUM,SQM,Sociedad Quimica y Minera ADR,16,15,18.0,2.0,4,70.91000366210938,-0.797425388997175,16,-8.538624044136123,7,33.28947865637475,8,52.65877825062506,18,97.63099651946096,15,76.5247868916474,14,84.75769069485236,10,94.86123894324813,12,1.6922418591256871,2026-02-13,0.9504066410046682,-0.797425388997175,-16.222321037462596,-16.99636730796864,2026-02-13,1993-09-21,85.43000030517578,113.5199966430664,-16.99636730796864,-37.53523100862386,2026-02-13,71.4800033569336,-6.818178361337013,-5.754910053958396,6,49.537050075531006,True,2026-02-13,45.546200046539305,True,2026-01-16,0.5892700154268904,-7.042374798719553,31.824842952763152,2.0173915247243768
2026-02-13,2026-02-06,LITHIUM,LTR.AX,Liontown Resources,17,11,20.0,3.0,4,1.6549999713897705,-0.8982027593025133,17,-23.02326055911485,21,14.137925307901146,14,88.06817958608637,7,123.64864190013164,13,154.61538955304772,6,88.06817958608637,7,104.32098352078754,9,2.1604917603937457,2026-02-13,0.606178378477266,-0.8982027593025133,-35.90273203386091,-25.113124759154083,2026-02-13,2006-12-27,2.2100000381469727,3.150000095367432,-25.113124759154083,-47.46031995923724,2026-02-13,1.6699999570846558,-5.157595021929384,-5.157595021929384,6,1.1184000021219254,True,2026-02-13,0.9865750013291836,True,2026-01-16,0.4884926451215521,-21.527011313698274,12.67328960428955,2.485641425992436
2026-02-13,2026-02-06,LITHIUM,ATLX.O,Atlas Lithium,18,24,17.0,-1.0,4,4.670000076293944,-1.0593160194966034,18,-17.05151010005451,16,9.62440904656301,16,-21.51260124375165,25,19.437339482865813,22,-18.07017135854928,26,-41.55193729573286,26,-46.260065571971424,26,6.621003522280566,2026-02-13,0.6599540555782394,-1.0593160194966034,-18.768148583977013,-37.31543361268098,2026-02-13,2013-02-28,7.449999809265136,412500.0,-37.31543361268098,-99.9988678787694,2026-02-13,4.71999979019165,-10.655737064180126,-4.303279369308632,6,4.847800017595291,False,2026-02-13,4.747900015115738,True,2026-01-16,0.327379384927462,-15.55526085463794,8.159773342951414,6.946153187879256
2026-02-13,2026-02-06,LITHIUM,DLI.AX,Delta Lithium,19,23,23.0,4.0,4,0.2150000035762786,-2.2727251176006824,19,-21.81818221226212,20,4.878051439826514,17,26.47058900871077,21,10.256416134580547,24,26.47058900871077,21,-2.2727251176006824,21,4.878051439826514,24,-4.444440323629417,2026-02-13,0.6622995597207509,-2.2727251176006824,-29.46397853579016,-33.84615031925168,2026-02-13,2017-11-03,0.324999988079071,0.9354239702224731,-33.84615031925168,-77.01576927463759,2026-02-13,0.2199999988079071,-10.416663174206942,-10.416663174206942,6,0.192400000244379,True,2026-02-13,0.1835000003874302,True,2026-01-16,-0.886029713176617,-20.321932966845544,3.41341573621492,-4.119290658030727
2026-02-13,2026-02-06,LITHIUM,VULG.DE,Vulcan Energy Resources,20,24,15.0,-5.0,4,2.177999973297119,-2.8545997662604905,20,-14.45404673865671,12,-29.41748681521929,26,23.368886271360267,23,-1.0234403153140947,26,4.4576214652823465,23,-26.090747146402904,23,9.006827488993041,22,-15.05459962368173,2026-02-13,0.3368103022223154,-2.8545997662604905,-47.95679801452069,-35.82140984617066,2026-02-13,2022-02-15,3.3936550617218018,6.09117603302002,-35.82140984617066,-64.24335856507399,2026-02-13,2.2420001029968266,-4.890829276052921,-4.890829276052921,6,2.283158479332924,False,2026-02-13,2.2533105891942977,True,2026-01-16,-1.4679043618364251,-12.95779749324014,-30.88212251883089,-14.72944995808304
2026-02-13,2026-02-06,LITHIUM,SLI,Standard Lithium,21,9,5.0,-16.0,4,4.119999885559082,-5.9360781298752,21,-19.2156870078234,17,29.5597421090762,9,50.36495880361906,19,151.21950740831224,11,167.53246672822203,4,107.03516913641558,6,249.152548194651,2,-13.807537558156923,2026-02-13,0.6643149335350584,-5.9360781298752,-2.349454696939221,-27.07964927403865,2026-02-13,2017-06-20,5.650000095367432,12.369999885559082,-27.07964927403865,-66.69361419826019,2026-02-13,4.380000114440918,-7.990865193784224,-5.9360781298752,6,3.328449998497963,True,2026-02-13,3.0109999960660936,True,2026-01-16,-4.549382725451134,-17.71943776240683,28.0951064054646,-13.482387892558233
2026-02-13,2026-02-06,LITHIUM,CXO.AX,Core Lithium,22,16,21.0,-1.0,4,0.1949999928474426,-7.142857649699352,22,-30.35714570813033,24,2.631576470721076,20,62.499997671693606,12,167.12328179912944,9,119.10111174380596,8,85.7142847006013,9,111.9565135526466,8,-29.0909132287521,2026-02-13,0.7742971249869951,-7.142857649699352,-44.1290959022564,-41.79104836116143,2026-02-13,2011-02-11,0.3350000083446502,1.8650000095367432,-41.79104836116143,-89.54423636191403,2026-02-13,0.209999993443489,-9.302330416818029,-9.302330416818029,6,0.1505349996313452,True,2026-02-13,0.1337199997529387,True,2026-01-16,-5.756162245275287,-28.86089646271376,1.1669407671094811,-28.76576356315341
2026-02-13,2026-02-06,LITHIUM,ABAT.O,American Battery Technology,23,10,2.0,-21.0,4,3.799999952316284,-8.76350571139869,23,-21.32505150433736,19,3.683492274717537,19,53.84615013362544,17,171.42857264499276,7,192.30769936149667,1,286.06114856325746,1,242.3423336345784,4,2.702700090373522,2026-02-13,0.6095574077009459,-8.76350571139869,-23.28714266398173,-66.46072393729285,2026-02-13,2016-02-24,11.329999923706056,61.125,-66.46072393729285,-93.78323116185476,2026-02-13,4.164999961853027,-9.569374961142907,-9.090906498275451,6,3.292600002884865,True,2026-02-13,2.990751503407956,True,2026-01-16,-7.376810306974624,-19.828802258920785,2.2188565711059427,3.027849755972212
2026-02-13,2026-02-06,LITHIUM,PMET.TO,PMET Resources Inc,24,17,3.0,-21.0,4,5.519999980926514,-12.241653189130908,24,-12.380955336405574,10,50.4087156995578,5,25.17007192564371,22,145.33333248562283,12,94.3662023856466,12,86.48648343876913,8,21.31867581383524,20,-0.3610104885239718,2026-02-13,1.626139152008444,-12.241653189130908,-29.69015159072801,-23.33333156726973,2026-02-13,2010-03-15,7.199999809265137,493.5,-23.33333156726973,-98.88145897043027,2026-02-13,6.289999961853027,-14.467406246915528,-12.241653189130908,6,3.97864999294281,True,2026-02-13,3.567949995398521,True,2026-01-16,-10.854957784706842,-10.884706090989004,48.94407999594621,-0.0358608229252821
2026-02-13,2026-02-06,LITHIUM,LTBR.O,Lightbridge,25,22,9.0,-16.0,4,13.039999961853027,-12.71753461777224,25,-25.86697072919272,23,-27.394205865373465,25,-23.920650955632883,26,15.296193439884576,23,-14.15404659593823,25,77.17390931114592,11,407.39300780445154,1,-7.583272295246757,2026-02-13,0.7203612825107512,-12.71753461777224,-18.505765832539165,-52.95815193050591,2026-02-13,2000-11-10,27.71999931335449,4050.0,-52.95815193050591,-99.67802469229991,2026-02-13,14.9399995803833,-15.528780187319768,-12.71753461777224,6,15.999975004196166,False,2026-02-13,15.259825007915495,True,2026-01-16,-11.330839213348176,-24.370721483776148,-28.85884156898506,-7.258122629648067
2026-02-13,2026-02-06,LITHIUM,CRML.O,Critical Metals,26,19,25.0,-1.0,4,9.239999771118164,-16.190475366656422,26,-47.64872537777661,26,4.28894050977231,18,85.54216336804829,8,503.921564960883,1,101.30717786378622,11,47.36841785050174,17,-1.7021261053745018,25,13.793102233300925,2026-02-13,0.6369653020031655,-16.190475366656422,-27.715456025414813,-69.16916922650425,2026-02-13,2022-02-07,29.96999931335449,29.96999931335449,-69.16916922650425,-69.16916922650425,2026-02-13,11.024999618530272,-22.80702117802279,-22.80702117802279,6,7.616074993014336,True,2026-02-13,6.4507499974966045,True,2026-01-16,-14.803779962232356,-46.15247613236004,2.824304806160716,14.118251898899617
2026-02-20,2026-02-13,LITHIUM,GLN.AX,Galan Lithium,1,1,14.0,13.0,4,0.3600000143051147,9.090909090909085,1,-23.404252081232524,16,44.00000572204588,2,166.66666666666669,1,242.8571671855701,3,200.0000186264521,3,140.00000000000009,3,173.5042913081144,6,7.462688160516184,2026-02-20,0.4369376864941049,9.090909090909085,-26.97397215808536,-23.404252081232524,2026-02-20,2011-06-08,0.4699999988079071,2.1742498874664307,-23.404252081232524,-83.44256488730424,2026-02-20,0.3300000131130218,-1.369861671503625,-1.369861671503625,6,0.1916150007024407,True,2026-02-20,0.1706400000676512,True,2026-01-23,8.018088423954616,-23.31604442092712,38.32997022159708,6.718505431971478
2026-02-20,2026-02-13,LITHIUM,SLI,Standard Lithium,2,5,21.0,19.0,4,4.380000114440918,6.310685342326261,2,-22.47787538920249,15,14.062505529727895,13,56.989253560127786,16,167.07318003939284,9,202.0689634760836,2,163.8554338862754,2,264.99999503294646,2,-8.368202464649455,2026-02-20,0.4878454895986604,8.684860704987729,1.9330726031067285,-22.47787538920249,2026-02-20,2017-06-20,5.650000095367432,12.369999885559082,-22.47787538920249,-64.59175299141116,2026-02-20,4.119999885559082,-1.699021766228026,0.0,5,3.3841999995708467,True,2026-02-20,3.0894499975442886,True,2026-01-23,5.237864675371795,-22.389667728897088,8.392470029279096,-9.11238519319416
2026-02-20,2026-02-13,LITHIUM,CXO.AX,Core Lithium,3,11,22.0,19.0,4,0.2049999982118606,5.128208067290263,3,-29.310343410115426,22,-19.60784233519317,24,70.8333356616399,11,120.43010037694336,13,132.9545446848574,8,107.07070638653984,7,115.7894745097596,7,-25.454547720507115,2026-02-20,0.5230669031908189,5.128208067290263,-49.13512338938869,-38.80597220733343,2026-02-20,2011-02-11,0.3350000083446502,1.8650000095367432,-38.80597220733343,-89.0080430475289,2026-02-20,0.1949999928474426,-4.878051439826514,-2.380950184636021,6,0.1538549995049834,True,2026-02-20,0.1392149996943771,True,2026-01-23,4.055387400335797,-29.22213574981002,-25.27787783564197,-26.198730449051823
2026-02-20,2026-02-13,LITHIUM,ATLX.O,Atlas Lithium,4,24,18.0,14.0,4,4.829999923706056,3.4261208736228843,4,-21.717992480038507,13,-2.2267233247016627,20,-2.2267233247016627,25,16.385537655714643,23,-16.14583798994601,26,-37.435232448547126,26,-51.063829992816025,26,10.27396797962361,2026-02-20,0.4531612546751318,10.77981137153785,-18.84502110417049,-35.16778459914506,2026-02-20,2013-02-28,7.449999809265136,412500.0,-35.16778459914506,-99.9988290909276,2026-02-20,4.670000076293944,-2.141325546014261,-0.6172882507032962,5,4.856850017309188,False,2026-02-20,4.77060001373291,True,2026-01-23,2.3533002066684183,-21.6297848197331,-7.896758825150463,9.529785251078902
2026-02-20,2026-02-13,LITHIUM,DLI.AX,Delta Lithium,5,24,19.0,14.0,4,0.2199999988079071,2.325579138818279,5,-32.30769019155099,24,-13.725489050275929,23,37.50000232830648,22,12.820516347415031,24,25.71428717399136,21,12.820516347415031,21,7.317073525310236,23,-2.222220161814681,2026-02-20,0.4507038047816379,2.325579138818279,-40.54238805634768,-32.30769019155099,2026-02-20,2017-11-03,0.324999988079071,0.9354239702224731,-32.30769019155099,-76.4812527996707,2026-02-20,0.2150000035762786,-2.222220161814681,-2.222220161814681,6,0.1929750002920627,True,2026-02-20,0.1867500002682209,True,2026-01-23,1.252758471863813,-32.21948253124558,-19.39552455072473,-2.9664028903593875
2026-02-20,2026-02-13,LITHIUM,VULG.DE,Vulcan Energy Resources,6,23,20.0,14.0,4,2.2219998836517334,2.02019792902044,6,-15.061164483395872,4,-23.46769393591212,25,30.179944514157352,23,6.825072444182645,25,1.8278604994138803,24,-33.44183137708578,24,13.977290988379142,22,-13.338534404481228,2026-02-20,0.414658973325815,2.02019792902044,-39.51847575789808,-34.524875297008485,2026-02-20,2022-02-15,3.3936550617218018,6.09117603302002,-34.524875297008485,-63.52100363531834,2026-02-20,2.177999973297119,-4.635195003892467,-4.635195003892467,6,2.2848066478967666,False,2026-02-20,2.2656637591123583,True,2026-01-23,0.9473772620659736,-14.972956823090469,-29.13772943636092,-14.082717133025934
2026-02-20,2026-02-13,LITHIUM,LAR.TO,Lithium Argentina AG,7,2,8.0,1.0,4,9.609999656677246,1.6931201126082485,7,-18.28231743503135,12,31.10504442977431,6,123.48835419551256,2,262.64148342775,2,160.4335909933862,6,114.03118366493872,6,173.7891647517896,5,17.195120490356075,2026-02-20,0.513667154773043,6.423033675054324,-9.847870055096912,-18.28231743503135,2026-02-20,2008-07-16,11.760000228881836,21.016979217529297,-18.28231743503135,-54.27506704359308,2026-02-20,9.449999809265137,-1.904755080788312,-0.1039524844158035,5,5.687650003433228,True,2026-02-20,5.040099997520446,True,2026-01-23,0.6202994456537825,-18.19410977472594,25.43500892932551,16.450937761811367
2026-02-20,2026-02-13,LITHIUM,SQM,Sociedad Quimica y Minera ADR,8,7,16.0,8.0,4,71.86000061035156,1.3397220408688515,8,-15.88434934607168,7,18.73760751291132,10,61.992785440996535,14,109.93281206937692,15,80.50740550479674,16,85.49302399822598,11,92.80922921314986,11,3.054635237166048,2026-02-20,0.5569349424336152,2.496077570624955,-28.92583773873092,-15.88434934607168,2026-02-20,1993-09-21,85.43000030517578,113.5199966430664,-15.88434934607168,-36.69837673066859,2026-02-20,70.91000366210938,-1.264081044759513,-1.264081044759513,5,50.30260007858276,True,2026-02-20,46.44950002670288,True,2026-01-23,0.2669013739143855,-15.796141685766274,13.067572012462511,2.310452508621341
2026-02-20,2026-02-13,LITHIUM,1772.HK,Ganfeng Lithium,9,3,4.0,-5.0,4,61.29999923706056,1.3223127885298336,9,-12.428572518484929,3,5.417020857307775,14,93.25346962177436,7,219.270816673008,4,181.19266689169885,5,137.59690329372506,4,231.7099607982048,4,13.308689401134854,2026-02-20,0.3910184627569453,5.32645778949048,-28.423949354350984,-12.428572518484929,2026-02-20,2018-10-11,70.0,128.0000457763672,-12.428572518484929,-52.10939272306226,2026-02-20,60.5,-3.1595577000087083,-3.1595577000087083,3,39.65589999198914,True,2026-02-20,35.951600036621095,True,2026-01-23,0.2494921215753676,-12.34036485817952,-0.2530146431410252,12.564506672590149
2026-02-20,2026-02-13,LITHIUM,ALB,Albermale,10,4,10.0,0.0,4,168.4199981689453,1.2443594766937016,10,-11.12869872260479,2,44.66586567415942,1,115.5913879256925,3,183.91773269621288,7,104.12070513690044,11,53.73801321518348,16,99.97624759894204,10,17.015220412280986,2026-02-20,0.5855789695193537,5.971186013028884,-0.0801483340324233,-13.266039488345704,2026-02-20,1994-02-22,194.17999267578125,325.3800048828125,-13.266039488345704,-48.23898345271624,2026-02-20,166.35000610351565,-1.6411619778997966,-1.6353247469894638,5,101.21534982681274,True,2026-02-20,90.301699924469,True,2026-01-23,0.1715388097392356,-11.040491062299385,38.99583017371062,16.271037683736278
2026-02-20,2026-02-13,LITHIUM,LIT,Global X Lithium & Battery Tech ETF,11,7,9.0,-2.0,4,73.12000274658203,0.5777246437009831,11,-2.180598332331729,1,19.243318836405354,9,62.633461377971166,13,91.26341517686755,18,70.68161177904426,18,61.48410935915103,13,100.32877464816994,9,10.33651192169227,2026-02-20,0.5326316412314857,1.9094114934941289,-17.130750305426165,-2.765949848497651,2026-02-20,2010-07-23,75.19999694824217,96.30999755859376,-2.765949848497651,-24.07849174526584,2026-02-20,72.69999694824217,-0.9750726259707744,-0.9750726259707744,5,53.70119993209839,True,2026-02-20,50.223199939727785,True,2026-01-23,-0.4950960232534829,-2.092390672026323,13.573283335956551,9.592329193147563
2026-02-20,2026-02-13,LITHIUM,AVL.TO,Avalon Advanced Materials,12,6,12.0,0.0,4,12.59999942779541,0.0,12,-17.647063590067646,9,39.99999364217122,3,100.0,5,179.99998728434244,8,100.0,13,74.99999668863076,12,39.99999364217122,17,27.272726396993274,2026-02-20,0.544830003033084,-6.666670905219185,-23.40034317590767,-48.14815294486373,2026-02-20,1984-05-31,24.30000114440918,7740.0,-48.14815294486373,-99.83720930971842,2026-02-20,12.59999942779541,-7.14286200854265,-6.666670905219185,5,9.247499752044678,True,2026-02-20,8.502749767303467,True,2026-01-23,-1.072820666954466,-17.558855929762238,34.32995814172242,26.528543668448567
2026-02-20,2026-02-13,LITHIUM,PLS.AX,Pilbara Minerals,13,13,7.0,-6.0,4,4.179999828338623,-1.1820376006952182,13,-17.716537576458226,10,-0.2386689438011568,19,99.0476199126298,6,202.89853933202545,6,97.1698138670551,15,44.63666701068239,18,47.18309699531298,16,-3.01624399458994,2026-02-20,0.5400220277315587,-1.1820376006952182,-7.961837523651945,-17.716537576458226,2026-02-20,2007-09-19,5.079999923706056,5.5,-17.716537576458226,-24.00000312111594,2026-02-20,4.230000019073486,-5.429869769517182,-5.429869769517182,6,2.800425003767013,True,2026-02-20,2.523625004887581,True,2026-01-23,-2.254858267649684,-17.62832991615282,-5.908704444249957,-3.760426723134647
2026-02-20,2026-02-13,LITHIUM,ELV.AX,Elevra Lithium,14,10,1.0,-13.0,4,7.289999961853027,-1.2195142437976592,14,-23.983317561410068,17,30.64516239296371,7,86.92307137408446,9,203.7499863406027,5,111.30434379986274,10,42.94117839553644,19,79.99999058099485,13,-7.954546822879804,2026-02-20,0.5796402623979618,-1.2195142437976592,-38.34095069661518,-27.67857125962403,2026-02-20,2004-03-30,10.079999923706056,256.91192626953125,-27.67857125962403,-97.1624517134308,2026-02-20,7.380000114440918,-7.487311472326685,-7.487311472326685,6,4.6340500152111055,True,2026-02-20,4.186950013637543,True,2026-01-23,-2.292334910752125,-23.89510990110466,24.975126892514908,-8.69872955142451
2026-02-20,2026-02-13,LITHIUM,LTBR.O,Lightbridge,15,21,25.0,10.0,4,12.880000114440918,-1.226992698467566,15,-26.901251413326865,21,-11.355813137326676,22,-5.847954480177786,26,28.67132687248375,22,3.2878896442060768,23,100.93604401006226,9,413.14741686766814,1,-8.717218796346726,2026-02-20,0.5142551212613903,2.06022370237382,-32.3495664569775,-53.5353519715428,2026-02-20,2000-11-10,27.71999931335449,4050.0,-53.5353519715428,-99.68197530581628,2026-02-20,13.039999961853027,-4.023844700320978,-4.023844700320978,5,16.079825005531312,False,2026-02-20,15.470050013065338,True,2026-01-23,-2.299813365422032,-26.813043753021457,-17.025848637775475,-9.461401524891432
2026-02-20,2026-02-13,LITHIUM,LAC.TO,Lithium Americas,16,22,15.0,-1.0,4,6.210000038146973,-1.740508394408602,16,-29.43181927785397,23,-7.999999434859662,21,63.85224539977952,12,57.61421187714206,20,43.74999517092017,20,21.05262962209029,20,79.99999861786333,12,-5.190841873086194,2026-02-20,0.731293510349194,0.4854403016450348,-18.4136720248344,-55.98865918321814,2026-02-20,2023-10-04,14.109999656677246,16.010000228881836,-55.98865918321814,-61.2117429770912,2026-02-20,6.320000171661377,-1.898739859760079,-1.895732812091821,5,5.922350015640259,True,2026-02-20,5.645100017786026,True,2026-01-23,-2.813329061363068,-29.343611617548568,-13.67003493530846,-5.935024601630901
2026-02-20,2026-02-13,LITHIUM,MIN.AX,Mineral Resources,17,20,11.0,-6.0,4,51.25,-1.8199248066178564,17,-17.736756616984373,11,0.92556367073946,18,45.22527251465831,20,108.67264297407226,16,98.41269899874906,14,47.65197738920837,17,17.16963427834155,21,-7.557717767854322,2026-02-20,0.7844609765443132,-1.8199248066178564,-20.02720614707766,-19.89684219024201,2026-02-20,2006-07-28,63.97999954223633,96.27999877929688,-19.89684219024201,-46.76983729769187,2026-02-20,52.200000762939446,-5.250508679194399,-5.250508679194399,6,40.27660005569458,True,2026-02-20,36.855050020217895,True,2026-01-23,-2.8927454735723224,-17.648548956678965,-4.74447182970934,-8.301900496399028
2026-02-20,2026-02-13,LITHIUM,CRML.O,Critical Metals,18,15,26.0,8.0,4,9.0600004196167,-1.9480449779240905,18,-56.06207540797787,26,25.311208792745266,8,56.20689864958077,17,542.5532364604243,1,197.04919872986216,4,58.11519004290786,15,-8.020303870639555,25,11.576361420021076,2026-02-20,0.4319663384704318,-7.833158800260243,-35.11977921490262,-69.7697676770396,2026-02-20,2022-02-07,29.96999931335449,29.96999931335449,-69.7697676770396,-69.7697676770396,2026-02-20,9.239999771118164,-3.617012901184913,-3.617012901184913,5,7.768324994444847,True,2026-02-20,6.776599999666214,True,2026-01-23,-3.0208656448785565,-55.97386774767247,19.641173292296465,10.832178691476368
2026-02-20,2026-02-13,LITHIUM,LTR.AX,Liontown Resources,19,12,17.0,-2.0,4,1.6200000047683716,-2.1148016451026264,19,-26.02739897530092,20,0.9345785368615857,17,88.37209044436372,8,128.16902165184962,12,157.14285984601565,7,101.2422348291187,8,105.06328617298276,8,0.0,2026-02-20,0.5350702576069981,-2.1148016451026264,-36.10547888307009,-26.69683362871345,2026-02-20,2006-12-27,2.2100000381469727,3.150000095367432,-26.69683362871345,-48.57142997707096,2026-02-20,1.6549999713897705,-10.249304606953768,-10.249304606953768,6,1.1480250024795533,True,2026-02-20,1.028025001436472,True,2026-01-23,-3.1876223120570923,-25.93919131499551,-4.735456963587215,-0.7441827285447067
2026-02-20,2026-02-13,LITHIUM,PMET.TO,PMET Resources Inc,20,17,24.0,4.0,4,5.389999866485596,-2.355074545110736,20,-25.13888876011342,19,16.163793568555885,11,44.89246841482601,21,151.86914029272677,11,103.39621405705093,12,117.33870262223904,5,17.68558856490334,20,-2.7075829675143104,2026-02-20,1.051316571829953,0.1858689931592438,-31.593061169400382,-25.13888876011342,2026-02-20,2010-03-15,7.199999809265137,493.5,-25.13888876011342,-98.9078014454943,2026-02-20,5.519999980926514,-4.891304019193044,-2.355074545110736,5,4.039449994564056,True,2026-02-20,3.6771999943256377,True,2026-01-23,-3.4278952120652018,-25.050681099808013,10.493758068107084,-3.451765696059017
2026-02-20,2026-02-13,LITHIUM,LI.V,American Lithium,21,19,5.0,-16.0,4,0.7099999785423278,-2.739731508026888,21,-16.47059310266291,8,4.411760452090707,15,71.08433561896803,10,100.0,17,57.77777718908992,19,-29.000002145767223,23,26.78570991420017,18,2.898547970379761,2026-02-20,0.2752995095861617,1.4285700905079413,1.7134508987799908,-39.3162389243613,2026-02-20,1985-02-11,1.1699999570846558,1050.0,-39.3162389243613,-99.93238095442452,2026-02-20,0.7300000190734863,-6.849316522537752,-2.739731508026888,5,0.5784249998629093,True,2026-02-20,0.5390000005066394,True,2026-01-23,-3.812552174981354,-16.382385442357503,-1.258275048358093,2.1543652418350545
2026-02-20,2026-02-13,LITHIUM,IGO.AX,IGO Limited,22,18,6.0,-16.0,4,7.900000095367431,-5.727923777069199,22,-15.145008170765683,5,14.161849830474749,12,53.696503902225736,18,88.99522535404873,19,70.99567729559423,17,59.27419424615217,14,57.057649420424816,14,-3.775882354922744,2026-02-20,0.8342988330808786,-5.727923777069199,-3.592390301312967,-15.688365081596157,2026-02-20,2002-01-17,9.369999885559082,16.393840789794922,-15.688365081596157,-51.81116983711871,2026-02-20,8.380000114440918,-5.727923777069199,-5.727923777069199,6,5.841799993515014,True,2026-02-20,5.395699993371964,True,2026-01-23,-6.800744444023665,-15.056800510460278,8.49181433002595,-4.5200650834674505
2026-02-20,2026-02-13,LITHIUM,EMH.AX,European Metals Holdings,23,14,2.0,-21.0,4,0.3050000071525573,-6.153840510802655,23,-21.794867092335547,14,38.63636763874163,4,60.52632156831741,15,35.55556232546599,21,125.925922246627,9,90.6250087311493,10,52.500001303851576,15,-15.277779157514871,2026-02-20,0.6485725078972044,-6.153840510802655,-27.187534060135874,-30.681816180629184,2026-02-20,2012-07-19,0.4399999976158142,2.150000095367432,-30.681816180629184,-85.81395378494469,2026-02-20,0.324999988079071,-9.230769936149674,-6.153840510802655,6,0.2439875002205372,True,2026-02-20,0.2349000000208616,True,2026-01-23,-7.226661177757121,-21.70665943203014,32.966332138292834,-16.02196188605958
2026-02-20,2026-02-13,LITHIUM,ABAT.O,American Battery Technology,24,7,23.0,-1.0,4,3.549999952316284,-6.578947450975958,24,-24.468083055702493,18,1.1396000558891115,16,48.84695876358223,19,155.39568265114602,10,228.70368622703387,1,361.21865596751536,1,231.7756802143004,3,-4.054056579305588,2026-02-20,0.4670492843807183,-6.08465663529949,-31.08943308892943,-68.66725528489611,2026-02-20,2016-02-24,11.329999923706056,61.125,-68.66725528489611,-94.19222911686498,2026-02-20,3.799999952316284,-6.578947450975958,-6.578947450975958,5,3.334100003838539,True,2026-02-20,3.065302002131939,True,2026-01-23,-7.651768117930424,-24.37987539539709,-4.530435444559688,-4.798239307850294
2026-02-20,2026-02-13,LITHIUM,SGML.O,Sigma Lithium,25,16,3.0,-22.0,4,12.470000267028809,-6.591760968504468,25,-15.40026824516806,6,32.73017200040764,5,109.93266240579756,4,114.999997533601,14,6.30861682584003,22,-13.762100732146187,22,20.5996139555938,19,-12.24489631560244,2026-02-20,0.3098830864126332,-5.458675786656608,14.173043099588186,-24.834236574231728,2026-02-20,2018-07-03,16.59000015258789,42.400001525878906,-24.834236574231728,-70.58962307013662,2026-02-20,13.350000381469728,-8.376189701732573,-8.376189701732573,5,8.020624997615814,True,2026-02-20,7.583824992179871,True,2026-01-23,-7.664581635458934,-15.312060584862651,27.06013649995884,-12.989079044147148
2026-02-20,2026-02-13,LITHIUM,INR.AX,Ioneer Ltd,26,26,13.0,-13.0,4,0.135000005364418,-9.999999999999964,26,-41.30434655850238,25,-28.947364706081668,26,17.391306882995284,24,3.8461617816837768,26,-15.624994761310418,25,-35.71428115270561,25,3.8461617816837768,24,-32.499998323619394,2026-02-20,0.8909230380938943,-9.999999999999964,-54.99048218808081,-50.0,2026-02-20,2007-12-19,0.270000010728836,0.8500000238418579,-50.0,-84.11764687320354,2026-02-20,0.1500000059604644,-9.999999999999964,-9.999999999999964,6,0.1527800003439187,False,2026-02-20,0.1506550002470612,True,2026-01-23,-11.072820666954431,-41.216138898196974,-34.61740020653047,-33.2441810521641
2026-02-27,2026-02-20,LITHIUM,CXO.AX,Core Lithium,1,4,3.0,2.0,4,0.2599999904632568,26.829264746897973,1,10.63829409477126,7,20.930226110909288,12,136.36362897463084,3,176.59574400628532,9,185.71428103574203,7,182.6086847368621,3,159.99998658895512,7,-5.45455097166948,2026-02-27,1.2516957464003988,26.829264746897973,-7.066027913175333,-22.388064481548582,2026-02-27,2011-02-11,0.3350000083446502,1.8650000095367432,-22.388064481548582,-86.05898181588539,2026-02-27,0.2049999982118606,-1.886790755296608,-1.886790755296608,6,0.1578599994257092,True,2026-02-27,0.1431199997290968,True,2026-01-30,27.27256512350189,11.505128568841696,20.495277238254573,-5.752134358772009
2026-02-27,2026-02-20,LITHIUM,PLS.AX,Pilbara Minerals,2,5,13.0,11.0,4,5.190000057220459,24.16268589377597,2,20.97902338858495,3,31.392404925764005,6,121.79488237557834,5,287.31342745825776,4,156.9306983280248,9,113.58024340083392,10,68.50649953833492,14,20.41763633698337,2026-02-27,1.2701965800359156,24.16268589377597,28.06175913119916,-1.1428560529436416,2026-02-27,2007-09-19,5.25,5.5,-1.1428560529436416,-5.636362595991651,2026-02-27,4.179999828338623,-1.1428560529436416,-1.1428560529436416,6,2.8826250022649766,True,2026-02-27,2.588825005888939,True,2026-01-30,24.605986270379887,21.845857862655382,30.95745605310929,20.120052949880844
2026-02-27,2026-02-20,LITHIUM,MIN.AX,Mineral Resources,3,9,17.0,14.0,4,60.97999954223633,18.985364960461126,3,6.701658642341601,10,26.962317493377675,10,62.83043604790039,13,156.75789280941612,14,152.29623231174835,11,81.65028327848971,14,33.72807364641404,19,9.992786891698046,2026-02-27,1.3099257906699138,18.985364960461126,29.066843053535724,-4.688965335205342,2026-02-27,2006-07-28,63.97999954223633,96.27999877929688,-4.688965335205342,-36.66389663961142,2026-02-27,51.25,0.0,0.0,6,41.09575004577637,True,2026-02-27,37.73300002098083,True,2026-01-30,19.42866533706504,7.568493116412034,26.52736862072296,9.695203504595517
2026-02-27,2026-02-20,LITHIUM,SGML.O,Sigma Lithium,4,9,25.0,21.0,4,14.409999847412108,15.557333912114956,4,33.673471283476665,1,27.40936616075271,9,114.75409486572164,6,161.0507227754272,12,23.47900388350561,23,3.74369684115472,22,36.32923617271444,17,1.4074581895019866,2026-02-27,1.733757168605903,15.557333912114956,21.10564041053992,-13.140447770494578,2026-02-27,2018-07-03,16.59000015258789,42.400001525878906,-13.140447770494578,-66.01415252634615,2026-02-27,12.470000267028809,-11.973127008789309,-11.973127008789309,6,8.198424997329711,True,2026-02-27,7.699124989509582,True,2026-01-30,16.00063428871887,34.540305757547095,26.974417288098,1.1098748023994576
2026-02-27,2026-02-20,LITHIUM,GLN.AX,Galan Lithium,5,1,1.0,-4.0,4,0.4149999916553497,15.277770879092325,5,10.666664441426589,6,72.91666705471778,1,159.3750005820766,1,336.84210196096143,3,260.8695514148038,4,231.99999332427973,2,215.2896502786533,5,23.88059143819332,2026-02-27,0.964880486148439,15.277770879092325,0.5024185284631055,-11.702129211076109,2026-02-27,2011-06-08,0.4699999988079071,2.1742498874664307,-11.702129211076109,-80.91295788733221,2026-02-27,0.3600000143051147,0.0,0.0,6,0.1990400007367134,True,2026-02-27,0.1731150000914931,True,2026-01-30,15.72107125569624,11.53349891549702,72.48171818206306,23.5830080510908
2026-02-27,2026-02-20,LITHIUM,LAR.TO,Lithium Argentina AG,6,2,7.0,1.0,4,11.020000457763672,14.672225301347709,6,20.56892826939942,4,43.6766668598054,3,146.53246029103707,2,344.3548537503915,2,244.37500917352725,5,137.50001669957769,6,214.8571559361049,6,34.39025261088704,2026-02-27,1.0953168582382995,14.672225301347709,16.56137641553024,-6.292514938059012,2026-02-27,2008-07-16,11.760000228881836,21.016979217529297,-6.292514938059012,-47.56620186133888,2026-02-27,9.609999656677246,-5.061081341844719,-3.83943786141947,6,5.885000002384186,True,2026-02-27,5.23184999704361,True,2026-01-30,15.115525677951624,21.43576274346985,43.241717987150686,34.09266922378451
2026-02-27,2026-02-20,LITHIUM,1772.HK,Ganfeng Lithium,7,3,9.0,2.0,4,68.80000305175781,12.234916652597503,7,13.71901330869061,5,43.45288649939161,4,127.06272205976536,4,257.588377703808,5,192.1443960961472,6,180.81633898676657,4,271.8919083878801,2,27.171913109514257,2026-02-27,0.7499393687875536,12.234916652597503,-19.074752083991605,-1.714281354631697,2026-02-27,2018-10-11,70.0,128.0000457763672,-1.714281354631697,-46.25001683830613,2026-02-27,61.29999923706056,-0.1503736452948767,-0.1451356631444134,6,40.86250001907349,True,2026-02-27,37.18074998855591,True,2026-01-30,12.678217029201422,14.585847782761045,43.017937626736895,26.87432972241173
2026-02-27,2026-02-20,LITHIUM,CRML.O,Critical Metals,8,13,18.0,10.0,4,10.149999618530272,12.030895678034504,8,-22.93090691168397,26,23.32928533519972,11,55.913967153172365,18,576.6666412353514,1,381.0426598655975,1,51.26675947580599,19,16.666664839704314,23,24.99999706381053,2026-02-27,0.6074390080075437,12.030895678034504,-9.072437137171768,-66.13279996303677,2026-02-27,2022-02-07,29.96999931335449,29.96999931335449,-66.13279996303677,-66.13279996303677,2026-02-27,9.0600004196167,-6.709563310957356,-6.709563310957356,6,7.99222499370575,True,2026-02-27,7.1338499969244005,True,2026-01-30,12.47419605463842,-22.064072437613536,22.894336462545,24.702413676708005
2026-02-27,2026-02-20,LITHIUM,ELV.AX,Elevra Lithium,9,6,14.0,5.0,4,8.15999984741211,11.934154871215386,9,21.79104596582231,2,49.45054561174451,2,94.28571947577882,8,239.9999801317858,6,147.27272622184643,12,69.99999006589293,16,101.48146822510388,11,3.0303001111897654,2026-02-27,2.284550286985221,11.934154871215386,-17.166841973041038,-19.0476199486719,2026-02-27,2004-03-30,10.079999923706056,256.91192626953125,-19.0476199486719,-96.8238143063661,2026-02-27,7.289999961853027,-0.4878044241882984,-0.4878044241882984,6,4.770350013971329,True,2026-02-27,4.292100011110306,True,2026-01-30,12.377455247819302,22.657880439892743,49.015596739089794,2.7327167240872363
2026-02-27,2026-02-20,LITHIUM,DLI.AX,Delta Lithium,10,21,5.0,-5.0,4,0.2450000047683715,11.363639134513416,10,-1.9999980926514005,18,11.363639134513416,18,44.1176483478513,20,28.94737254879813,23,44.1176483478513,21,32.43243330320884,20,4.255321442460303,25,8.888893892735727,2026-02-27,1.2377751260888776,11.363639134513416,-7.616661215017022,-24.615380383102003,2026-02-27,2017-11-03,0.324999988079071,0.9354239702224731,-24.615380383102003,-73.8086672388668,2026-02-27,0.2199999988079071,0.0,0.0,6,0.1940500003844499,True,2026-02-27,0.1891250003129244,True,2026-01-30,11.806939511117331,-1.133163618580968,10.928690261858698,8.591310505633198
2026-02-27,2026-02-20,LITHIUM,LAC.TO,Lithium Americas,11,19,16.0,5.0,4,6.900000095367432,11.111111964281896,11,4.2296104931836,13,-7.258063947579707,23,67.07021559735455,12,81.10236742769128,20,74.68354460941333,19,24.100722416878327,21,92.73743693895048,13,5.343509838788285,2026-02-27,1.1223919559329183,11.111111964281896,5.893679631888795,-51.09850982808381,2026-02-27,2023-10-04,14.109999656677246,16.010000228881836,-51.09850982808381,-56.90193631028237,2026-02-27,6.210000038146973,-2.2662868089077803,-2.2662868089077803,6,5.9847000169754025,True,2026-02-27,5.747900016307831,True,2026-01-30,11.554412340885811,5.096444967254032,-7.693012820234424,5.045926451685756
2026-02-27,2026-02-20,LITHIUM,INR.AX,Ioneer Ltd,12,25,26.0,14.0,4,0.1500000059604644,11.111111111111072,12,-3.225803350434797,19,-14.285709420028937,24,25.00000776102165,24,20.000004768371515,24,7.142860944173735,25,-28.57142350300625,25,7.142860944173735,24,-24.999998137354908,2026-02-27,1.433767039311188,11.111111111111072,-25.97851369100204,-44.444444444444464,2026-02-27,2007-12-19,0.270000010728836,0.8500000238418579,-44.444444444444464,-82.35294097022616,2026-02-27,0.135000005364418,-3.225803350434797,-3.225803350434797,6,0.1529050004482269,False,2026-02-27,0.1516800002753734,True,2026-01-30,11.554411487714988,-2.3589688763643646,-14.720658292683654,-25.297581524457435
2026-02-27,2026-02-20,LITHIUM,ATLX.O,Atlas Lithium,13,24,4.0,-9.0,4,5.289999961853027,9.52381046403856,13,5.168980938364287,11,7.302234199787416,20,0.1893892357447635,25,30.61727685729241,22,4.752470535713771,26,-25.91036329449069,24,-52.513466796939376,26,20.776251681177538,2026-02-27,0.6609921905740628,9.52381046403856,-4.080010956658985,-28.993287284730407,2026-02-27,2013-02-28,7.449999809265136,412500.0,-28.993287284730407,-99.99871757576685,2026-02-27,4.829999923706056,-4.33996815279759,-4.33996815279759,6,4.888050017356872,True,2026-02-27,4.819350016117096,True,2026-01-30,9.967110840642478,6.03581541243472,6.8672853271327,20.478668294075007
2026-02-27,2026-02-20,LITHIUM,IGO.AX,IGO Limited,14,16,22.0,8.0,4,8.619999885559082,9.113921284809344,14,3.6057716555145,14,29.624056570525536,8,61.12149606012176,16,103.78250228583106,18,104.2654102873215,16,77.00205519757411,15,62.33521616662971,16,4.993907984251944,2026-02-27,1.0784682720875751,9.113921284809344,23.63585939507073,-8.004269041196999,2026-02-27,2002-01-17,9.369999885559082,16.393840789794922,-8.004269041196999,-47.41927778800324,2026-02-27,7.900000095367431,-3.471449149190109,-3.471449149190109,6,5.9462999963760375,True,2026-02-27,5.501649992465973,True,2026-01-30,9.557221661413262,4.472606129584933,29.189107697870817,4.696324597149415
2026-02-27,2026-02-20,LITHIUM,SLI,Standard Lithium,15,7,2.0,-13.0,4,4.670000076293944,6.621003522280566,15,7.603684610685524,9,11.455847554138357,17,57.77027081450547,17,159.44445555592785,13,262.0155204954966,3,176.3313561050813,5,267.7165469630165,3,-2.301257922304889,2026-02-27,0.7282857748932807,6.621003522280566,2.1978323181573423,-17.345132788174855,2026-02-27,2017-06-20,5.650000095367432,12.369999885559082,-17.345132788174855,-62.24737170979468,2026-02-27,4.380000114440918,-3.563942913495044,-2.0964340677658733,6,3.4627999985218048,True,2026-02-27,3.186649999022484,True,2026-01-30,7.064303898884483,8.470519084755956,11.020898681483638,-2.598841309407418
2026-02-27,2026-02-20,LITHIUM,SQM,Sociedad Quimica y Minera ADR,16,15,8.0,-8.0,4,76.30000305175781,6.178684113129074,16,-0.7027502757265713,16,18.62562719803249,14,62.5479447891226,14,133.26201524712732,16,90.75000762939452,17,97.87344485056944,13,103.08757964208657,9,9.422055612407965,2026-02-27,1.07090643564541,6.178684113129074,-14.836777520716025,-10.687109002462249,2026-02-27,1993-09-21,85.43000030517578,113.5199966430664,-10.687109002462249,-32.787169390373585,2026-02-27,71.86000061035156,-4.073419444903525,-4.073419444903525,6,51.35770011901855,True,2026-02-27,47.64645002365112,True,2026-01-30,6.621984489732991,0.1640841983438612,18.19067832537777,9.124472225305436
2026-02-27,2026-02-20,LITHIUM,ALB,Albermale,17,8,10.0,-7.0,4,178.6699981689453,6.08597560351356,17,4.711945763381187,12,37.44902732413627,5,103.77508844328594,7,203.9122221237384,7,126.2504690478647,14,65.46582016518579,18,100.7979224862805,12,24.13673817897004,2026-02-27,0.9155851582447532,6.08597560351356,4.967932981540914,-8.781333219491616,2026-02-27,1994-02-22,195.8699951171875,325.3800048828125,-8.781333219491616,-45.088820613517925,2026-02-27,168.4199981689453,-8.781333219491616,-8.781333219491616,6,104.38199977874756,True,2026-02-27,93.49964992523194,True,2026-01-30,6.529275980117477,5.578780237451619,37.01407845148155,23.839154791867514
2026-02-27,2026-02-20,LITHIUM,LTR.AX,Liontown Resources,18,11,19.0,1.0,4,1.7050000429153442,5.246915919554329,18,-8.08625200085239,21,17.1821300774041,15,85.32608825931702,9,166.4062626601665,11,152.59259448947563,10,120.00001230547544,9,114.46540970095188,8,5.246915919554329,2026-02-27,4.030822813848261,5.246915919554329,-54.49094314700724,-22.850678122841018,2026-02-27,2006-12-27,2.2100000381469727,3.150000095367432,-22.850678122841018,-45.87301614933874,2026-02-27,1.6200000047683716,-14.10579190790533,-14.10579190790533,6,1.174650003015995,True,2026-02-27,1.0587250024080277,True,2026-01-30,5.690216296158246,-7.219417526781958,16.74718120474938,4.9493325324518
2026-02-27,2026-02-20,LITHIUM,VULG.DE,Vulcan Energy Resources,19,26,6.0,-13.0,4,2.318000078201293,4.320441025036836,19,-1.7796533373500845,17,-19.74484326779844,25,27.316538983205096,23,16.993545100812547,25,13.077858986897706,24,-36.3124696297824,26,20.13911200037168,22,-9.59437689199426,2026-02-27,0.3390218548733431,4.320441025036836,-16.017094292944993,-31.696061148146416,2026-02-27,2022-02-15,3.3936550617218018,6.09117603302002,-31.696061148146416,-61.944950110856944,2026-02-27,2.2219998836517334,-6.305573983579393,-6.305573983579393,6,2.2898664504289625,True,2026-02-27,2.2777507489919664,True,2026-01-30,4.763741401640753,-0.912818863279652,-20.17979214045316,-9.89196027909679
2026-02-27,2026-02-20,LITHIUM,ABAT.O,American Battery Technology,20,11,24.0,4.0,4,3.690000057220459,3.9436649798495926,20,-8.663364057855926,22,-1.3368971173472688,21,40.83970299231709,21,167.3913094181645,10,271.60122510658164,2,286.5898356878885,1,235.454543385624,4,-0.2702700090373544,2026-02-27,0.5055582765820212,3.9436649798495926,-1.6125343481158922,-67.43159680434087,2026-02-27,2016-02-24,11.329999923706056,61.125,-67.43159680434087,-93.96319009043688,2026-02-27,3.549999952316284,-3.9062463620211263,-3.9062463620211263,6,3.392200003862381,True,2026-02-27,3.1510750031471253,True,2026-01-30,4.386965356453509,-7.796529583785493,-1.7718459900019856,-0.5678533961398835
2026-02-27,2026-02-20,LITHIUM,EMH.AX,European Metals Holdings,21,14,23.0,2.0,4,0.3149999976158142,3.278685320900676,21,-4.5454590609577465,20,31.250001940255444,7,74.99999172157752,11,57.4999964609743,21,162.50000388051097,8,109.99999006589304,11,65.78947450975963,15,-12.500004139211264,2026-02-27,0.3003241552080845,3.278685320900676,-2.2395342589268696,-28.409091063028523,2026-02-27,2012-07-19,0.4399999976158142,2.150000095367432,-28.409091063028523,-85.34883797007548,2026-02-27,0.3050000071525573,-3.2786950921536606,-3.0769202554013053,6,0.2460625002533197,True,2026-02-27,0.2375875001400709,True,2026-01-30,3.721985697504593,-3.678624586887314,30.81505306760073,-12.797587526313793
2026-02-27,2026-02-20,LITHIUM,LIT,Global X Lithium & Battery Tech ETF,22,17,11.0,-11.0,4,75.4000015258789,3.118160139023596,22,7.791286369418016,8,18.815005694394536,13,61.17999891707606,15,101.82012926677352,19,80.38278206241701,18,68.86897860950232,17,102.0364473270236,10,13.77698105522349,2026-02-27,1.0027834153184578,3.118160139023596,8.554150850414569,-2.1922362074118684,2026-02-27,2010-07-23,77.08999633789062,96.30999755859376,-2.1922362074118684,-21.71113753792122,2026-02-27,73.12000274658203,-2.1922362074118684,-2.1922362074118684,6,54.64849990844726,True,2026-02-27,51.200649967193606,True,2026-01-30,3.5614605156275125,8.658120843488447,18.38005682173982,13.479397668120962
2026-02-27,2026-02-20,LITHIUM,PMET.TO,PMET Resources Inc,23,20,20.0,-3.0,4,5.420000076293944,0.5565901772073722,23,-12.15559142181556,23,10.838450394258505,19,36.18090578692205,22,143.04932869668,15,115.9362588401287,15,129.66103039059126,7,21.79775974392664,21,-2.166062931143864,2026-02-27,1.7979810333946684,0.5565901772073722,-12.255201283326516,-24.72221916840393,2026-02-27,2010-03-15,7.199999809265137,493.5,-24.72221916840393,-98.90172237562432,2026-02-27,5.389999866485596,-6.872853669577273,-6.872853669577273,6,4.1218999946117405,True,2026-02-27,3.798699995279312,True,2026-01-30,0.999890553811289,-11.288756947745128,10.403501521603786,-2.463646318246393
2026-02-27,2026-02-20,LITHIUM,LTBR.O,Lightbridge,24,22,15.0,-9.0,4,12.93000030517578,0.3882002351754732,24,-15.957100339182006,24,-20.47970403955556,26,-16.902313904344403,26,-20.86903191902384,26,29.429435449612097,22,124.86957052479616,8,393.511483586063,1,-8.362858825039432,2026-02-27,0.7996891961832079,0.3882002351754732,-22.184598984429183,-53.35497609862286,2026-02-27,2000-11-10,27.71999931335449,4050.0,-53.35497609862286,-99.68074073320554,2026-02-27,12.880000114440918,-6.7772140457044605,-6.7772140457044605,6,16.1641500043869,False,2026-02-27,15.696450011730194,False,2026-01-30,0.8315006117793899,-15.090265865111572,-20.914652912210272,-8.66044221214196
2026-02-27,2026-02-20,LITHIUM,AVL.TO,Avalon Advanced Materials,25,18,12.0,-13.0,4,12.59999942779541,0.0,25,0.0,15,16.666669610106098,16,55.5555411654088,19,179.99998728434244,8,133.33333922021225,13,100.0,12,27.272726396993274,20,27.272726396993274,2026-02-27,0.2885034348754861,0.0,-12.967296700077252,-48.14815294486373,2026-02-27,1984-05-31,24.30000114440918,7740.0,-48.14815294486373,-99.83720930971842,2026-02-27,12.59999942779541,-6.666670905219185,-6.666670905219185,6,9.45899974822998,True,2026-02-27,8.732249760627747,True,2026-01-30,0.4433003766039167,0.8668344740704326,16.231720737451383,26.975143009890743
2026-02-27,2026-02-20,LITHIUM,LI.V,American Lithium,26,23,21.0,-5.0,4,0.7099999785423278,0.0,25,-16.47059310266291,25,-1.3888957875743513,22,77.49999199062599,10,105.79709594075952,17,61.363632361258304,20,-25.263159215615428,23,33.96226733381884,18,2.898547970379761,2026-02-27,0.4848579632140448,0.0,18.52523125474893,-39.3162389243613,2026-02-27,1985-02-11,1.1699999570846558,1050.0,-39.3162389243613,-99.93238095442452,2026-02-27,0.7099999785423278,-4.054058190241916,-4.054058190241916,6,0.5877249996364117,True,2026-02-27,0.5513250003755092,True,2026-01-30,0.4433003766039167,-15.603758628592477,-1.823844660229068,2.600964583277232
2026-03-06,2026-02-27,LITHIUM,CXO.AX,Core Lithium,1,2,1.0,0.0,4,0.2549999952316284,-1.9230751596258089,1,21.428572949098168,1,18.604646972091075,5,142.85714589819634,2,186.5168435858625,8,207.2289216110024,5,183.3333167764885,3,207.2289216110024,6,-7.272731016489986,2026-03-06,1.042758821506449,-1.9230751596258089,7.799335020512904,-23.88060033440873,2026-03-06,2011-02-11,0.3350000083446502,1.8650000095367432,-23.88060033440873,-86.32707807358301,2026-03-06,0.2599999904632568,-14.545456614376064,-7.272731016489986,6,0.1618949994072317,True,2026-03-06,0.147109999731183,True,2026-02-06,0.0955654569694042,24.202252544233883,20.16003431161426,-5.545666647877013
2026-03-06,2026-02-27,LITHIUM,ATLX.O,Atlas Lithium,2,20,13.0,11.0,4,5.039999961853027,-4.725897954684067,2,6.779664955205078,5,13.258430963513268,10,4.564310837271601,24,7.692310827331861,24,-3.816790419867877,25,-35.796178049903645,26,-47.05882647576085,26,15.0684892732327,2026-03-06,0.5571169980380278,-4.725897954684067,22.766548473944624,-32.34899206862972,2026-03-06,2013-02-28,7.449999809265136,412500.0,-32.34899206862972,-99.99877818182745,2026-03-06,5.289999961853027,-10.892859712547232,-9.999999148505056,6,4.913950015306472,True,2026-03-06,4.839050015211106,False,2026-02-06,-2.7072573380888536,9.553344550340793,14.813818303036452,16.795553641845675
2026-03-06,2026-02-27,LITHIUM,EMH.AX,European Metals Holdings,3,11,21.0,18.0,4,0.2949999868869781,-6.349209803242251,3,3.5087686276281227,7,-28.048783058498994,25,63.88887509151802,8,63.88887509151802,21,168.18180771406034,7,110.71427545073092,8,63.88887509151802,16,-18.055562454241027,2026-03-06,0.2332421614861167,-6.349209803242251,16.06225991651473,-32.95454807148494,2026-03-06,2012-07-19,0.4399999976158142,2.150000095367432,-32.95454807148494,-86.27907098596836,2026-03-06,0.3149999976158142,-6.349209803242251,-6.349209803242251,6,0.2479875002801418,True,2026-03-06,0.2394875002652406,True,2026-02-06,-4.330569186647038,6.282448222763836,-26.49339571897581,-16.328498085628052
2026-03-06,2026-02-27,LITHIUM,INR.AX,Ioneer Ltd,4,25,12.0,8.0,4,0.1400000005960464,-6.666669978035678,4,-6.666669978035678,20,-17.647059339140526,23,-3.4482726727597,25,21.739128744669856,22,-6.666669978035678,26,-19.999998297010123,23,-6.666669978035678,25,-30.000000745058063,2026-03-06,0.8612021391310831,-6.666669978035678,-13.939081978384277,-48.148149987797616,2026-03-06,2007-12-19,0.270000010728836,0.8500000238418579,-48.148149987797616,-83.52941215657033,2026-03-06,0.1500000059604644,-9.999999999999964,-6.666669978035678,6,0.1531050004810094,False,2026-03-06,0.152230000346899,False,2026-02-06,-4.648029361440464,-3.892990382899964,-16.09167199961734,-28.272936376445088
2026-03-06,2026-02-27,LITHIUM,GLN.AX,Galan Lithium,5,1,5.0,0.0,4,0.3849999904632568,-7.228916095257986,5,16.66665914082799,3,60.416666278615615,1,156.6666501098217,1,313.9784745521422,2,249.99999322674503,2,220.83333255723136,2,258.9743582618537,4,14.925367424816985,2026-03-06,0.6974980799727152,-7.228916095257986,24.78441466105376,-18.08510820430672,2026-03-06,2011-06-08,0.4699999988079071,2.1742498874664307,-18.08510820430672,-82.29274414672352,2026-03-06,0.4149999916553497,-9.523807834335395,-8.333332742017397,6,0.2061900005489587,True,2026-03-06,0.1791400002688169,True,2026-02-06,-5.210275478662773,19.440338735963703,61.9720536181388,16.652431793429958
2026-03-06,2026-02-27,LITHIUM,ELV.AX,Elevra Lithium,6,3,9.0,3.0,4,7.559999942779541,-7.352940145248343,6,17.757007055110208,2,31.478259874426804,2,119.13043009536256,3,196.47059153520533,6,151.99999809265137,10,67.99999872843425,13,119.13043009536256,9,-4.545456187455765,2026-03-06,0.905921902349122,-7.352940145248343,-11.611188929090185,-25.00000000000001,2026-03-06,2004-03-30,10.079999923706056,256.91192626953125,-25.00000000000001,-97.05735733932094,2026-03-06,8.15999984741211,-9.55882043574502,-7.352940145248343,6,4.901250013113022,True,2026-03-06,4.392450011968613,True,2026-02-06,-5.33429952865313,20.53068665024592,33.03364721394999,-2.8183918188427914
2026-03-06,2026-02-27,LITHIUM,SQM,Sociedad Quimica y Minera ADR,7,10,16.0,9.0,4,70.38999938964844,-7.745744987847969,7,-1.524907549097676,11,16.46260918103739,8,54.77132827206541,12,114.86569901128767,16,66.88003527826221,18,84.94481568528087,11,105.1588358269326,11,0.9465022242096444,2026-03-06,1.0198658109466938,-7.745744987847969,-8.497339571743275,-17.605057780406142,2026-03-06,1993-09-21,85.43000030517578,113.5199966430664,-17.605057780406142,-37.99330384850948,2026-03-06,76.30000305175781,-9.829619528209466,-7.745744987847969,6,52.26395009994507,True,2026-03-06,48.62985006332397,True,2026-02-06,-5.727104371252755,1.248772046038038,18.017996520560573,2.673566592822618
2026-03-06,2026-02-27,LITHIUM,SLI,Standard Lithium,8,6,15.0,7.0,4,4.300000190734863,-7.922909625575603,8,-1.8264822286715,12,-8.70487991701616,19,45.76271597389099,17,151.4619938485219,10,233.3333579760813,4,167.0807548154444,4,273.9130678158857,2,-10.041840962444882,2026-03-06,0.588928900175638,-7.922909625575603,15.86633705931628,-23.89380321850729,2026-03-06,2017-06-20,5.650000095367432,12.369999885559082,-23.89380321850729,-65.23847833050714,2026-03-06,4.670000076293944,-11.016949238156638,-8.89829699419824,6,3.532399995923042,True,2026-03-06,3.2616499984264373,True,2026-02-06,-5.904269008980389,0.9471973664642142,-7.1494925774929765,-8.314776593831908
2026-03-06,2026-02-27,LITHIUM,PLS.AX,Pilbara Minerals,9,4,2.0,-7.0,4,4.760000228881836,-8.285160377607248,9,15.533989347087228,4,18.11414345083129,6,91.93549162391317,7,271.875026193448,3,155.9139888318842,8,111.5555657280816,7,97.51037590694276,13,10.440842043540432,2026-03-06,0.831508065769248,-8.285160377607248,16.146815766445176,-9.333328973679311,2026-03-06,2007-09-19,5.25,5.5,-9.333328973679311,-13.454541293057533,2026-03-06,5.190000057220459,-8.670525648188443,-8.285160377607248,6,2.9695000034570693,True,2026-03-06,2.6602000039815903,True,2026-02-06,-6.2665197610120345,18.307668942222943,19.66953079035447,12.167906412153403
2026-03-06,2026-02-27,LITHIUM,LTR.AX,Liontown Resources,10,9,18.0,8.0,4,1.559999942779541,-8.50440448598878,10,-6.586827373166127,19,2.9702942250534603,14,60.82473162548623,9,147.61904041062493,11,138.1679405984634,12,149.59999084472656,6,162.18485172568967,8,-3.703707519273092,2026-03-06,1.1904732471795407,-8.50440448598878,-38.989151191492525,-29.411768513472047,2026-03-06,2006-12-27,2.2100000381469727,3.150000095367432,-29.411768513472047,-50.476193792064805,2026-03-06,1.7050000429153442,-11.918606947988575,-9.30233041681805,6,1.1966500031948089,True,2026-03-06,1.089125002324581,True,2026-02-06,-6.485763869393567,-3.813147778030413,4.525681564576645,-1.9766431506601176
2026-03-06,2026-02-27,LITHIUM,LIT,Global X Lithium & Battery Tech ETF,11,14,22.0,11.0,4,68.97000122070312,-8.527851691049193,11,-2.982128606549883,16,8.086506403950544,12,33.79243887770789,20,85.30359741723889,17,68.34268773673095,17,56.1113642921889,15,97.00086982946962,14,4.074248852280893,2026-03-06,1.1771333007391769,-8.527851691049193,-0.962955170779884,-10.533137245975489,2026-03-06,2010-07-23,77.08999633789062,96.30999755859376,-10.533137245975489,-28.38749561929677,2026-03-06,75.4000015258789,-8.527851691049193,-8.527851691049193,6,55.452849884033206,True,2026-03-06,52.08034994125367,True,2026-02-06,-6.50921107445398,-0.208449011414169,9.641893743473728,5.801313220893867
2026-03-06,2026-02-27,LITHIUM,ABAT.O,American Battery Technology,12,12,20.0,8.0,4,3.369999885559082,-8.6720912384598,12,-19.08763706063148,23,-20.33097233183402,24,41.59662703842866,19,130.82190393887078,14,236.9999885559082,3,279.5044867261532,1,224.0384624201872,5,-8.918923185723237,2026-03-06,0.4852291323891562,-8.6720912384598,15.816019771867143,-70.2559584443779,2026-03-06,2016-02-24,11.329999923706056,61.125,-70.2559584443779,-94.48670775368656,2026-03-06,3.690000057220459,-9.651478060952568,-9.651478060952568,6,3.442250003814697,False,2026-03-06,3.223250004053116,True,2026-02-06,-6.653450621864586,-16.313957465495765,-18.77558499231084,-7.191858817110264
2026-03-06,2026-02-27,LITHIUM,VULG.DE,Vulcan Energy Resources,13,26,19.0,6.0,4,2.114000082015991,-8.80068978874241,13,-5.7091888983297086,18,-11.84319931882678,21,11.40176618122597,23,4.318456774313173,25,6.787527210212319,23,-32.94606560347459,25,12.293005198014416,23,-17.550695333309463,2026-03-06,0.3518168621924535,-8.80068978874241,-1.7701713454925083,-37.70727891999035,2026-03-06,2022-02-15,3.3936550617218018,6.09117603302002,-37.70727891999035,-65.29405700055159,2026-03-06,2.318000078201293,-8.80068978874241,-8.80068978874241,6,2.292811236977577,False,2026-03-06,2.2827849584817885,False,2026-02-06,-6.782049172147197,-2.9355093031939945,-10.287811979303596,-15.82363096469649
2026-03-06,2026-02-27,LITHIUM,ALB,Albermale,14,8,17.0,3.0,4,162.2899932861328,-9.167742234666632,14,-0.6610772255211117,10,27.586475770253948,3,97.91462595869857,5,171.25186080455106,9,112.19924968978154,13,54.620802878933446,16,111.04029917544004,10,12.756202004199046,2026-03-06,0.7506527473814314,-9.167742234666632,21.190988193158976,-17.144025459828104,2026-03-06,1994-02-22,195.8699951171875,325.3800048828125,-17.144025459828104,-50.122935997686,2026-03-06,178.6699981689453,-9.167742234666632,-9.167742234666632,6,107.05584966659546,True,2026-03-06,96.28364986419678,True,2026-02-06,-7.149101618071418,2.1126023696146023,29.14186310977713,14.48326637281202
2026-03-06,2026-02-27,LITHIUM,MIN.AX,Mineral Resources,15,12,3.0,-12.0,4,55.200000762939446,-9.478515616080818,15,6.543137038780378,6,7.246938903774458,13,46.03175099754835,16,132.8131712121792,13,155.31914255419022,9,58.80323195741934,14,80.09788401291466,15,-0.4328965903940496,2026-03-06,1.0795417129375178,-9.478515616080818,30.0204528165768,-13.723036639756112,2026-03-06,2006-07-28,63.97999954223633,96.27999877929688,-13.723036639756112,-42.66721908724295,2026-03-06,60.97999954223633,-9.478515616080818,-9.478515616080818,6,41.9107000541687,True,2026-03-06,38.67190004348755,True,2026-02-06,-7.459874999485605,9.316816633916092,8.802326243297642,1.2941677782189245
2026-03-06,2026-02-27,LITHIUM,LI.V,American Lithium,16,22,26.0,10.0,4,0.6399999856948853,-9.859154220139088,16,-8.571429057997104,21,-1.538460127700647,18,52.38095373253169,13,82.85714188400578,19,48.83720349981837,19,-20.00000298023219,24,30.61223943647581,20,-7.246378564303779,2026-03-06,0.4594144078073549,-9.859154220139088,-21.838316913468816,-45.29914451538926,2026-03-06,1985-02-11,1.1699999570846558,1050.0,-45.29914451538926,-99.93904762041,2026-03-06,0.7099999785423278,-9.859154220139088,-9.859154220139088,6,0.5953499996662139,True,2026-03-06,0.5619000001251697,True,2026-02-06,-7.840513603543874,-5.79774946286139,0.0169272118225372,-5.519314195690805
2026-03-06,2026-02-27,LITHIUM,IGO.AX,IGO Limited,17,15,14.0,-3.0,4,7.75,-10.09280623096731,17,-4.438960196266417,17,10.556344464430945,11,57.2008168327198,11,84.96419795137558,18,96.20252927704666,15,54.07554029297519,17,52.55905740931737,17,-5.602923702918716,2026-03-06,1.1547801835421203,-10.09280623096731,7.282597360833823,-17.289219907630994,2026-03-06,2002-01-17,9.369999885559082,16.393840789794922,-17.289219907630994,-52.72614819570328,2026-03-06,8.619999885559082,-10.208818168491696,-10.09280623096731,6,6.039999997615814,True,2026-03-06,5.624949992895126,True,2026-02-06,-8.074165614372097,-1.665280601130703,12.111731803954129,-3.875859334305742
2026-03-06,2026-02-27,LITHIUM,LAC.TO,Lithium Americas,18,19,11.0,-7.0,4,6.190000057220459,-10.289855483098576,18,-2.825743038813644,15,-16.124661771913928,22,51.34473902901502,14,68.20652024267643,20,42.2988550098212,20,26.069251519080883,20,102.950824721146,12,-5.49618508444677,2026-03-06,0.8490278884619439,-10.289855483098576,22.141908149938576,-56.130402495855634,2026-03-06,2023-10-04,14.109999656677246,16.010000228881836,-56.130402495855634,-61.336664779968096,2026-03-06,6.900000095367432,-11.444917597897607,-11.444917597897607,6,6.0432000160217285,True,2026-03-06,5.817650017738342,True,2026-02-06,-8.271214866503362,-0.0520634436779299,-14.569274432390744,-3.769120715833796
2026-03-06,2026-02-27,LITHIUM,PMET.TO,PMET Resources Inc,19,20,23.0,4.0,4,4.849999904632568,-10.516608185200017,19,-22.893482765558502,25,1.2526084187343134,16,31.436309740490746,21,115.55555131700304,15,81.64793131259158,16,71.37809312309813,12,44.34523976359379,18,-12.454874764830626,2026-03-06,1.5518123614128756,-10.516608185200017,1.2472078548171106,-32.6388884289765,2026-03-06,2010-03-15,7.199999809265137,493.5,-32.6388884289765,-99.01722393016564,2026-03-06,5.420000076293944,-12.454874764830626,-12.454874764830626,6,4.193199993371963,True,2026-03-06,3.8999499928951264,True,2026-02-06,-8.497967568604803,-20.119803170422788,2.8079957582574977,-10.727810396217652
2026-03-06,2026-02-27,LITHIUM,LTBR.O,Lightbridge,20,23,24.0,4.0,4,11.449999809265137,-11.44625259844897,20,-23.36010621915041,26,-32.408503847180626,26,-19.98602743876208,26,-27.301588512602304,26,24.86368281354099,21,95.0596257664934,10,395.6709996922233,1,-18.851877477922702,2026-03-06,0.9652798163124444,-11.44625259844897,-12.30302515900982,-58.69408335898139,2026-03-06,2000-11-10,27.71999931335449,4050.0,-58.69408335898139,-99.7172839553268,2026-03-06,12.93000030517578,-11.651236299670076,-11.651236299670076,6,16.202924995422364,False,2026-03-06,15.882950005531312,False,2026-02-06,-9.427611981853756,-20.58642662401469,-30.85311650765744,-17.12481310930973
2026-03-06,2026-02-27,LITHIUM,DLI.AX,Delta Lithium,21,24,10.0,-11.0,4,0.2150000035762786,-12.24489820743292,21,-2.2727251176006824,14,2.3809572804273094,15,22.85714699297541,22,13.157898039038486,23,22.85714699297541,22,26.47058900871077,19,13.157898039038486,22,-4.444440323629417,2026-03-06,0.6703128645282743,-12.24489820743292,9.065612242314195,-33.84615031925168,2026-03-06,2017-11-03,0.324999988079071,0.9354239702224731,-33.84615031925168,-77.01576927463759,2026-03-06,0.2450000047683715,-12.24489820743292,-12.24489820743292,6,0.1949000004678964,True,2026-03-06,0.1910000003129243,True,2026-02-06,-10.226257590837706,0.5009544775350316,3.9363446199504937,-2.717375955016443
2026-03-06,2026-02-27,LITHIUM,CRML.O,Critical Metals,22,17,8.0,-14.0,4,8.800000190734863,-13.300487473228984,22,-20.181401403912435,24,-9.74358778733474,20,42.62560910729596,18,542.3357781099202,1,300.0,1,17.647061073468805,21,19.727895304983424,21,8.374388112801823,2026-03-06,0.4350039622111366,-13.300487473228984,12.7233007021408,-70.63730266148647,2026-03-06,2022-02-07,29.96999931335449,29.96999931335449,-70.63730266148647,-70.63730266148647,2026-03-06,10.149999618530272,-18.669127181728385,-18.669127181728385,6,8.201274996995926,True,2026-03-06,7.390574995279312,True,2026-02-06,-11.28184685663377,-17.40772180877672,-8.188200447811555,10.101452481414796
2026-03-06,2026-02-27,LITHIUM,AVL.TO,Avalon Advanced Materials,23,18,25.0,2.0,4,10.799999237060549,-14.28571644824116,23,-14.28571644824116,22,0.0,17,49.99999337726153,15,199.99998675452304,5,100.00000000000004,14,33.33331763499143,18,9.09090558797303,24,9.09090558797303,2026-03-06,0.5337550423728847,-14.28571644824116,-7.493942756672819,-55.55556078833619,2026-03-06,1984-05-31,24.30000114440918,7740.0,-55.55556078833619,-99.86046512613616,2026-03-06,12.59999942779541,-14.28571644824116,-14.28571644824116,6,9.643499732017515,True,2026-03-06,8.912249751091004,True,2026-02-06,-12.267075831645943,-11.512036853105444,1.5553873395231843,10.817969956586005
2026-03-06,2026-02-27,LITHIUM,1772.HK,Ganfeng Lithium,24,7,7.0,-17.0,4,58.950000762939446,-14.316863156834849,24,2.879583853138512,8,15.02439173256478,9,60.10320817907567,10,191.11111487871327,7,150.31848268670024,11,157.9868699290925,5,260.7711151312509,3,8.9648843356962,2026-03-06,0.8216976612127522,-14.316863156834849,-7.6756985424461135,-15.785713195800788,2026-03-06,2018-10-11,70.0,128.0000457763672,-15.785713195800788,-53.945328374387614,2026-03-06,68.80000305175781,-14.316863156834849,-14.316863156834849,6,41.88355001449585,True,2026-03-06,38.18854997634888,True,2026-02-06,-12.298222540239632,5.653263448274226,16.579779072087966,10.691948704309173
2026-03-06,2026-02-27,LITHIUM,SGML.O,Sigma Lithium,25,16,4.0,-21.0,4,12.340000152587892,-14.365022322994449,25,0.9819957687141834,9,16.745510963736198,7,97.75641995539132,6,136.39847985769427,12,2.662226977017568,24,4.22297291854945,22,33.54978850929762,19,-13.159745816601232,2026-03-06,0.5567261737276542,-14.365022322994449,-0.2461503456192729,-25.617841837916057,2026-03-06,2018-07-03,16.59000015258789,42.400001525878906,-25.617841837916057,-70.89622710259538,2026-03-06,14.409999847412108,-14.365022322994449,-14.365022322994449,6,8.346175003051759,True,2026-03-06,7.805249996185303,True,2026-02-06,-12.346381706399232,3.7556753638498974,18.30089830325938,-11.43268144798826
2026-03-06,2026-02-27,LITHIUM,LAR.TO,Lithium Argentina AG,26,5,6.0,-20.0,4,9.029999732971191,-18.058082051988578,26,-2.0607432598138686,13,21.86234708391872,4,98.0263124184815,4,239.47366321799285,4,177.8461456298828,6,104.7619057916795,9,189.4230789804365,7,10.121950524538326,2026-03-06,1.1962896483715597,-18.058082051988578,-3.18198895269981,-23.21428947939925,2026-03-06,2008-07-16,11.760000228881836,21.016979217529297,-23.21428947939925,-57.03474015219236,2026-03-06,11.020000457763672,-18.058082051988578,-18.058082051988578,6,6.0563500010967255,True,2026-03-06,5.393900003433227,True,2026-02-06,-16.039441435393364,0.7129363353218454,23.417734423441907,11.8490148931513
2026-03-13,2026-03-06,LITHIUM,LTR.AX,Liontown Resources,1,5,10.0,9.0,4,1.684999942779541,8.012820806729026,1,1.81268712437368,9,21.660646525776485,5,99.40827050039968,6,139.00708974016354,12,173.98372628462067,9,183.1932540768574,4,151.492522508537,7,4.012341840731248,2026-03-13,0.8388593358386698,8.012820806729026,-36.31907950873748,-23.755660013817494,2026-03-13,2006-12-27,2.2100000381469727,3.150000095367432,-23.755660013817494,-46.50793994395121,2026-03-13,1.559999942779541,-3.846150319251662,0.0,6,1.221050003170967,True,2026-03-13,1.1184000021219254,True,2026-02-13,9.61266884594152,4.796521388294417,24.364667066438763,7.311623843119519
2026-03-13,2026-03-06,LITHIUM,SQM,Sociedad Quimica y Minera ADR,2,7,7.0,5.0,4,74.44999694824217,5.767861335129942,2,4.992233963209314,5,14.591343003574051,8,71.26752900293098,10,127.1201943889734,13,76.96695385857488,16,97.114101260062,10,94.74234328982963,9,6.768956495165934,2026-03-13,0.6039140833228334,5.767861335129942,-2.476195214629924,-12.85263176601954,2026-03-13,1993-09-21,85.43000030517578,113.5199966430664,-12.85263176601954,-34.41684359599614,2026-03-13,70.38999938964844,-4.3550867794662,-4.3550867794662,6,53.3279500579834,True,2026-03-13,49.537050075531006,True,2026-02-13,7.367709374342435,7.976068227130051,17.29536354423633,10.068238497554203
2026-03-13,2026-03-06,LITHIUM,MIN.AX,Mineral Resources,3,10,15.0,12.0,4,57.47999954223633,4.1304325141017895,3,10.114940042387,4,10.879628420230404,10,48.68080643845123,13,140.50209397355232,11,164.27585996430497,10,60.55866136089861,14,49.960857804255184,16,3.679655422185668,2026-03-13,0.9356422166002591,4.1304325141017895,12.793544233298226,-10.159424892944912,2026-03-13,2006-07-28,63.97999954223633,96.27999877929688,-10.159424892944912,-40.299127263183685,2026-03-13,55.200000762939446,-4.724021551995595,-4.724021551995595,6,42.77385006904602,True,2026-03-13,39.48180006027221,True,2026-02-13,5.730280553314282,13.098774306307735,13.58364896089268,6.978937424573939
2026-03-13,2026-03-06,LITHIUM,1772.HK,Ganfeng Lithium,4,3,24.0,20.0,4,60.84999847412109,3.223066474286007,4,0.5785098745803019,10,21.33598528949328,6,75.66397097658452,9,187.02828435975977,6,175.33935485875477,8,181.0623535625352,5,283.6696077638471,2,12.476894991464537,2026-03-13,0.7058204948456206,3.223066474286007,14.839414065106226,-13.071430751255589,2026-03-13,2018-10-11,70.0,128.0000457763672,-13.071430751255589,-52.46095569338,2026-03-13,58.950000762939446,-2.027574970091905,-1.2976529309930318,6,42.91850001335144,True,2026-03-13,39.22329999923706,True,2026-02-13,4.8229145134985,3.562344138501039,24.04000583015556,15.776176993852808
2026-03-13,2026-03-06,LITHIUM,CRML.O,Critical Metals,5,11,22.0,17.0,4,9.050000190734863,2.840909029334049,5,-2.0562725659062253,12,10.77111513125104,12,35.2765338315248,19,345.8128235607357,1,322.89718444383465,1,42.519690183499705,18,19.550858461191734,19,11.453205890183929,2026-03-13,0.5048488453619476,2.840909029334049,12.90138314829521,-69.80313514154061,2026-03-13,2022-02-07,29.96999931335449,29.96999931335449,-69.80313514154061,-69.80313514154061,2026-03-13,8.800000190734863,-10.307234352085604,-10.307234352085604,6,8.399324994683266,True,2026-03-13,7.616074993014336,True,2026-02-13,4.440757068546541,0.9275616980145118,13.475135671913318,14.752487892572198
2026-03-13,2026-03-06,LITHIUM,PLS.AX,Pilbara Minerals,6,2,9.0,3.0,4,4.889999866485596,2.731084692285779,6,15.602833201799182,3,24.111669935744384,4,126.38887371178087,4,263.56875557380965,3,180.2292179440244,7,116.37167642125692,8,68.6206795060822,14,13.457074974623072,2026-03-13,0.7667654827194899,2.731084692285779,0.638077292392231,-6.857145400274368,2026-03-13,2007-09-19,5.25,5.5,-6.857145400274368,-11.090911518443711,2026-03-13,4.760000228881836,-6.72269235870494,-0.2040862997388592,6,3.0549000042676924,True,2026-03-13,2.729575003385544,True,2026-02-13,4.330932731498272,18.58666746571992,26.81569047640666,16.756356977011343
2026-03-13,2026-03-06,LITHIUM,LAR.TO,Lithium Argentina AG,7,4,26.0,19.0,4,9.239999771118164,2.325581886566397,7,-2.22222267074631,13,39.999998555038886,2,108.57788101954462,5,238.46152771288465,4,192.4050481058512,6,109.99999024651288,9,167.05201356202036,6,12.682926659070604,2026-03-13,0.5351789289029801,2.325581886566397,0.7379508534366707,-21.42857490406085,2026-03-13,2008-07-16,11.760000228881836,21.016979217529297,-21.42857490406085,-56.035547851655565,2026-03-13,9.029999732971191,-5.521472153343032,-5.521472153343032,6,6.230250002145767,True,2026-03-13,5.555,True,2026-02-13,3.9254299257788894,0.7616115931744272,42.70401909570116,15.982208661458872
2026-03-13,2026-03-06,LITHIUM,LIT,Global X Lithium & Battery Tech ETF,8,14,11.0,3.0,4,70.4000015258789,2.073365637039504,8,-3.1636802185847634,14,10.674423597509564,13,35.750097758052576,18,90.63092592504604,15,76.66249490974822,17,60.877523368726514,13,89.55304976526361,11,6.232088564991067,2026-03-13,0.6008199574559984,2.073365637039504,-7.853638649330211,-8.678162057096262,2026-03-13,2010-07-23,77.08999633789062,96.30999755859376,-8.678162057096262,-26.902706561643875,2026-03-13,68.97000122070312,-3.548426378535674,-3.548426378535674,6,56.29984987258912,True,2026-03-13,52.97699995040894,True,2026-02-13,3.673213676251996,-0.1798459546640263,13.37844413817184,9.531370567379335
2026-03-13,2026-03-06,LITHIUM,GLN.AX,Galan Lithium,9,1,5.0,-4.0,4,0.3899999856948852,1.298700092333016,9,18.181809150811755,1,52.94117372066223,1,188.88886681309543,2,314.893616009428,2,271.4285694012026,2,211.9999885559081,2,254.5454434619463,3,16.417903277677137,2026-03-13,0.746197685544951,1.298700092333016,31.729100867074933,-17.021279428921567,2026-03-13,2011-06-08,0.4699999988079071,2.1742498874664307,-17.021279428921567,-82.06277999860738,2026-03-13,0.3849999904632568,-9.09090838719424,-3.703707519273103,6,0.2133300003036856,True,2026-03-13,0.1850900004059076,True,2026-02-13,2.8985481315455086,21.165643414732493,55.645194261324505,19.717185280065408
2026-03-13,2026-03-06,LITHIUM,ELV.AX,Elevra Lithium,10,6,6.0,-4.0,4,7.570000171661377,0.1322781608138479,10,2.5745264806795065,8,12.481428680642592,9,207.7235794420385,1,236.444452073839,5,140.31745849132662,11,68.2222260369195,12,94.10256375771144,10,-4.419190672487295,2026-03-13,0.7997031453839906,0.1322781608138479,-17.56207137618147,-24.90079137938963,2026-03-13,2004-03-30,10.079999923706056,256.91192626953125,-24.90079137938963,-97.05346486573008,2026-03-13,7.559999942779541,-7.671956720846341,-5.018815922963215,6,5.029750009775162,True,2026-03-13,4.510650014877319,True,2026-02-13,1.7321262000263404,5.558360744600243,15.18544922130487,-1.119908670099024
2026-03-13,2026-03-06,LITHIUM,DLI.AX,Delta Lithium,11,18,21.0,10.0,4,0.2150000035762786,0.0,11,0.0,11,10.256416134580547,14,26.47058900871077,20,19.444441684970258,23,26.47058900871077,22,19.444441684970258,21,7.500000186264488,21,-4.444440323629417,2026-03-13,0.5369824746200245,0.0,4.104505563296218,-33.84615031925168,2026-03-13,2017-11-03,0.324999988079071,0.9354239702224731,-33.84615031925168,-77.01576927463759,2026-03-13,0.2150000035762786,-2.2727251176006824,-2.2727251176006824,6,0.1956750004738569,True,2026-03-13,0.192400000244379,True,2026-02-13,1.5998480392124923,2.983834263920737,12.960436675242825,-1.145158321241146
2026-03-13,2026-03-06,LITHIUM,LTBR.O,Lightbridge,12,16,20.0,8.0,4,11.380000114440918,-0.6113510566836511,12,-12.730060216780991,20,-21.463075954467413,24,-26.95763690521298,26,-11.782942240602411,26,39.46078832403423,20,139.0756211605094,7,337.6923281483403,1,-19.347977382440373,2026-03-13,1.013034821895227,-0.6113510566836511,15.434936096548428,-58.94660751683912,2026-03-13,2000-11-10,27.71999931335449,4050.0,-58.94660751683912,-99.7190123428533,2026-03-13,11.449999809265137,-6.183017254114576,-6.183017254114576,6,16.18652500152588,False,2026-03-13,15.999975004196166,False,2026-02-13,0.9884969825288414,-9.746225952860254,-18.759055413805136,-16.048695380052102
2026-03-13,2026-03-06,LITHIUM,SLI,Standard Lithium,13,9,8.0,-5.0,4,4.269999980926514,-0.6976792669216803,13,3.64077911490226,7,-10.855949583877443,21,39.087950285919824,14,143.9999989100865,10,218.6567070569673,4,188.51350850654924,3,249.99999022874687,4,-10.669460386954333,2026-03-13,0.3943180109080508,-0.6976792669216803,19.74789239325796,-24.42478037429437,2026-03-13,2017-06-20,5.650000095367432,12.369999885559082,-24.42478037429437,-65.48100226006167,2026-03-13,4.300000190734863,-5.321512988366861,-5.321512988366861,6,3.600499995946884,True,2026-03-13,3.328449998497963,True,2026-02-13,0.9021687722908124,6.624613378822996,-8.151929043215167,-7.370178384566062
2026-03-13,2026-03-06,LITHIUM,IGO.AX,IGO Limited,14,15,17.0,3.0,4,7.690000057220459,-0.7741928100585938,14,-8.233890785173259,18,10.806916337409689,11,66.0907098735362,11,82.22749856751106,17,100.26042263295204,13,52.27722310444962,17,42.67161869587424,17,-6.333739080516243,2026-03-13,0.7963597128803798,-0.7741928100585938,-3.876780559760804,-17.929560820249492,2026-03-13,2002-01-17,9.369999885559082,16.393840789794922,-17.929560820249492,-53.09213895740989,2026-03-13,7.75,-4.911837073992709,-3.14861458688096,6,6.1286499977111815,True,2026-03-13,5.740949993133545,True,2026-02-13,0.8256552291538988,-5.250056521252521,13.510936878071966,-3.0344570781279723
2026-03-13,2026-03-06,LITHIUM,ABAT.O,American Battery Technology,15,12,12.0,-3.0,4,3.3199999332427974,-1.4836781606593297,15,-12.63157960780772,19,-15.521631632381617,23,38.91212500076063,15,151.5151364634741,8,250.7289101348232,3,250.69187854427904,1,225.4901956201104,5,-10.27027323091001,2026-03-13,0.736957525674601,-1.4836781606593297,-15.116752241219949,-70.6972642930361,2026-03-13,2016-02-24,11.329999923706056,61.125,-70.6972642930361,-94.56850726667844,2026-03-13,3.369999885559082,-7.00280125139704,-7.00280125139704,6,3.494500002861023,False,2026-03-13,3.292600002884865,True,2026-02-13,0.1161698785531628,-9.647745343886982,-12.81761109171934,-6.97099122852174
2026-03-13,2026-03-06,LITHIUM,LAC.TO,Lithium Americas,16,16,18.0,2.0,4,6.039999961853027,-2.4232648462169326,16,-4.430382946251477,15,-9.309307804263634,20,37.27272343044448,17,66.85083295023901,19,50.62343184796387,18,30.735933148667293,19,86.41975136032885,12,-7.786262809629285,2026-03-13,0.7444809806088486,-2.4232648462169326,14.390895916319351,-57.19347903035044,2026-03-13,2023-10-04,14.109999656677246,16.010000228881836,-57.19347903035044,-62.27357979073014,2026-03-13,6.190000057220459,-5.031449134334398,-5.031449134334398,6,6.102400017976761,False,2026-03-13,5.878100016117096,True,2026-02-13,-0.8234168070044401,-1.44654868233074,-6.605287263601356,-4.4869808072410144
2026-03-13,2026-03-06,LITHIUM,ALB,Albermale,17,13,14.0,-3.0,4,158.22000122070312,-2.507851521229598,17,-4.8872885990478565,16,19.664195855361164,7,95.23691934014776,7,160.57311930151337,7,118.53590868247208,12,59.20708954865812,16,80.94693138501079,13,9.928443876956038,2026-03-13,0.6303984012401818,-2.507851521229598,7.314179777170551,-19.22193027776341,2026-03-13,1994-02-22,195.8699951171875,325.3800048828125,-19.22193027776341,-51.37377870601269,2026-03-13,162.2899932861328,-6.693404265657876,-6.693404265657876,6,109.73644968032836,True,2026-03-13,99.0110498046875,True,2026-02-13,-0.9080034820171056,-1.90345433512712,22.36821639602344,13.227725879344309
2026-03-13,2026-03-06,LITHIUM,VULG.DE,Vulcan Energy Resources,18,24,13.0,-5.0,4,2.055999994277954,-2.743618045782004,18,-5.601468343201033,17,-6.204376068777673,18,6.467598486203774,23,11.390430382765173,24,-6.353952430766075,24,-33.55131550223934,25,5.011650420293723,23,-19.812789334766567,2026-03-13,0.6203864333229219,-2.743618045782004,-1.459968950635942,-39.41635325675015,2026-03-13,2022-02-15,3.3936550617218018,6.09117603302002,-39.41635325675015,-66.24625551564327,2026-03-13,2.114000082015991,-6.386855478526343,-6.204376068777673,6,2.296567152738571,False,2026-03-13,2.283158479332924,False,2026-02-13,-1.143770006569511,-2.6176340792802955,-3.500355528115396,-16.513507332378296
2026-03-13,2026-03-06,LITHIUM,ATLX.O,Atlas Lithium,19,21,2.0,-17.0,4,4.869999885559082,-3.373017412314472,19,4.282651092028567,6,26.82291652114749,3,1.8828383221837,24,20.84366332553316,22,-9.64749524688886,25,-36.00525886837207,26,-51.25125127991878,26,11.18720909395934,2026-03-13,0.5557791142951036,-3.373017412314472,5.621452086531056,-34.63087234576109,2026-03-13,2013-02-28,7.449999809265136,412500.0,-34.63087234576109,-99.99881939396714,2026-03-13,5.039999961853027,-9.64749524688886,-9.64749524688886,6,4.942450009584427,False,2026-03-13,4.847800017595291,False,2026-02-13,-1.7731693731019793,7.266485355949303,29.52693706180977,14.48649109634761
2026-03-13,2026-03-06,LITHIUM,PMET.TO,PMET Resources Inc,20,20,19.0,-1.0,4,4.480000019073486,-7.6288637697842,20,-18.84057908417722,23,-7.818932181101179,19,24.791089865808846,21,80.64516067008695,18,77.0751015705565,15,60.00000340597976,15,27.635328525519643,18,-19.13357310610866,2026-03-13,0.8531981237641587,-7.6288637697842,-2.026742891591938,-37.77777586454222,2026-03-13,2010-03-15,7.199999809265137,493.5,-37.77777586454222,-99.09219857769534,2026-03-13,4.849999904632568,-9.127785495619046,-9.127785495619046,6,4.256949989795685,True,2026-03-13,3.97864999294281,True,2026-02-13,-6.029015730571707,-15.856744820256484,-5.114911640438901,-15.834291103720387
2026-03-13,2026-03-06,LITHIUM,AVL.TO,Avalon Advanced Materials,21,21,23.0,2.0,4,9.899999618530272,-8.333330389893911,21,-21.428570887939724,25,9.999995761447456,15,37.499998344315344,16,83.33333922021222,16,83.33333922021222,14,22.22221175666093,20,0.0,24,0.0,2026-03-13,0.5371243427553479,-8.333330389893911,-28.47017736000615,-59.259262747779694,2026-03-13,1984-05-31,24.30000114440918,7740.0,-59.259262747779694,-99.87209302818437,2026-03-13,10.799999237060549,-15.384610368576425,-15.384610368576425,6,9.79649971485138,True,2026-03-13,9.101249756813049,True,2026-02-13,-6.7334823506814185,-18.444736624018987,12.704016302109732,3.2992820023882707
2026-03-13,2026-03-06,LITHIUM,EMH.AX,European Metals Holdings,22,19,3.0,-19.0,4,0.270000010728836,-8.474568565903095,22,-16.92307057465299,21,-31.645568760708564,26,58.82353405226471,12,38.46154904224501,21,42.10527058783666,19,74.19355396921743,11,58.82353405226471,15,-25.0,2026-03-13,0.751897556415918,-8.474568565903095,-37.393359825254365,-38.63636086548655,2026-03-13,2012-07-19,0.4399999976158142,2.150000095367432,-38.63636086548655,-87.44186052314136,2026-03-13,0.2949999868869781,-9.999999999999998,-9.999999999999998,6,0.2497875003516674,True,2026-03-13,0.2418375001847744,True,2026-02-13,-6.874720526690602,-13.939236310732252,-28.94154822004629,-21.70071799761173
2026-03-13,2026-03-06,LITHIUM,CXO.AX,Core Lithium,23,7,1.0,-22.0,4,0.2300000041723251,-9.803918245800226,23,17.948724414705296,2,-2.127657550770301,17,130.00000074505803,3,150.00000404922864,9,206.6666600439288,5,167.44185623412147,6,130.00000074505803,8,-16.36363665919657,2026-03-13,0.909823509890557,-9.803918245800226,6.233978399902379,-31.34328404681722,2026-03-13,2011-02-11,0.3350000083446502,1.8650000095367432,-31.34328404681722,-87.66756016106102,2026-03-13,0.2549999952316284,-13.725489050275929,-9.803918245800226,6,0.1653149994090199,True,2026-03-13,0.1505349996313452,True,2026-02-13,-8.204070206587733,20.93255867862604,0.5763629898919764,-13.064354656808298
2026-03-13,2026-03-06,LITHIUM,SGML.O,Sigma Lithium,24,23,25.0,1.0,4,11.06999969482422,-10.291737780062617,24,-17.078656340791042,22,7.163598998872756,16,90.53355944661614,8,120.51792304551148,14,2.97674134720205,23,-7.364017811603896,23,7.475723202238327,22,-22.09711706469649,2026-03-13,0.5357348810500321,-10.291737780062617,-4.373237244635595,-33.27305851110918,2026-03-13,2018-07-03,16.59000015258789,42.400001525878906,-33.27305851110918,-73.89151109330119,2026-03-13,12.340000152587892,-14.583335939503485,-14.583335939503485,6,8.509075000286103,True,2026-03-13,7.920174996852875,True,2026-02-13,-8.691889740850122,-14.094822076870305,9.867619539535031,-18.79783506230822
2026-03-13,2026-03-06,LITHIUM,LI.V,American Lithium,25,25,16.0,-9.0,4,0.550000011920929,-14.062496216501952,25,-24.657534582124097,26,-14.062496216501952,22,17.021279428921552,22,61.76470768699187,20,29.41176388090461,21,-5.172409009139534,22,10.000002384185793,20,-20.289853069367105,2026-03-13,0.582310787207325,-14.062496216501952,-36.11768197084713,-52.99145024830685,2026-03-13,1985-02-11,1.1699999570846558,1050.0,-52.99145024830685,-99.94761904648372,2026-03-13,0.6399999856948853,-14.062496216501952,-14.062496216501952,6,0.6014999997615814,False,2026-03-13,0.5715000000596047,True,2026-02-13,-12.46264817728946,-21.67370031820336,-11.358475675839674,-16.990571066978834
2026-03-13,2026-03-06,LITHIUM,INR.AX,Ioneer Ltd,26,26,4.0,-22.0,4,0.1199999973177909,-14.28571656650428,26,-20.000004967053545,24,-29.411767026132363,25,-4.000002145767279,25,9.090907243657664,25,-20.000004967053545,26,-27.27273178823052,24,-27.27273178823052,25,-40.00000223517418,2026-03-13,0.8463993655437148,-14.28571656650428,-20.41012228503226,-55.55555831502976,2026-03-13,2007-12-19,0.270000010728836,0.8500000238418579,-55.55555831502976,-85.8823536527198,2026-03-13,0.1400000005960464,-14.28571656650428,-14.28571656650428,6,0.1531800004839897,False,2026-03-13,0.1526300003379583,False,2026-02-13,-12.685868527291788,-17.016170703132804,-26.70774648547009,-36.70072023278591
2026-03-20,2026-03-13,LITHIUM,EMH.AX,European Metals Holdings,1,14,22.0,21.0,4,0.270000010728836,0.0,1,-11.475408394405296,12,-26.02739625362772,21,45.94594986443974,11,58.82353405226471,19,50.00000000000004,17,74.19355396921743,13,80.00000000000007,12,-25.0,2026-03-20,0.4154834591314051,0.0,-27.67607440210053,-38.63636086548655,2026-03-20,2012-07-19,0.4399999976158142,2.150000095367432,-38.63636086548655,-87.44186052314136,2026-03-20,0.270000010728836,-7.407411086706306,-3.5714251502436345,6,0.251012500450015,True,2026-03-20,0.2439875002205372,True,2026-02-20,1.8954517594959808,-5.642436174562227,-20.619083655506365,-19.867802536880752
2026-03-20,2026-03-13,LITHIUM,AVL.TO,Avalon Advanced Materials,2,12,21.0,19.0,4,9.899999618530272,0.0,1,-21.428570887939724,22,4.761902839658672,6,57.14285822412055,10,99.99999999999996,13,69.23077926284715,13,37.499998344315344,17,9.999995761447456,20,0.0,2026-03-20,0.6021074011696018,0.0,-29.426827017214325,-59.259262747779694,2026-03-20,1984-05-31,24.30000114440918,7740.0,-59.259262747779694,-99.87209302818437,2026-03-20,9.899999618530272,-4.347833298104242,-4.347833298104242,6,9.93824970960617,False,2026-03-20,9.247499752044678,True,2026-02-20,1.8954517594959808,-15.595598668096656,10.170215437780028,5.132197463119248
2026-03-20,2026-03-13,LITHIUM,ALB,Albermale,3,3,17.0,14.0,4,156.6999969482422,-0.9606903430247504,3,-6.9587942929120405,8,7.786484857085041,3,94.9489951513763,3,176.5619438232302,7,103.42723540371912,12,76.76254286639575,11,82.14576214309103,11,8.872371932392742,2026-03-20,0.62516892495183,-0.9606903430247504,-15.601983696034209,-19.99795739286673,2026-03-20,1994-02-22,195.8699951171875,325.3800048828125,-19.99795739286673,-51.84092611816187,2026-03-20,158.22000122070312,-5.784036767881828,-5.784036767881828,6,112.39219970703124,True,2026-03-20,101.21534982681274,True,2026-02-20,0.9347614164712305,-1.1258220730689716,13.194797455206398,14.00456939551199
2026-03-20,2026-03-13,LITHIUM,LI.V,American Lithium,4,20,25.0,21.0,4,0.5400000214576721,-1.818180044820528,4,-23.943656651043245,24,-19.40298387961285,16,8.000004291534424,19,54.28572304394794,20,17.39130688299526,20,0.0,22,8.000004291534424,21,-21.739127054556995,2026-03-20,0.5871847134005035,-1.818180044820528,-34.25402350336126,-53.84615031925166,2026-03-20,1985-02-11,1.1699999570846558,1050.0,-53.84615031925166,-99.94857142652783,2026-03-20,0.550000011920929,-8.474568565903095,-8.474568565903095,6,0.6067749996483326,False,2026-03-20,0.5784249998629093,True,2026-02-20,0.0772717146754531,-18.110684431200177,-13.9946712814915,-16.606929591437748
2026-03-20,2026-03-13,LITHIUM,1772.HK,Ganfeng Lithium,5,1,4.0,-1.0,4,58.400001525878906,-4.026289251731274,5,-4.730828298980427,5,8.248379425411168,2,58.00866605111323,9,186.9778890965363,5,153.3622709712782,6,182.1256008378328,1,244.7461610669172,2,7.948249857742118,2026-03-20,0.8480061326592845,-4.026289251731274,10.395668555298917,-16.571426391601562,2026-03-20,2018-10-11,70.0,128.0000457763672,-16.571426391601562,-54.3750151246732,2026-03-20,60.84999847412109,-12.17391424970663,-7.667981777266553,6,43.92915000915527,True,2026-03-20,39.65589999198914,True,2026-02-20,-2.130837492235293,1.102143920862642,13.656692023532525,13.080447320861364
2026-03-20,2026-03-13,LITHIUM,SQM,Sociedad Quimica y Minera ADR,6,6,2.0,-4.0,4,71.16000366210938,-4.419064366678227,6,-0.9741120822386318,4,1.3386534108021486,8,64.37976936282661,7,121.8204476323431,12,60.84991175926089,15,90.87984439963944,10,92.8978174016379,9,2.0507675840138795,2026-03-20,0.5629985641546447,-4.419064366678227,-12.682610729820835,-16.703730062145226,2026-03-20,1993-09-21,85.43000030517578,113.5199966430664,-16.703730062145226,-37.31500549118832,2026-03-20,74.44999694824217,-7.716245494937035,-7.716245494937035,6,54.429150085449216,True,2026-03-20,50.30260007858276,True,2026-02-20,-2.5236126071822462,4.858860137604437,6.746966008923505,7.182965047133127
2026-03-20,2026-03-13,LITHIUM,DLI.AX,Delta Lithium,7,17,11.0,4.0,4,0.2049999982118606,-4.651165208409013,7,-6.818182126057081,7,-2.380950184636021,9,20.58823297386767,16,17.14285811599423,22,17.14285811599423,21,17.14285811599423,20,-2.380950184636021,22,-8.88888726999727,2026-03-20,0.589137201834898,-4.651165208409013,2.730819579655232,-36.92307515962584,2026-03-20,2017-11-03,0.324999988079071,0.9354239702224731,-36.92307515962584,-78.08480381755611,2026-03-20,0.2150000035762786,-18.60465390286356,-4.651165208409013,6,0.1960500004142522,True,2026-03-20,0.1929750002920627,True,2026-02-20,-2.7557134489130326,-0.9852099062140124,3.027362413485335,-3.756689806878022
2026-03-20,2026-03-13,LITHIUM,LIT,Global X Lithium & Battery Tech ETF,8,11,8.0,0.0,4,66.9800033569336,-4.857951839231323,8,-8.397154210904967,10,1.9482594644559592,7,26.139369645325104,15,84.8234002614078,16,63.36586184617949,14,58.87097627929667,14,82.15937591263025,10,1.0713848646942248,2026-03-20,0.5908661281070867,-4.857951839231323,-14.759525584979936,-13.114532963063397,2026-03-20,2010-07-23,77.08999633789062,96.30999755859376,-13.114532963063397,-30.453737872660813,2026-03-20,70.4000015258789,-6.504740469593284,-6.504740469593284,6,57.13039989471436,True,2026-03-20,53.70119993209839,True,2026-02-20,-2.962500079735342,-2.564181991061898,7.356572062577316,6.203582327813472
2026-03-20,2026-03-13,LITHIUM,INR.AX,Ioneer Ltd,9,25,26.0,17.0,4,0.1099999994039535,-8.333331781128994,9,-18.51852219781745,20,-37.142856413004345,26,-21.42857218883476,24,15.789474509759582,23,-29.032258994869608,25,-24.137929262644285,24,-37.142856413004345,25,-45.0000011175871,2026-03-20,0.6318509188061819,-8.333331781128994,-14.527652811593084,-59.25926109890873,2026-03-20,2007-12-19,0.270000010728836,0.8500000238418579,-59.25926109890873,-87.05882396252508,2026-03-20,0.1199999973177909,-12.500000776102135,-8.333331781128994,6,0.1529300004988908,False,2026-03-20,0.1527800003439187,False,2026-02-20,-6.437880021633013,-12.685549977974386,-31.73454381488299,-39.86780365446785
2026-03-20,2026-03-13,LITHIUM,LTBR.O,Lightbridge,10,19,12.0,2.0,4,10.340000152587892,-9.138839643185005,10,-19.72049642301792,21,-30.04059310284396,22,-48.68486179484065,26,-22.430606063251,26,9.76645508325622,22,121.88842255714074,7,299.2278183493389,1,-26.718636398444453,2026-03-20,0.971088945518004,-9.138839643185005,-4.111299830964568,-62.69841122396256,2026-03-20,2000-11-10,27.71999931335449,4050.0,-62.69841122396256,-99.74469135425709,2026-03-20,11.380000114440918,-10.398611899756416,-10.398611899756416,6,16.08250000476837,False,2026-03-20,16.079825005531312,False,2026-02-20,-7.243387883689024,-13.887524203174852,-24.632280504722605,-21.586438935325205
2026-03-20,2026-03-13,LITHIUM,ELV.AX,Elevra Lithium,11,7,10.0,-1.0,4,6.820000171661377,-9.90752949792072,11,-6.447185084376628,6,-10.966053426678869,13,92.1126834723336,4,184.1666625274553,6,127.33333905537924,7,74.8717949971958,12,74.8717949971958,13,-13.88888755096197,2026-03-20,1.940599310458328,-9.90752949792072,-3.5421663770474496,-32.341267626181626,2026-03-20,2004-03-30,10.079999923706056,256.91192626953125,-32.341267626181626,-97.34539370332446,2026-03-20,7.570000171661377,-14.53104830284715,-9.90752949792072,6,5.141250010728836,True,2026-03-20,4.6340500152111055,True,2026-02-20,-8.01207773842474,-0.6142128645335587,-5.557740828557512,-8.756690087842722
2026-03-20,2026-03-13,LITHIUM,MIN.AX,Mineral Resources,12,10,3.0,-9.0,4,51.68999862670898,-10.073070566524366,12,0.8585339057736174,2,-7.531310884170383,12,32.4026573117993,14,149.83082306654634,8,120.99187676586722,9,57.208019913461584,15,40.84467997860859,16,-6.764069431620412,2026-03-20,0.9926555819490775,-10.073070566524366,5.501977412063427,-19.2091294208499,2026-03-20,2006-07-28,63.97999954223633,96.27999877929688,-19.2091294208499,-46.3128383027941,2026-03-20,57.47999954223633,-10.54279996790557,-10.073070566524366,6,43.584550046920775,True,2026-03-20,40.27660005569458,True,2026-02-20,-8.177618807028386,6.691506125616686,-2.122998286049027,-1.631871968501164
2026-03-20,2026-03-13,LITHIUM,CXO.AX,Core Lithium,13,4,23.0,10.0,4,0.2049999982118606,-10.869567611717745,13,0.0,3,-24.07407775337299,18,104.99999515712264,2,132.9545446848574,9,159.493656679714,4,149.9999909139263,5,104.99999515712264,8,-25.454547720507115,2026-03-20,0.8712262175771844,-8.88888726999727,-4.484694629058186,-38.80597220733343,2026-03-20,2011-02-11,0.3350000083446502,1.8650000095367432,-38.80597220733343,-89.0080430475289,2026-03-20,0.2300000041723251,-10.869567611717745,-10.869567611717745,5,0.1679099993780255,True,2026-03-20,0.1538549995049834,True,2026-02-20,-8.974115852221765,5.832972219843069,-18.66576515525164,-20.322350257387868
2026-03-20,2026-03-13,LITHIUM,VULG.DE,Vulcan Energy Resources,14,23,18.0,4.0,4,1.8270000219345093,-11.13813098155515,14,-17.776772385247106,18,-21.453136654745407,17,-15.16790414839596,23,8.419964089658837,24,-25.168673351656256,24,-32.18700844278213,25,-5.226644309221873,23,-28.744145889115824,2026-03-20,1.651289402460645,-11.13813098155515,-41.66886434305831,-46.16423918441599,2026-03-20,2022-02-15,3.3936550617218018,6.09117603302002,-46.16423918441599,-70.00579178749037,2026-03-20,2.055999994277954,-12.402723538001847,-11.13813098155515,6,2.2962285071611404,False,2026-03-20,2.2848066478967666,False,2026-02-20,-9.24267922205917,-11.943800165404038,-16.04482405662405,-23.611948425996577
2026-03-20,2026-03-13,LITHIUM,IGO.AX,IGO Limited,15,16,14.0,-1.0,4,6.809999942779541,-11.443434432938004,15,-13.797470119361988,13,-13.578682184286905,15,39.54917588274965,13,74.61537887829073,18,57.27482823950834,16,41.87499317030139,16,36.19999885559082,17,-17.052376234622002,2026-03-20,0.8260152232969945,-11.443434432938004,-15.176563824114812,-27.321237716608493,2026-03-20,2002-01-17,9.369999885559082,16.393840789794922,-27.321237716608493,-58.46000927971235,2026-03-20,7.690000057220459,-11.443434432938004,-11.443434432938004,6,6.207849998474121,True,2026-03-20,5.841799993515014,True,2026-02-20,-9.547982673442023,-7.964497899518919,-8.170369586165549,-11.920178771502757
2026-03-20,2026-03-13,LITHIUM,PMET.TO,PMET Resources Inc,16,22,20.0,4.0,4,3.950000047683716,-11.830356453868507,16,-26.716138301888183,25,-24.18426067634728,20,-1.7412918799732058,21,96.5174162400536,14,35.738829250108054,18,17.210687887854693,19,16.17646873203533,18,-28.700359659163,2026-03-20,1.3226687739063965,-11.830356453868507,-31.232228628396403,-45.13888677329187,2026-03-20,2010-03-15,7.199999809265137,493.5,-45.13888677329187,-99.19959472184728,2026-03-20,4.480000019073486,-11.830356453868507,-11.830356453868507,6,4.309149988889694,False,2026-03-20,4.039449994564056,True,2026-02-20,-9.934904694372529,-20.883166082045115,-18.775948078225923,-23.56816219604375
2026-03-20,2026-03-13,LITHIUM,ABAT.O,American Battery Technology,17,13,15.0,-2.0,4,2.900000095367432,-12.65059778073947,17,-18.309855371258354,19,-30.28845668897101,23,-23.07692015810755,25,128.34646763157988,10,178.84617324411596,3,161.26126648591966,4,178.84617324411596,4,-21.6216200542241,2026-03-20,0.7723877529215766,-12.65059778073947,-32.328722835424,-74.40423552607723,2026-03-20,2016-02-24,11.329999923706056,61.125,-74.40423552607723,-95.25562356586104,2026-03-20,3.3199999332427974,-12.65059778073947,-12.65059778073947,6,3.5378500026464463,False,2026-03-20,3.334100003838539,True,2026-02-20,-10.75514602124349,-12.476883151415286,-24.88014409084965,-16.48942259110485
2026-03-20,2026-03-13,LITHIUM,PLS.AX,Pilbara Minerals,18,4,6.0,-12.0,4,4.230000019073486,-13.496929763444887,18,1.1961768609626056,1,5.48627874400387,4,84.7161611151576,5,243.9024352422197,1,116.9230725967438,10,104.34783359856924,8,51.61290598240931,15,-1.8561467463607983,2026-03-20,1.187645447777949,-13.496929763444887,-5.886920728504308,-19.42857106526693,2026-03-20,2007-09-19,5.25,5.5,-19.42857106526693,-23.09090874411844,2026-03-20,4.889999866485596,-15.54191764407723,-13.496929763444887,6,3.136275007128716,True,2026-03-20,2.800425003767013,True,2026-02-20,-11.601478003948907,7.0291490808056745,10.894591342125226,3.276050716758449
2026-03-20,2026-03-13,LITHIUM,LTR.AX,Liontown Resources,19,9,1.0,-18.0,4,1.4550000429153442,-13.64984615280127,19,-10.185182800454315,11,-5.825237324869392,11,59.01639440372984,8,122.13742083501832,11,107.85715252769252,11,174.52832480349585,3,125.58140867311374,7,-10.185182800454315,2026-03-20,1.106951382347424,-13.64984615280127,-30.762796294802698,-34.16289512215014,2026-03-20,2006-12-27,2.2100000381469727,3.150000095367432,-34.16289512215014,-53.80952384556592,2026-03-20,1.684999942779541,-14.243317417064992,-13.64984615280127,6,1.2441750037670136,True,2026-03-20,1.1480250024795533,True,2026-02-20,-11.75439439330529,-4.352210580611248,-0.4169247267480358,-5.05298533733507
2026-03-20,2026-03-13,LITHIUM,LAR.TO,Lithium Argentina AG,20,8,7.0,-13.0,4,7.920000076293945,-14.285711336814034,20,-17.58584433672743,16,4.900660612077012,5,68.86993560054997,6,203.4482909817576,4,124.3626102120284,8,103.07692006730002,9,136.41791945551174,6,-3.4146309693180887,2026-03-20,0.7592226772457704,-14.285711336814034,-17.34403807360286,-32.65306188648778,2026-03-20,2008-07-16,11.760000228881836,21.016979217529297,-32.65306188648778,-62.31618257637979,2026-03-20,9.239999771118164,-14.285711336814034,-14.285711336814034,6,6.381650004386902,True,2026-03-20,5.687650003433228,True,2026-02-20,-12.390259577318051,-11.752872116884362,10.308973210198369,1.7175664938011588
2026-03-20,2026-03-13,LITHIUM,CRML.O,Critical Metals,21,15,5.0,-16.0,4,7.71999979019165,-14.69613671284593,21,-14.790293237996789,14,-3.980101656463497,10,11.72214125421287,18,210.04015102907297,3,321.8579021393377,1,16.61631304604878,21,10.285711288452148,19,-4.926109618287155,2026-03-20,0.4067486256358113,-14.69613671284593,12.799736744123368,-74.24090768413313,2026-03-20,2022-02-07,29.96999931335449,29.96999931335449,-74.24090768413313,-74.24090768413313,2026-03-20,9.050000190734863,-15.812434831388911,-15.812434831388911,6,8.579974995851517,False,2026-03-20,7.768324994444847,True,2026-02-20,-12.80068495334995,-8.95732101815372,1.4282109416578592,0.2060878448320924
2026-03-20,2026-03-13,LITHIUM,GLN.AX,Galan Lithium,22,2,9.0,-13.0,4,0.3300000131130218,-15.38460891862804,22,-8.333333333333337,9,11.864416197229556,1,144.44444444444446,1,214.2857365867726,2,214.2857365867726,2,175.00001707424775,2,214.2857365867726,3,-1.492535852860155,2026-03-20,0.7942097264627984,-15.38460891862804,17.027054977001487,-29.78723107446314,2026-03-20,2011-06-08,0.4699999988079071,2.1742498874664307,-29.78723107446314,-84.82235114669557,2026-03-20,0.3899999856948852,-17.948716773083873,-15.38460891862804,6,0.2197550004720687,True,2026-03-20,0.1916150007024407,True,2026-02-20,-13.48915715913206,-2.500361113490269,17.27272879535091,3.639661610259093
2026-03-20,2026-03-13,LITHIUM,LAC.TO,Lithium Americas,23,21,16.0,-7.0,4,5.110000133514404,-15.397348248547104,23,-17.713363894934886,17,-24.183971705585726,19,12.061407842904748,17,47.26225047211345,21,20.235297259162444,19,19.67213480890053,18,64.30869150743028,14,-21.984733057830663,2026-03-20,0.962014985777946,-15.397348248547104,-11.892515969433571,-63.78454813713472,2026-03-20,2023-10-04,14.109999656677246,16.010000228881836,-63.78454813713472,-68.08244809206168,2026-03-20,6.039999961853027,-16.77524031544876,-16.77524031544876,6,6.153050019741058,False,2026-03-20,5.922350015640259,True,2026-02-20,-13.501896489051123,-11.880391675091818,-18.77565910746437,-16.852535594711416
2026-03-20,2026-03-13,LITHIUM,ATLX.O,Atlas Lithium,24,26,19.0,-5.0,4,4.039999961853027,-17.04311998378558,24,-16.35610712902169,15,-12.1739120519454,14,-14.94736922414679,22,4.123707285899503,25,-29.122805315078114,26,-36.47798935468563,26,-45.69892566153625,26,-7.7625603585467,2026-03-20,0.7963438418748608,-17.04311998378558,-31.122655354650767,-45.771811204226985,2026-03-20,2013-02-28,7.449999809265136,412500.0,-45.771811204226985,-99.99902060606983,2026-03-20,4.869999885559082,-17.04311998378558,-17.04311998378558,6,4.957350009679795,False,2026-03-20,4.856850017309188,False,2026-02-20,-15.1476682242896,-10.523134909178625,-6.765599453824044,-2.630362895427452
2026-03-20,2026-03-13,LITHIUM,SGML.O,Sigma Lithium,25,24,24.0,-1.0,4,9.045000076293944,-18.29267998514097,25,-27.46591914509181,26,-32.999999434859674,25,44.25837486138828,12,90.02100086912579,15,-22.22699924944276,23,-17.84741245902277,23,-20.72743034834105,24,-36.34764213925056,2026-03-20,0.5084281840618636,-18.29267998514097,-14.37033356480404,-45.47920438154424,2026-03-20,2018-07-03,16.59000015258789,42.400001525878906,-45.47920438154424,-78.66745341795963,2026-03-20,11.06999969482422,-22.09302029486364,-22.09302029486364,6,8.64792500257492,True,2026-03-20,8.020624997615814,True,2026-02-20,-16.39722822564499,-21.632946925248746,-27.59168683673832,-31.215444676131312
2026-03-20,2026-03-13,LITHIUM,SLI,Standard Lithium,26,18,13.0,-13.0,4,3.380000114440918,-20.8430883011967,26,-22.831049631779383,23,-32.93650515826169,24,7.3015876860364815,20,76.04167656196923,17,158.01528718156104,5,131.5068511046618,6,146.71533596179663,5,-29.288703638436942,2026-03-20,1.036104502318927,-20.8430883011967,-22.38276091280745,-40.17699013470354,2026-03-20,2017-06-20,5.650000095367432,12.369999885559082,-40.17699013470354,-72.67582743968511,2026-03-20,4.269999980926514,-20.8430883011967,-20.8430883011967,6,3.6547499972581865,False,2026-03-20,3.3841999995708467,True,2026-02-20,-18.94763654170072,-16.99807741193632,-27.528192560140333,-24.15650617531769
2026-03-27,2026-03-20,LITHIUM,1772.HK,Ganfeng Lithium,1,1,5.0,4.0,4,74.30000305175781,27.226029298703192,1,7.994185691913969,2,35.58394906237452,1,87.15365648334696,6,222.34275709777825,4,236.19910302832588,2,263.32518474233075,1,253.80953834170387,2,37.33827199144832,2026-03-27,1.468979060029331,27.226029298703192,40.2182011794192,0.0,2026-03-27,2018-10-11,74.30000305175781,128.0000457763672,0.0,-41.95314337498783,2026-03-27,58.400001525878906,0.0,0.0,6,45.08500003814697,True,2026-03-27,40.86250001907349,True,2026-02-27,29.3413033520414,15.408616440015932,43.35849774936754,44.477183466602334
2026-03-27,2026-03-20,LITHIUM,PLS.AX,Pilbara Minerals,2,2,18.0,16.0,4,5.150000095367432,21.74941068902068,2,-0.770712165934917,5,19.48956296380297,3,112.80991458703932,2,274.5454614812677,1,178.37837994577592,6,135.15981556200484,6,62.97468213560569,13,19.48956296380297,2026-03-27,1.2281301264465598,21.74941068902068,11.83166479365316,-1.904760088239399,2026-03-27,2007-09-19,5.25,5.5,-1.904760088239399,-6.363634629683057,2026-03-27,4.230000019073486,0.0,0.0,6,3.2216250079870226,True,2026-03-27,2.8826250022649766,True,2026-02-27,23.86468474235888,6.643718582167047,27.264111650796,26.628474438956985
2026-03-27,2026-03-20,LITHIUM,LTR.AX,Liontown Resources,3,3,19.0,16.0,4,1.7649999856948853,21.305837363303603,3,3.519058138963338,3,5.37313647407236,8,83.85416928601148,8,145.13887716112365,8,167.42422963031663,7,220.909081352644,2,124.84075499720387,6,8.950616080229334,2026-03-27,1.0379429297499594,21.305837363303603,22.530030188900056,-20.135748632167825,2026-03-27,2006-12-27,2.2100000381469727,3.150000095367432,-20.135748632167825,-43.96825611876667,2026-03-27,1.4550000429153442,-1.1560682489023644,0.0,6,1.2682250040769576,True,2026-03-27,1.174650003015995,True,2026-02-27,23.421111416641804,10.933488887065302,13.147685161065382,16.08952755538334
2026-03-27,2026-03-20,LITHIUM,ELV.AX,Elevra Lithium,4,5,11.0,7.0,4,8.0,17.30204983339716,4,-1.960782480441492,6,-0.2493822521457689,11,104.08162868107334,5,255.5555555555556,2,180.70176377887933,5,97.53085489480972,11,72.04300722423662,11,1.0101000370632551,2026-03-27,1.1651655604556572,17.30204983339716,21.370801599820545,-20.63492003421876,2026-03-27,2004-03-30,10.079999923706056,256.91192626953125,-20.63492003421876,-96.88609239899316,2026-03-27,6.820000171661377,-4.838715428695117,0.0,6,5.267500010728836,True,2026-03-27,4.770350013971329,True,2026-02-27,19.41732388673536,5.453648267660472,7.525166434847253,8.149011512217264
2026-03-27,2026-03-20,LITHIUM,IGO.AX,IGO Limited,5,12,15.0,10.0,4,7.929999828338623,16.446400807192198,5,-8.004641141311408,9,-1.368160871098456,12,55.79566975664629,10,92.47572933518482,14,89.71292234455592,15,63.50515431483071,15,39.61267725351527,16,-3.410477570126136,2026-03-27,0.908719337210677,16.446400807192198,-15.29060888041132,-15.36819716977551,2026-03-27,2002-01-17,9.369999885559082,16.393840789794922,-15.36819716977551,-51.62817591058341,2026-03-27,6.809999942779541,-2.554276005286016,0.0,6,6.289499998092651,True,2026-03-27,5.9462999963760375,True,2026-02-27,18.5616748605304,-0.5902103932094445,6.406387815894566,3.728433905027873
2026-03-27,2026-03-20,LITHIUM,SQM,Sociedad Quimica y Minera ADR,6,7,6.0,0.0,4,82.69999694824217,16.216965559653996,6,8.387933998040541,1,18.02482846928124,4,87.10406226414362,7,136.2182259728268,10,103.79495617704552,14,121.47829836714811,7,98.4164979431936,8,18.600305416475948,2026-03-27,1.2323760415527871,16.216965559653996,7.513540589123774,-3.195602653846896,2026-03-27,1993-09-21,85.43000030517578,113.5199966430664,-3.195602653846896,-27.14940152062334,2026-03-27,71.16000366210938,-2.261244103989535,0.0,6,55.56345010757446,True,2026-03-27,51.35770011901855,True,2026-02-27,18.3322396129922,15.802364746142503,25.79937715627426,25.73921689162996
2026-03-27,2026-03-20,LITHIUM,SGML.O,Sigma Lithium,7,17,25.0,18.0,4,10.460000038146973,15.644001657463823,7,-27.411518744564844,23,-20.90737439370473,20,53.8235256581159,11,126.4069328408906,11,-9.358751536188349,23,-6.85662987957717,21,-17.24683738895145,23,-26.389866220500103,2026-03-27,0.7866555349790018,15.644001657463823,-20.25872930875816,-36.94997021133055,2026-03-27,2018-07-03,16.59000015258789,42.400001525878906,-36.94997021133055,-75.330189477086,2026-03-27,9.045000076293944,-9.1760343437042,-2.0599275350412616,6,8.77342500448227,True,2026-03-27,8.198424997329711,True,2026-02-27,17.759275710802026,-19.99708799646288,-13.132825706711714,-19.250954745346093
2026-03-27,2026-03-20,LITHIUM,CXO.AX,Core Lithium,8,8,13.0,5.0,4,0.2349999994039535,14.634147050620406,8,-9.615381529345202,10,-17.54385882357372,17,104.34782186167467,4,137.3737380579045,9,193.75000582076635,4,173.25580398042914,3,134.99999590218073,5,-14.545456614376064,2026-03-27,1.0015952681924638,14.634147050620406,-20.8547278214962,-29.85074819395708,2026-03-27,2011-02-11,0.3350000083446502,1.8650000095367432,-29.85074819395708,-87.3994639033634,2026-03-27,0.2049999982118606,-4.878051439826514,0.0,6,0.1710049993172288,True,2026-03-27,0.1578599994257092,True,2026-02-27,16.749421103958607,-2.200950781243238,-9.7693101365807,-7.406545139222054
2026-03-27,2026-03-20,LITHIUM,ALB,Albermale,9,4,3.0,-6.0,4,179.4499969482422,14.518187902399449,9,0.4365583406786166,4,24.11813160573477,2,106.54926636888491,3,176.28946170889515,6,140.0668855494879,10,103.25064569875066,9,86.82976704492474,10,24.678667463336712,2026-03-27,0.728776581778999,14.518187902399449,-9.251882374183538,-8.383110521405468,2026-03-27,1994-02-22,195.8699951171875,325.3800048828125,-8.383110521405468,-44.84910127994124,2026-03-27,156.6999969482422,-3.798445015068253,-1.069520066119456,6,115.26864967346192,True,2026-03-27,104.38199977874756,True,2026-02-27,16.63346195573765,7.85098908878058,31.8926802927278,31.81757893849072
2026-03-27,2026-03-20,LITHIUM,INR.AX,Ioneer Ltd,10,23,9.0,-1.0,4,0.125,13.636364252114165,10,-16.666669978035642,13,-35.89743354616777,26,-26.47058900871076,22,28.865975580530858,22,-19.35483932991305,24,-21.87499825377013,24,-45.65217489894259,26,-37.50000093132255,2026-03-27,1.7256526177776417,13.636364252114165,-11.095227136083809,-53.70370554335315,2026-03-27,2007-12-19,0.270000010728836,0.8500000238418579,-53.70370554335315,-85.2941180595477,2026-03-27,0.1099999994039535,-9.090907243657664,0.0,6,0.1529050004854798,False,2026-03-27,0.1529050004482269,False,2026-02-27,15.751638305452364,-9.25223922993368,-28.122884859174743,-30.361089456168543
2026-03-27,2026-03-20,LITHIUM,MIN.AX,Mineral Resources,11,10,12.0,1.0,4,56.68999862670898,9.673051137239597,11,-7.035095027437621,8,3.0914655325567475,10,38.40332005329399,13,167.1536308251998,7,128.95798910608124,12,65.46993988344127,14,15.364264002516403,18,2.2546898105401336,2026-03-27,1.0000461798808271,9.673051137239597,-22.386537425584656,-11.394187195507657,2026-03-27,2006-07-28,63.97999954223633,96.27999877929688,-11.394187195507657,-41.11965169769087,2026-03-27,51.68999862670898,-2.620928590609884,-0.2814421314099813,6,44.33840003013611,True,2026-03-27,41.09575004577637,True,2026-02-27,11.788325190577796,0.3793357206643426,10.866014219549768,9.393601285694142
2026-03-27,2026-03-20,LITHIUM,LAR.TO,Lithium Argentina AG,12,9,20.0,8.0,4,8.680000305175781,9.59596239344316,12,-21.234120284807645,18,15.887858083071292,5,82.35293881939131,9,195.2380998720811,5,162.23566329994657,8,113.26781177094148,8,97.7221086369767,9,5.853664720434448,2026-03-27,1.704283710369746,9.59596239344316,-18.951343323655014,-26.19047503197972,2026-03-27,2008-07-16,11.760000228881836,21.016979217529297,-26.19047503197972,-58.700057627995406,2026-03-27,7.920000076293945,-13.199996948242188,-13.199996948242188,6,6.547700006961822,True,2026-03-27,5.885000002384186,True,2026-02-27,11.71123644678136,-13.81968953670568,23.662406770064315,12.992576195588455
2026-03-27,2026-03-20,LITHIUM,AVL.TO,Avalon Advanced Materials,13,11,2.0,-11.0,4,10.799999237060549,9.09090558797303,13,-14.28571644824116,11,14.285708518976058,6,49.99999337726153,12,100.00000000000004,13,139.99998304578995,11,71.42856710351768,12,19.999991522894977,17,9.09090558797303,2026-03-27,1.0646533235276496,9.09090558797303,-15.24550072503581,-55.55556078833619,2026-03-27,1984-05-31,24.30000114440918,7740.0,-55.55556078833619,-99.86046512613616,2026-03-27,9.899999618530272,-7.692305184288195,-7.692305184288195,6,10.111499688625337,True,2026-03-27,9.45899974822998,True,2026-02-27,11.20617964131123,-6.871285700139195,22.06025720596908,16.229817063127037
2026-03-27,2026-03-20,LITHIUM,VULG.DE,Vulcan Energy Resources,14,24,14.0,0.0,4,1.968999981880188,7.772302038361389,14,-15.056086477439656,12,-27.289511739341933,25,-30.16935734058952,23,13.46636224258402,24,-24.087333832150936,25,-30.21076496703288,25,-15.104862950521214,21,-23.205925687603767,2026-03-27,1.318714174805433,7.772302038361389,-34.90828517569176,-41.97996124917898,2026-03-27,2022-02-15,3.3936550617218018,6.09117603302002,-41.97996124917898,-67.67455133119913,2026-03-27,1.8270000219345093,-5.650001764297485,-1.5500009059906006,6,2.294584422111511,False,2026-03-27,2.2898664504289625,True,2026-02-27,9.88757609169959,-7.6416557293376925,-19.51496305234891,-16.067014212449756
2026-03-27,2026-03-20,LITHIUM,LIT,Global X Lithium & Battery Tech ETF,15,13,8.0,-7.0,4,71.91000366210938,7.360406178100676,15,-4.628644287986772,7,9.402099482053172,7,27.274342764795342,14,86.58537092337646,16,78.6583941915761,16,71.33667279151122,13,69.16021289439516,12,8.510649320567087,2026-03-27,0.5225691816011853,7.360406178100676,-17.79721501424541,-6.719409679405086,2026-03-27,2010-07-23,77.08999633789062,96.30999755859376,-6.719409679405086,-25.33485049840204,2026-03-27,66.9800033569336,-2.3049099001515416,-0.1527256124464471,6,57.97059988021851,True,2026-03-27,54.64849990844726,True,2026-02-27,9.475680231438876,2.785786460115192,17.176648169046196,15.649560795721095
2026-03-27,2026-03-20,LITHIUM,LAC.TO,Lithium Americas,16,18,23.0,7.0,4,5.440000057220459,6.457923974242585,16,-21.15942055025764,17,-12.258060893952791,14,-31.914890950501785,24,43.53562300725471,21,31.71912606488818,19,21.42857218883476,17,51.53203864293736,15,-16.946566430402964,2026-03-27,0.6575488731191966,6.457923974242585,-19.034765225158417,-61.44578178890245,2026-03-27,2023-10-04,14.109999656677246,16.010000228881836,-61.44578178890245,-66.02123685540761,2026-03-27,5.110000133514404,-4.09982198929828,-3.0303043181471034,6,6.197000020742417,False,2026-03-27,5.9847000169754025,True,2026-02-27,8.573198027580787,-13.744989802155672,-4.483512206959771,-9.807654955248957
2026-03-27,2026-03-20,LITHIUM,PMET.TO,PMET Resources Inc,17,20,16.0,-1.0,4,4.190000057220459,6.0759495351773385,17,-22.69372696973332,20,-26.61996446185294,24,1.452783077892561,19,82.96943786103755,17,55.76208059824095,17,13.243243330320876,19,4.488773517821332,19,-24.368229493290794,2026-03-27,0.7602662781895118,6.0759495351773385,-36.363418434615845,-41.80555321920059,2026-03-27,2010-03-15,7.199999809265137,493.5,-41.80555321920059,-99.1509625010698,2026-03-27,3.950000047683716,-5.909095982874613,-4.772728036257834,6,4.357649990320206,False,2026-03-27,4.1218999946117405,True,2026-02-27,8.19122358851554,-15.279296221631355,-18.84541577485992,-17.229318018136787
2026-03-27,2026-03-20,LITHIUM,GLN.AX,Galan Lithium,18,5,22.0,4.0,4,0.3449999988079071,4.545450029951348,18,-16.86746849517442,14,4.545450029951348,9,137.93104050700956,1,228.57143769458887,3,213.63636425211428,3,155.55554451765886,4,187.5000054327153,3,2.9850717057203324,2026-03-27,0.8493433045995414,4.545450029951348,-16.265273469389303,-26.59574474830766,2026-03-27,2011-06-08,0.4699999988079071,2.1742498874664307,-26.59574474830766,-84.13245870234712,2026-03-27,0.3300000131130218,-9.090909090909092,-1.4285700905079524,6,0.2256950004026293,True,2026-03-27,0.1990400007367134,True,2026-02-27,6.660724083289549,-9.453037747072456,12.319998716944369,10.12398318087434
2026-03-27,2026-03-20,LITHIUM,SLI,Standard Lithium,19,14,26.0,7.0,4,3.5199999809265137,4.14200774394804,19,-24.625269305778183,22,-24.13792926264428,23,3.834804483760146,18,87.23404201353875,15,158.82352528687585,9,136.24160794609116,5,115.95091970698502,7,-26.359836267294945,2026-03-27,0.6033830365308044,4.14200774394804,-14.621308776855727,-37.69911643342015,2026-03-27,2017-06-20,5.650000095367432,12.369999885559082,-37.69911643342015,-71.54405809626714,2026-03-27,3.380000114440918,-5.6603783285096965,-5.1212952902113145,6,3.7016499972343446,False,2026-03-27,3.4627999985218048,True,2026-02-27,6.2572817972862405,-17.210838557676222,-16.363380575651252,-19.22092479214093
2026-03-27,2026-03-20,LITHIUM,LTBR.O,Lightbridge,20,15,10.0,-10.0,4,10.699999809265137,3.4816213865059176,20,-17.246716498668533,15,-18.13312885154553,18,-52.94635040913636,26,-19.548874768294787,26,38.42173069680837,18,101.50658991653732,10,274.1258811796786,1,-24.167256770969537,2026-03-27,0.8378992015927857,3.4816213865059176,2.3338512811356846,-61.39971113162955,2026-03-27,2000-11-10,27.71999931335449,4050.0,-61.39971113162955,-99.7358024738453,2026-03-27,10.340000152587892,-5.309737799488545,-5.309737799488545,6,15.97960000514984,False,2026-03-27,16.1641500043869,False,2026-02-27,5.596895439844118,-9.83228575056657,-10.35858016455251,-17.028345295815527
2026-03-27,2026-03-20,LITHIUM,ATLX.O,Atlas Lithium,21,26,24.0,3.0,4,4.010000228881836,-0.7425676548133309,21,-24.1965924801788,21,-12.636163495093664,15,-26.01475696613329,21,0.2500057220458984,25,-29.64911643744741,26,-39.88005722617751,26,-44.072521810145645,25,-8.447485750952099,2026-03-27,0.5844264734106035,-0.7425676548133309,-50.74181998946785,-46.17449219401551,2026-03-27,2013-02-28,7.449999809265136,412500.0,-46.17449219401551,-99.9990278787324,2026-03-27,4.039999961853027,-4.9762931694429575,-4.9762931694429575,6,4.940950011014938,False,2026-03-27,4.888050017356872,True,2026-02-27,1.37270639852487,-16.782161732076837,-4.861614808100644,-1.3085742757980905
2026-03-27,2026-03-20,LITHIUM,DLI.AX,Delta Lithium,22,22,7.0,-15.0,4,0.2000000029802322,-2.4390220854836664,22,-18.367347311149363,16,-13.043478542555032,16,14.285717934978326,16,21.212118201785746,23,11.111108351636956,21,21.212118201785746,18,-16.666663562257998,22,-11.11110743181195,2026-03-27,0.7909511385451239,-2.4390220854836664,-12.488463429087917,-38.46153528732648,2026-03-27,2017-11-03,0.324999988079071,0.9354239702224731,-38.46153528732648,-78.61932029252297,2026-03-27,0.2049999982118606,-4.878051439826514,-4.761900369272054,6,0.1967000002413988,True,2026-03-27,0.1940500003844499,True,2026-02-27,-0.3237480321454655,-10.9529165630474,-5.2689298555620105,-3.9721959566579415
2026-03-27,2026-03-20,LITHIUM,LI.V,American Lithium,23,25,4.0,-19.0,4,0.5099999904632568,-5.555561074503923,23,-28.169013256828933,25,-22.727277242775944,21,-16.393446147009282,20,52.23879933118254,19,18.604646972091032,20,-10.52631633983976,22,-32.00000127156576,24,-26.086957648481,2026-03-27,0.4906359483027876,-5.555561074503923,-50.79573489600192,-56.41025562650037,2026-03-27,1985-02-11,1.1699999570846558,1050.0,-56.41025562650037,-99.95142857233684,2026-03-27,0.5400000214576721,-8.108111010696062,-8.108111010696062,6,0.6114000000059605,False,2026-03-27,0.5877249996364117,True,2026-02-27,-3.440287021165722,-20.75458250872697,-14.952728555782922,-18.948046173327
2026-03-27,2026-03-20,LITHIUM,ABAT.O,American Battery Technology,24,21,17.0,-7.0,4,2.6600000858306885,-8.275862125664357,24,-27.91327792459796,24,-23.99999754769462,22,-48.44960921530343,25,82.1917819404136,18,125.42374610763972,13,-20.83332830714785,23,171.3455126725992,4,-28.10810671486588,2026-03-27,0.4594850563606248,-8.275862125664357,-57.49660722314648,-76.52250570394885,2026-03-27,2016-02-24,11.329999923706056,61.125,-76.52250570394885,-95.6482616182729,2026-03-27,2.900000095367432,-8.275862125664357,-8.275862125664357,6,3.5717000019550325,False,2026-03-27,3.392200003862381,True,2026-02-27,-6.160588072326156,-20.498847176496,-16.225448860701597,-20.969195239711865
2026-03-27,2026-03-20,LITHIUM,CRML.O,Critical Metals,25,15,21.0,-4.0,4,7.039999961853027,-8.80828817123247,25,-30.64039185774448,26,-3.0303066128510747,13,8.307691720815802,17,125.64103269483002,12,410.1449265346836,1,7.153725691194324,20,-3.4293552991521925,20,-13.300491858710096,2026-03-27,0.3545215972910137,-8.80828817123247,-19.281848073465564,-76.50984276560848,2026-03-27,2022-02-07,29.96999931335449,29.96999931335449,-76.50984276560848,-76.50984276560848,2026-03-27,7.71999979019165,-14.769978610448064,-14.769978610448064,6,8.737424994707107,False,2026-03-27,7.99222499370575,True,2026-02-27,-6.693014117894268,-23.225961109642512,4.744242074141948,-6.161580383556087
2026-03-27,2026-03-20,LITHIUM,EMH.AX,European Metals Holdings,26,19,1.0,-25.0,4,0.2450000047683715,-9.259261098908734,26,-22.222220119765623,19,-19.67213146790995,19,19.51219849044692,15,44.1176483478513,20,-1.9999980926514005,22,36.111108351636936,16,58.06451798973911,14,-31.944445824181543,2026-03-27,0.3639060208894614,-9.259261098908734,-53.10928473412542,-44.31818043274329,2026-03-27,2012-07-19,0.4399999976158142,2.150000095367432,-44.31818043274329,-88.60465144646884,2026-03-27,0.270000010728836,-12.499998669539211,-12.499998669539211,6,0.2521875004470348,False,2026-03-27,0.2460625002533197,True,2026-02-27,-7.143987045570533,-14.80778937166366,-11.897582780916927,-24.80553434902753
2026-04-03,2026-03-27,LITHIUM,SGML.O,Sigma Lithium,1,11,7.0,6.0,4,14.369999885559082,37.38049553683156,1,16.450564893594976,4,-5.460525882376189,14,91.8558120785339,7,176.87860745911118,6,60.738261298027616,18,18.858558347355768,21,10.965251715895777,19,1.1259665516015982,2026-04-02,2.417102627208777,48.14433163012342,37.470984917126856,-13.381556640205991,2026-04-02,2018-07-03,16.59000015258789,42.400001525878906,-13.381556640205991,-66.10849205562333,2026-04-02,10.460000038146973,-4.132902938213345,0.0,5,8.92217500448227,True,2026-04-02,8.346175003051759,True,2026-03-06,34.022906011703725,18.78483211637901,-0.8334966328283464,5.146983845525687
2026-04-03,2026-03-27,LITHIUM,AVL.TO,Avalon Advanced Materials,2,6,13.0,11.0,4,13.5,25.000008830318343,2,25.000008830318343,1,36.36364161804053,2,36.36364161804053,12,114.28572401708531,13,200.0,8,87.50000496705385,11,50.0,16,36.36364161804053,2026-04-02,0.4463486724606933,25.000008830318343,0.6926725171481519,-44.44444706083477,2026-04-02,1984-05-31,24.30000114440918,7740.0,-44.44444706083477,-99.82558139534883,2026-04-02,10.799999237060549,-8.333330389893911,0.0,5,10.22174968957901,True,2026-04-02,9.643499732017515,True,2026-03-06,21.642419305190508,27.33427605310238,40.99067086758838,40.38465891196462
2026-04-03,2026-03-27,LITHIUM,LAR.TO,Lithium Argentina AG,3,1,12.0,9.0,4,10.479999542236328,20.737317670222065,3,16.057584187635786,5,25.20907629064211,3,81.31486439139452,8,232.69838809366408,3,267.71929448844827,4,152.53010364830973,5,150.11931740135816,5,27.80487543908272,2026-04-02,1.433668536989653,10.19978222932747,23.19663334452032,-10.88435936847948,2026-04-02,2008-07-16,11.760000228881836,21.016979217529297,-10.88435936847948,-50.13555738069417,2026-04-02,8.680000305175781,0.0,0.0,5,6.686500005722046,True,2026-04-02,6.0563500010967255,True,2026-03-06,17.37972814509423,18.39185141041982,29.83610554018995,31.82589273300681
2026-04-03,2026-03-27,LITHIUM,CRML.O,Critical Metals,4,12,25.0,21.0,4,8.399999618530273,19.318177046115714,4,-4.545460949259217,16,-10.63829830406262,16,5.263152862818554,18,141.3792980600812,8,435.0318049614601,1,23.89379584942101,18,25.373132203888748,18,3.448272622135784,2026-04-02,0.50700809789244,13.055179173652087,-0.3276721762723706,-71.97197260265777,2026-04-02,2022-02-07,29.96999931335449,29.96999931335449,-71.97197260265777,-71.97197260265777,2026-04-02,7.039999961853027,-5.255680221079063,0.0,5,8.853624995946884,False,2026-04-02,8.201274996995926,True,2026-03-06,15.96058752098788,-2.2111937264751806,-6.011269054514779,7.469289916059873
2026-04-03,2026-03-27,LITHIUM,ATLX.O,Atlas Lithium,5,24,21.0,16.0,4,4.650000095367432,15.96009551012061,5,-7.738092647568329,20,-4.123707488614647,11,-22.62895310683596,21,20.155044777105104,24,-6.999998092651372,25,-35.326842025575054,26,-29.331304722137286,25,6.164382965112725,2026-04-02,0.7412995662125579,15.099013348371804,-25.3384808852699,-37.58388973937296,2026-04-02,2013-02-28,7.449999809265136,412500.0,-37.58388973937296,-99.9988727272496,2026-04-02,4.010000228881836,0.0,0.0,5,4.9454500091075895,False,2026-04-02,4.913950015306472,True,2026-03-06,12.602505984992774,-5.4038254247842925,0.5033217609331953,10.185400259036816
2026-04-03,2026-03-27,LITHIUM,GLN.AX,Galan Lithium,6,2,18.0,12.0,4,0.395000010728836,14.492757128607536,6,2.597407925529182,11,14.492757128607536,7,163.33333002196443,1,243.47826396810547,1,172.41380834125928,10,182.14286360509547,3,216.0000085830688,3,17.9104480267527,2026-04-02,0.9966892636706536,14.492757128607536,-11.33954687134349,-15.957444312616731,2026-04-02,2011-06-08,0.4699999988079071,2.1742498874664307,-15.957444312616731,-81.8328144797968,2026-04-02,0.3449999988079071,-2.469133440450011,-2.469133440450011,5,0.2313450004905462,True,2026-04-02,0.2061900005489587,True,2026-03-06,11.1351676034797,4.93167514831322,19.11978637815538,21.93146532067679
2026-04-03,2026-03-27,LITHIUM,LI.V,American Lithium,7,22,23.0,16.0,4,0.5799999833106994,13.725489050275907,7,-9.375000582076645,22,-19.444449963392817,18,-19.444449963392817,20,68.11593777240508,16,52.63157647072107,19,-4.918037752604009,23,-17.14285811599423,24,-15.942031113797462,2026-04-02,0.4385324178000074,7.407400048809554,-23.047713654818573,-50.427350035472415,2026-04-02,1985-02-11,1.1699999570846558,1050.0,-50.427350035472415,-99.94476190635136,2026-04-02,0.5099999904632568,0.0,0.0,5,0.6155749998986721,False,2026-04-02,0.5953499996662139,True,2026-03-06,10.367899525148072,-7.040733359292606,-14.817420713844976,-11.921013819873371
2026-04-03,2026-03-27,LITHIUM,CXO.AX,Core Lithium,8,5,8.0,0.0,4,0.2549999952316284,8.51063654400097,8,0.0,13,-12.06896463132212,17,142.85714589819634,2,131.8181787394296,9,269.5652197386833,3,174.193536757679,4,112.5000007761023,7,-7.272731016489986,2026-04-02,1.1409307516123692,18.604646972091075,1.5664480432914196,-23.88060033440873,2026-04-02,2011-02-11,0.3350000083446502,1.8650000095367432,-23.88060033440873,-86.32707807358301,2026-04-02,0.2349999994039535,-1.9230751596258089,-1.9230751596258089,5,0.1741699992865324,True,2026-04-02,0.1618949994072317,True,2026-03-06,5.153047018873135,2.3342672227840366,-7.441935381774279,-3.2517137225658974
2026-04-03,2026-03-27,LITHIUM,EMH.AX,European Metals Holdings,9,16,26.0,17.0,4,0.2649999856948852,8.163257362146648,9,-10.169492381566323,24,-22.05882855662007,20,17.777774539994518,16,65.62499476131036,17,0.0,23,85.9649045755768,12,65.62499476131036,13,-26.388895787574352,2026-04-02,0.2249993001175084,5.999994277954079,-66.10446893874295,-39.772730197542,2026-04-02,2012-07-19,0.4399999976158142,2.150000095367432,-39.772730197542,-87.67441981673042,2026-04-02,0.2450000047683715,-7.017547712211647,-7.017547712211647,5,0.2537125004082918,True,2026-04-02,0.2479875002801418,True,2026-03-06,4.805667837018813,-7.835225158782288,-17.43179930707223,-22.367878493650263
2026-04-03,2026-03-27,LITHIUM,DLI.AX,Delta Lithium,10,17,22.0,12.0,4,0.2150000035762786,7.500000186264488,10,0.0,13,-4.444440323629417,13,19.444441684970258,15,30.303027292694807,23,26.47058900871077,22,26.47058900871077,17,-8.51063654400096,22,-4.444440323629417,2026-04-02,0.8560495773942213,2.3809572804273094,0.5093566652128214,-33.84615031925168,2026-04-02,2017-11-03,0.324999988079071,0.9354239702224731,-33.84615031925168,-77.01576927463759,2026-04-02,0.2000000029802322,-2.5000050291418274,0.0,5,0.1971750003099441,True,2026-04-02,0.1949000004678964,True,2026-03-06,4.142410661136653,2.3342672227840366,0.1825889259184254,-0.4234230297053276
2026-04-03,2026-03-27,LITHIUM,ELV.AX,Elevra Lithium,11,4,4.0,-7.0,4,8.390000343322756,4.875004291534446,11,10.978841360123791,6,4.744071205775313,9,130.49450828363717,3,210.7407479685193,4,272.88890414767803,2,107.16049254803636,9,74.79166687362726,11,5.934346748753328,2026-04-02,1.3180179789739646,8.258068946100083,40.29184307228856,-16.76586897990717,2026-04-02,2004-03-30,10.079999923706056,256.91192626953125,-16.76586897990717,-96.73428926980966,2026-04-02,8.0,-6.465996727313028,-6.465996727313028,5,5.391550010442733,True,2026-04-02,4.901250013113022,True,2026-03-06,1.5174147664066109,13.313108582907828,9.371100455323155,9.955364042677417
2026-04-03,2026-03-27,LITHIUM,PMET.TO,PMET Resources Inc,12,21,17.0,5.0,4,4.380000114440918,4.5346075089674365,12,-9.690717514091515,23,-22.614836881249,21,6.829273568811045,17,64.04494341889733,18,97.29729990962652,17,22.005577135352222,20,3.546101529339629,20,-20.93862554872853,2026-04-02,0.5188479447652773,5.797107625490239,-38.31501986279257,-39.1666634656764,2026-04-02,2010-03-15,7.199999809265137,493.5,-39.1666634656764,-99.11246198288936,2026-04-02,4.190000057220459,-3.9473647060816464,-3.9473647060816464,5,4.395649989843369,False,2026-04-02,4.193199993371963,True,2026-03-06,1.177017983839601,-7.35645029130748,-17.98780763170116,-16.91760825480445
2026-04-03,2026-03-27,LITHIUM,ABAT.O,American Battery Technology,13,20,24.0,11.0,4,2.7799999713897705,4.511273747632516,13,-17.507416445251025,25,-40.34334630003004,25,-43.03278880745961,24,51.91256318010773,21,175.24752451875446,9,12.550604825456867,22,183.1245582311716,4,-24.86486660641765,2026-04-02,0.6490978012952195,1.8315000720495744,-52.25223480860224,-75.46337166716917,2026-04-02,2016-02-24,11.329999923706056,61.125,-75.46337166716917,-95.4519427870924,2026-04-02,2.6600000858306885,-5.639101147644821,-0.3584226021499881,5,3.598800001144409,False,2026-04-02,3.442250003814697,False,2026-03-06,1.1536842225046806,-15.173149222466987,-35.71631705048219,-20.84384931249356
2026-04-03,2026-03-27,LITHIUM,INR.AX,Ioneer Ltd,14,26,10.0,-4.0,4,0.1299999952316284,3.999996185302712,14,-7.142860944173746,19,-42.22222281091009,26,-23.529415373983632,22,31.31312720812818,22,-10.344828294942277,26,-21.212127232792167,24,-36.58536762655101,26,-35.00000335276122,2026-04-02,2.076946107489684,3.999996185302712,14.072425688776184,-51.85185553115077,2026-04-02,2007-12-19,0.270000010728836,0.8500000238418579,-51.85185553115077,-84.70588334291449,2026-04-02,0.125,-3.703711062301529,-3.703711062301529,5,0.1534500004723668,False,2026-04-02,0.1531050004810094,False,2026-03-06,0.6424066601748768,-4.808593721389709,-37.59519356136225,-30.97898605883713
2026-04-03,2026-03-27,LITHIUM,LTBR.O,Lightbridge,15,18,20.0,5.0,4,11.090000152587892,3.6448630866801945,15,-3.144101857416093,15,-28.9557950256322,23,-47.713339786484845,25,-13.223784160364726,26,48.659518711511886,20,68.15770288698701,14,244.40993956681427,1,-21.403257105397632,2026-04-02,0.9452300056559978,1.0018270941490437,2.810142813447825,-59.9927834513144,2026-04-02,2000-11-10,27.71999931335449,4050.0,-59.9927834513144,-99.72617283573857,2026-04-02,10.699999809265137,-7.943920027544249,0.0,5,15.919750003814697,False,2026-04-02,16.202924995422364,False,2026-03-06,0.2872735615523591,-0.8098346346320562,-24.32876577608436,-17.382239811473543
2026-04-03,2026-03-27,LITHIUM,LAC.TO,Lithium Americas,16,23,16.0,0.0,4,5.619999885559082,3.3088203390680304,16,-9.20840333428572,21,-21.83588538479532,19,-55.53797679659146,26,53.13350868467269,20,47.50656089141767,21,22.440080582360466,19,64.80937665988445,14,-14.198477528157785,2026-04-02,0.6221401555324035,4.460962193550144,-17.528483728645405,-60.17009197516499,2026-04-02,2023-10-04,14.109999656677246,16.010000228881836,-60.17009197516499,-64.89694062951558,2026-04-02,5.440000057220459,-2.5735269303862496,0.0,5,6.2338000226020815,False,2026-04-02,6.0432000160217285,True,2026-03-06,-0.0487691860598049,-6.874136111501683,-17.208856135247476,-10.177460234233694
2026-04-03,2026-03-27,LITHIUM,LIT,Global X Lithium & Battery Tech ETF,17,13,15.0,-2.0,4,74.16999816894531,3.14280961165736,17,7.539505373651156,9,10.028177035444475,8,25.968065257237114,14,86.59119036212657,14,100.08092468180156,16,82.32546119108204,13,66.71161018374082,12,11.920932437085696,2026-04-02,0.6791467586550832,5.41500501072083,23.36311310575877,-3.787778320998703,2026-04-02,2010-07-23,77.08999633789062,96.30999755859376,-3.787778320998703,-22.988267003307485,2026-04-02,71.91000366210938,-0.3627139489597253,-0.3627139489597253,5,58.69999988555908,True,2026-04-02,55.452849884033206,True,2026-03-06,-0.2147799134704753,9.873772596435192,14.655206284992316,15.941949731009784
2026-04-03,2026-03-27,LITHIUM,VULG.DE,Vulcan Energy Resources,18,25,14.0,-4.0,4,1.99399995803833,1.2696788414527926,18,-5.676448406909451,18,-23.189522660464835,22,-30.316612314885948,23,11.259215349368468,25,-5.728980916847959,24,-28.94538709761281,25,-9.177910776655606,23,-22.23088757456973,2026-04-02,0.8056387182442621,5.6703760108704815,-34.61299212409879,-41.2432930933571,2026-04-02,2022-02-15,3.3936550617218018,6.09117603302002,-41.2432930933571,-67.26412194904667,2026-04-02,1.968999981880188,-2.590147258286213,-2.2549021899448296,5,2.2989334321022032,False,2026-04-02,2.292811236977577,False,2026-03-06,-2.0879106836750427,-3.342181184125414,-18.562493410917,-18.20987028064565
2026-04-03,2026-03-27,LITHIUM,SQM,Sociedad Quimica y Minera ADR,19,8,6.0,-13.0,4,83.20999908447266,0.6166894256957045,19,18.212814044589297,3,18.63415997798419,5,93.0178564286364,6,123.98383759555998,11,111.13930323939528,15,126.73023802359192,7,105.76162687976908,9,19.33170095882217,2026-04-02,1.5886491900576611,7.548140274750881,33.24747172056438,-2.598620171804711,2026-04-02,1993-09-21,85.43000030517578,113.5199966430664,-2.598620171804711,-26.700139583244987,2026-04-02,82.69999694824217,-2.15235652355692,0.0,5,56.53150011062622,True,2026-04-02,52.26395009994507,True,2026-03-06,-2.740900099432131,20.547081267373333,23.261189227532032,23.352718252746264
2026-04-03,2026-03-27,LITHIUM,IGO.AX,IGO Limited,20,14,5.0,-15.0,4,7.949999809265136,0.2522065745202306,20,2.5806427001952903,12,-4.3321370899301215,12,52.884617324411565,11,84.02776605001247,15,125.21246101130136,14,62.576687654978144,15,38.98601574946508,17,-3.1668724442603047,2026-04-02,0.8266985567995908,4.193967103861129,-3.266009123000819,-15.15475019890269,2026-04-02,2002-01-17,9.369999885559082,16.393840789794922,-15.15475019890269,-51.50617899001454,2026-04-02,7.929999828338623,-2.966628472541488,-2.5735299273758394,5,6.36849999666214,True,2026-04-02,6.039999997615814,True,2026-03-06,-3.1053829506076047,4.914909922979327,0.2948921596177207,0.8541448496637845
2026-04-03,2026-03-27,LITHIUM,ALB,Albermale,21,8,9.0,-12.0,4,178.08999633789065,-0.7578716263471397,21,9.735660672498092,7,21.870930258784394,4,101.87031724512968,4,164.97544824254328,7,167.80450577126413,12,102.8590892819914,10,88.83469509926061,10,23.733763218524384,2026-04-02,0.6267788827870129,2.057304491627887,-5.395421789436339,-9.077448931705543,2026-04-02,1994-02-22,195.8699951171875,325.3800048828125,-9.077448931705543,-45.26707429301601,2026-04-02,179.4499969482422,-1.242683625223051,-0.8020957228304093,5,117.58899965286255,True,2026-04-02,107.05584966659546,True,2026-03-06,-4.115461151474975,12.06992789528213,26.49795950833224,27.75478051244848
2026-04-03,2026-03-27,LITHIUM,PLS.AX,Pilbara Minerals,22,7,2.0,-20.0,4,5.090000152587891,-1.165047411038156,22,6.93277117307145,10,15.158372505181571,6,100.39370980441036,5,233.77050702721183,2,254.70385752969105,6,133.486238381606,6,61.58730153924541,15,18.097452904032373,2026-04-02,1.017954483921185,2.41449431513181,23.71675206167783,-3.96226472810476,2026-04-02,2007-09-19,5.300000190734863,5.5,-3.96226472810476,-7.454542680220166,2026-04-02,5.150000095367432,-3.96226472810476,-3.96226472810476,5,3.2996500092744827,True,2026-04-02,2.9695000034570693,True,2026-03-06,-4.522636936165991,9.267038395855486,19.785401754729413,22.118470197956466
2026-04-03,2026-03-27,LITHIUM,1772.HK,Ganfeng Lithium,23,3,1.0,-22.0,4,73.0999984741211,-1.6150801189076525,23,24.00338851238393,2,37.14821673635824,1,55.267620286928754,10,192.3999938964844,5,254.8543549536852,5,277.19299091667,1,224.1685186134396,2,35.12014886486312,2026-04-02,1.3861237482613855,7.499997756060428,51.27554323926038,-1.945009414191468,2026-04-02,2018-10-11,74.55000305175781,128.0000457763672,-1.945009414191468,-42.890646615989226,2026-04-02,74.30000305175781,-6.304499510715845,-1.945009414191468,5,46.117750043869016,True,2026-04-02,41.88355001449585,True,2026-03-06,-4.972669644035488,26.337655735167964,41.77524598590608,39.14116615878721
2026-04-03,2026-03-27,LITHIUM,SLI,Standard Lithium,24,18,19.0,-5.0,4,3.400000095367432,-3.409087676400946,24,-20.930233847585544,26,-29.75206635996711,24,-17.073166476765287,19,53.84615550587246,19,169.84127945250015,11,112.50000279396772,8,109.8765484789962,8,-28.870294013988072,2026-04-02,0.7398968401202608,-2.8571401323590817,-16.023265980963647,-39.82300817737734,2026-04-02,2017-06-20,5.650000095367432,12.369999885559082,-39.82300817737734,-72.51414610491112,2026-04-02,3.5199999809265137,-8.238635324557453,-3.409087676400946,5,3.733649998307228,False,2026-04-02,3.532399995923042,True,2026-03-06,-6.766677201528781,-18.59596662480151,-25.125037110419267,-24.849276720063983
2026-04-03,2026-03-27,LITHIUM,LTR.AX,Liontown Resources,25,10,3.0,-22.0,4,1.6950000524520874,-3.966001915588613,25,8.65385350155905,8,0.2958576959962933,10,73.84615497476246,9,130.6122475459511,10,245.91837131892672,7,197.3684339862343,2,120.12988239461436,6,4.629632559441843,2026-04-02,0.9720209688182327,-0.8771921263311833,20.37642198229536,-23.303166371286554,2026-04-02,2006-12-27,2.2100000381469727,3.150000095367432,-23.303166371286554,-46.19047615443409,2026-04-02,1.7649999856948853,-6.094177190711836,-6.094177190711836,5,1.289675004184246,True,2026-04-02,1.1966500031948089,True,2026-03-06,-7.323591440716449,10.988120724343087,4.922886945544136,8.650649853365932
2026-04-03,2026-03-27,LITHIUM,MIN.AX,Mineral Resources,26,15,11.0,-15.0,4,52.680000305175774,-7.073555157300582,26,-4.565218157488804,17,-5.608315698076948,15,29.75370020950769,13,115.54827804428712,12,150.499280005391,13,53.90009059209606,16,1.8364600257995127,21,-4.97835207413504,2026-04-02,1.0577677641613297,-4.8410409603114495,-24.798506923375005,-17.66176823680793,2026-04-02,2006-07-28,63.97999954223633,96.27999877929688,-17.66176823680793,-45.284585611665406,2026-04-02,56.68999862670898,-7.073555157300582,-7.073555157300582,5,44.98510002136231,True,2026-04-02,41.9107000541687,True,2026-03-06,-10.431144682428418,-2.230950934704768,-0.9812864485291062,-0.9573347802109504
2026-04-10,2026-04-03,LITHIUM,LTR.AX,Liontown Resources,1,4,25.0,24.0,4,1.955000042915344,13.333334254757778,1,16.023745359327222,5,-9.069769479185195,15,94.52736837722703,7,144.3750017229467,9,265.420550856073,7,252.25225544509905,2,134.1317476831817,6,20.679014639562965,2026-04-10,0.5968097603802622,8.310254832483842,25.30911011130852,-11.538461123531906,2026-04-10,2006-12-27,2.2100000381469727,3.150000095367432,-11.538461123531906,-37.93650845311157,2026-04-10,1.725000023841858,0.0,0.0,4,1.3135750046372414,True,2026-04-10,1.221050003170967,True,2026-03-13,10.231922751879274,13.238840268485738,-6.771164403510133,21.28527342355548
2026-04-10,2026-04-03,LITHIUM,GLN.AX,Galan Lithium,2,1,6.0,4.0,4,0.4300000071525573,10.25641613458057,2,10.25641613458057,10,16.21621665160442,2,168.7500104773791,1,218.5185111599208,4,309.5238291217093,4,230.7692484037417,4,230.7692484037417,3,28.358207892989217,2026-04-10,0.9599751654080528,6.172840959723058,-5.772797266329607,-8.510636544000949,2026-04-10,2011-06-08,0.4699999988079071,2.1742498874664307,-8.510636544000949,-80.22306407228933,2026-04-10,0.3899999856948852,0.0,0.0,4,0.2377150003612041,True,2026-04-10,0.2133300003036856,True,2026-03-13,7.155004631702067,7.471511043739087,18.51482172727948,28.96446667698173
2026-04-10,2026-04-03,LITHIUM,CRML.O,Critical Metals,3,15,4.0,1.0,4,8.869999885559082,9.50616626945937,3,-1.9889536064326307,21,-39.90515075872028,25,-40.78771591047124,20,191.77631568628,6,475.974032810113,1,14.157012964386162,22,32.38806176222793,18,9.236453332146333,2026-04-10,0.4859853605898017,5.595241528249528,9.622475856505162,-70.40373677417251,2026-04-10,2022-02-07,29.96999931335449,29.96999931335449,-70.40373677417251,-70.40373677417251,2026-04-10,8.100000381469727,-3.9506192171723575,0.0,5,9.002574998140336,False,2026-04-10,8.399324994683266,True,2026-03-13,6.404754766580867,-4.773858697274114,-37.60654568304521,9.84271211613884
2026-04-10,2026-04-03,LITHIUM,VULG.DE,Vulcan Energy Resources,4,22,18.0,14.0,4,2.2300000190734863,7.938046250896669,4,8.463036249017076,14,-17.1003728015636,16,-27.88872659079585,18,25.837201743179207,23,12.55202718057491,24,-27.099762740787003,25,-3.0824558307676497,22,-13.026516629092178,2026-04-10,1.6453234180725644,9.313728469282555,0.7163647340093491,-34.28913727189246,2026-04-10,2022-02-15,3.3936550617218018,6.09117603302002,-34.28913727189246,-63.38966388453156,2026-04-10,2.065999984741211,0.0,0.0,4,2.308328216671944,False,2026-04-10,2.296567152738571,False,2026-03-13,4.836634748018165,5.678131158175593,-14.801767725888537,-12.42025784509967
2026-04-10,2026-04-03,LITHIUM,EMH.AX,European Metals Holdings,5,12,9.0,4.0,4,0.3000000119209289,7.142860944173735,5,11.111111111111116,7,-22.07791705138756,18,42.85715299398756,13,87.50001164153241,14,25.00000776102165,23,100.00000000000009,12,71.4285811599422,10,-16.666666666666675,2026-04-10,0.2028765151057685,5.263163398397541,-43.05962228296004,-31.818178739429506,2026-04-10,2012-07-19,0.4399999976158142,2.150000095367432,-31.818178739429506,-86.04651169237928,2026-04-10,0.2800000011920929,0.0,0.0,4,0.2558125004917383,True,2026-04-10,0.2497875003516674,True,2026-03-13,4.041449441295231,8.326206020269634,-19.7793119757125,-16.060407882674166
2026-04-10,2026-04-03,LITHIUM,LIT,Global X Lithium & Battery Tech ETF,6,9,17.0,11.0,4,77.9000015258789,6.537197209720169,6,10.653408860002678,8,11.285716465541284,4,44.473301504569854,12,93.4923119065651,13,127.24622024469258,17,95.8762902419623,13,70.31044745796807,12,17.549427300339705,2026-04-10,0.6135822920900502,5.028992111388964,31.56145299707493,0.0,2026-04-10,2010-07-23,77.9000015258789,96.30999755859376,0.0,-19.11535302605989,2026-04-10,73.12000274658203,0.0,0.0,5,59.66794986724854,True,2026-04-10,56.29984987258912,True,2026-03-13,3.4357857068416653,7.868503769161195,13.58432154121635,18.155686084332213
2026-04-10,2026-04-03,LITHIUM,MIN.AX,Mineral Resources,7,12,26.0,19.0,4,57.97999954223633,6.40484080797652,7,0.8698677870249361,20,-1.024244230221727,7,31.354781023929057,14,127.2834144336569,11,240.8583113584572,9,68.54650282099068,15,13.286438445708404,19,4.581531346401713,2026-04-10,0.8478827570211486,2.819649175026884,-12.905087399138916,-9.377930670410697,2026-04-10,2006-07-28,63.97999954223633,96.27999877929688,-9.377930670410697,-39.77980860267336,2026-04-10,54.4900016784668,-0.4122323487369739,-0.4122323487369739,4,45.71445004463196,True,2026-04-10,42.77385006904602,True,2026-03-13,3.303429305098016,-1.915037303816547,1.2743608454533373,5.187790130394221
2026-04-10,2026-04-03,LITHIUM,CXO.AX,Core Lithium,8,3,8.0,0.0,4,0.2949999868869781,5.357137725365413,8,28.260861537181725,4,-6.349209803242251,13,168.18180771406034,2,180.952377235538,7,353.8461503192517,2,239.0804544545995,3,145.83332790061831,5,7.272720179282088,2026-04-10,1.380306082830818,13.46153757981292,16.600677189938303,-11.94030461531208,2026-04-10,2011-02-11,0.3350000083446502,1.8650000095367432,-11.94030461531208,-84.18230641402224,2026-04-10,0.2800000011920929,-3.389827426361214,0.0,4,0.1782049991562962,True,2026-04-10,0.1653149994090199,True,2026-03-13,2.255726222486909,25.47595644634024,-4.050604727567187,7.878978963274596
2026-04-10,2026-04-03,LITHIUM,PMET.TO,PMET Resources Inc,9,16,12.0,3.0,4,4.760000228881836,5.309740021417575,9,6.250004656612851,16,-28.95521844195518,19,22.68041465168153,15,55.04887076182816,18,154.54546613605137,14,45.12195946346225,17,12.000005385454958,20,-14.07941765960402,2026-04-10,0.5248721360211628,8.67580147288245,-26.51933681800162,-33.888883958628014,2026-04-10,2010-03-15,7.199999809265137,493.5,-33.888883958628014,-99.0354609465285,2026-04-10,4.519999980926514,-2.876108738705574,-2.057611149904548,5,4.460349990129471,True,2026-04-10,4.256949989795685,True,2026-03-13,2.208328518539071,3.465099565771368,-26.65661336628012,-13.473158875611512
2026-04-10,2026-04-03,LITHIUM,DLI.AX,Delta Lithium,10,18,10.0,0.0,4,0.2249999940395355,4.6511582776365135,10,4.6511582776365135,18,-4.255321442460291,9,18.421050980480725,16,32.35293627816509,21,45.16128536069557,21,18.421050980480725,21,-15.094337288532822,23,0.0,2026-04-10,0.6998538946307298,4.6511582776365135,5.190267723235724,-30.76923006385033,2026-04-10,2017-11-03,0.324999988079071,0.9354239702224731,-30.76923006385033,-75.94673632470382,2026-04-10,0.2150000035762786,-6.5217392712775375,-2.173917409602921,4,0.1981750002503395,True,2026-04-10,0.1956750004738569,True,2026-03-13,1.5497467747580096,1.8662531867950305,-1.9567163667852268,0.6062587839925082
2026-04-10,2026-04-03,LITHIUM,PLS.AX,Pilbara Minerals,11,5,22.0,11.0,4,5.360000133514404,3.2755312990302654,11,9.61145766587912,13,12.368975994697816,3,103.03030001996754,5,251.47542408607708,1,277.46480954258635,5,144.74885814922305,6,83.56164361191728,9,24.36195370475372,2026-04-10,0.6015222978472335,1.1320743513260512,37.18251839501854,0.0,2026-04-10,2007-09-19,5.360000133514404,5.5,0.0,-2.545452117919922,2026-04-10,5.190000057220459,0.0,0.0,4,3.3800500118732453,True,2026-04-10,3.0549000042676924,True,2026-03-13,0.1741197961517615,6.826552575037636,14.66758107037288,24.96821248874622
2026-04-10,2026-04-03,LITHIUM,LTBR.O,Lightbridge,12,20,15.0,3.0,4,10.850000381469728,3.038942607914419,12,-4.657291104053984,22,-34.28225178041345,22,-50.86050534891219,24,-10.552347245630555,26,43.89921003133848,22,81.43813289068814,14,246.64536692541813,2,-23.104176857047587,2026-04-10,0.6186990645237125,-2.1641097188096925,-10.542070897881612,-60.85858351286974,2026-04-10,2000-11-10,27.71999931335449,4050.0,-60.85858351286974,-99.73209875601307,2026-04-10,10.529999732971191,-3.928567748896872,-3.1249949442487823,5,15.854550004005432,False,2026-04-10,16.18652500152588,False,2026-03-13,-0.062468894964085,-7.442196194895467,-31.98364670473839,-22.49791807305508
2026-04-10,2026-04-03,LITHIUM,1772.HK,Ganfeng Lithium,13,2,23.0,10.0,4,79.05000305175781,2.5957169640298483,13,29.90962207727419,3,33.64328150891491,1,73.50746415495037,9,219.393951724274,3,342.6091844920814,3,297.236203854742,1,262.6147055884792,1,46.11830920766411,2026-04-10,1.0153384719777503,8.659798009289087,57.24884793763092,0.0,2026-04-10,2018-10-11,79.05000305175781,128.0000457763672,0.0,-38.242207202122025,2026-04-10,77.05000305175781,0.0,0.0,3,46.97025005340576,True,2026-04-10,42.91850001335144,True,2026-03-13,-0.5056945388486556,27.124716986432706,35.94188658458997,46.72456799165662
2026-04-10,2026-04-03,LITHIUM,SGML.O,Sigma Lithium,14,11,1.0,-13.0,4,14.850000381469728,2.3432125928649405,14,34.146348607514845,2,-5.172410433172736,11,137.9807840731493,3,163.76554315477833,8,87.02771126513366,18,27.24935976337765,19,9.351991641374635,21,4.50387291769645,2026-04-10,0.5896898043546728,3.3402957531893707,42.95203257534982,-10.488244455180052,2026-04-10,2018-07-03,16.59000015258789,42.400001525878906,-10.488244455180052,-64.97641545506548,2026-04-10,14.510000228881836,-6.151746856900031,0.0,5,9.1635250043869,True,2026-04-10,8.509075000286103,True,2026-03-13,-0.7581989100135633,31.36144351667336,-2.873805357497672,5.110131701688959
2026-04-10,2026-04-03,LITHIUM,SQM,Sociedad Quimica y Minera ADR,15,8,19.0,4.0,4,82.12000274658203,2.075830778979726,15,10.302224463047406,9,5.606996515654816,5,101.42261914285618,6,109.91821316142752,12,146.45859393371538,15,114.02138397856932,9,86.93376320533912,8,17.768534050151374,2026-04-10,0.8114246472538739,-1.3099343226576463,16.147161935212377,-3.8745142769163854,2026-04-10,1993-09-21,85.43000030517578,113.5199966430664,-3.8745142769163854,-27.660319613304207,2026-04-10,80.44999694824217,-2.399006063875231,-0.4364701693738482,5,57.73915008544922,True,2026-04-10,53.3279500579834,True,2026-03-13,-1.025580723898778,7.517319372205923,7.90560159132988,18.37479283414388
2026-04-10,2026-04-03,LITHIUM,ABAT.O,American Battery Technology,16,20,13.0,-3.0,4,2.8499999046325684,1.7857126131349377,16,-14.156627652433665,25,-44.87427731963288,26,-57.77777919062861,26,60.11235676635287,17,194.6040792028283,12,39.70588029049664,18,184.99999046325684,4,-22.97297654315617,2026-04-10,0.4777872186801463,2.517983236086274,-38.89257220716532,-74.8455434790477,2026-04-10,2016-02-24,11.329999923706056,61.125,-74.8455434790477,-95.33742346890376,2026-04-10,2.799999952316284,-2.142855135761923,-0.6968634747042013,5,3.637399999499321,False,2026-04-10,3.494500002861023,False,2026-03-13,-1.3156988897435662,-16.941532743275147,-42.57567224395782,-22.366717759163667
2026-04-10,2026-04-03,LITHIUM,LI.V,American Lithium,17,24,7.0,-10.0,4,0.5699999928474426,0.8849549119871458,17,3.6363600896410553,19,-35.22727318908557,23,-51.28205010641722,25,51.99999809265137,19,67.64705495644617,19,-6.5573804130543145,23,-46.2264128663268,26,-17.39130509898733,2026-04-10,0.1873022732539816,-1.7241363363798334,-8.575373900768877,-51.28205010641722,2026-04-10,1985-02-11,1.1699999570846558,1050.0,-51.28205010641722,-99.94571428639549,2026-04-10,0.5649999976158142,-4.42477455993574,0.0,5,0.6210749998688698,False,2026-04-10,0.6014999997615814,False,2026-03-13,-2.216456590891358,0.8514549987995723,-32.92866811341051,-16.785046314994823
2026-04-10,2026-04-03,LITHIUM,SLI,Standard Lithium,18,19,24.0,6.0,4,3.4200000762939453,0.8849548808677277,18,-19.90632104050112,26,-33.333333333333336,21,-24.16851656919172,17,25.27472719412773,24,184.9999950329465,13,108.53659183691124,10,62.85715388603001,14,-28.451884389539227,2026-04-10,0.5887038756085123,0.5882347166332069,-13.405160652620902,-39.46902622005115,2026-04-10,2017-06-20,5.650000095367432,12.369999885559082,-39.46902622005115,-72.35246477013713,2026-04-10,3.390000104904175,-2.881848479153992,-1.4409208041508026,5,3.771999999284744,False,2026-04-10,3.600499995946884,True,2026-03-13,-2.216456622010776,-22.691226131342603,-31.03472825765828,-27.84562560554672
2026-04-10,2026-04-03,LITHIUM,ALB,Albermale,19,10,21.0,2.0,4,173.63999938964844,0.3525403771918345,19,9.745922165324572,12,2.5453242260600417,6,93.23391743850682,8,133.79562035547616,10,217.38256679834143,10,100.67028988701834,11,68.64801955484378,13,20.641984454756667,2026-04-10,0.5168310939663944,-2.498734931634916,1.87742990011626,-11.349362475982616,2026-04-10,1994-02-22,195.8699951171875,325.3800048828125,-11.349362475982616,-46.634705026762205,2026-04-10,173.02999877929688,-2.868573189730095,-2.141570671479587,5,120.47019968032836,True,2026-04-10,109.73644968032836,True,2026-03-13,-2.7488711256866694,6.961017074483089,4.8439293017351055,21.248243238749176
2026-04-10,2026-04-03,LITHIUM,LAC.TO,Lithium Americas,20,23,16.0,-4.0,4,5.630000114440918,0.0,20,-6.788076986780711,23,-29.53691770064938,20,-46.482890974724,22,45.10309145318578,20,59.943185936013066,20,24.008814135386046,20,53.82513613146842,15,-14.045802282499286,2026-04-10,0.5723866209391919,0.1779400193144598,-18.756709610380664,-60.09921862913268,2026-04-10,2023-10-04,14.109999656677246,16.010000228881836,-60.09921862913268,-64.83447823889178,2026-04-10,5.630000114440918,-2.5951572650964483,-2.5951572650964483,5,6.286050025224686,False,2026-04-10,6.102400017976761,False,2026-03-13,-3.101411502878504,-9.572982077622193,-27.23831262497432,-13.439543498506778
2026-04-10,2026-04-03,LITHIUM,IGO.AX,IGO Limited,21,16,20.0,-1.0,4,8.149999618530273,-0.7308211856018598,21,5.981788789167841,17,-8.529744577970744,14,52.052227901467305,11,80.30972683454922,16,131.5340813264743,16,64.97974745198593,16,49.54128263775477,17,-0.7308211856018598,2026-04-10,0.6568344667531455,-0.1225518268239578,0.6883615062839397,-13.020280490174352,2026-04-10,2002-01-17,9.369999885559082,16.393840789794922,-13.020280490174352,-50.286209784325806,2026-04-10,8.210000038146973,-1.6908139391714316,-1.5700497419492865,4,6.453099994659424,True,2026-04-10,6.1286499977111815,True,2026-03-13,-3.832232688480364,3.196883698326358,-6.23113950229568,-0.1245624016093516
2026-04-10,2026-04-03,LITHIUM,LAR.TO,Lithium Argentina AG,22,7,3.0,-19.0,4,10.18000030517578,-1.4520776344445707,22,10.173166205001571,11,-1.9267804148373149,8,63.14103651564069,10,205.70572187419623,5,270.18182927911926,6,146.48910467533622,5,124.22908349586756,7,24.146348072757885,2026-04-10,0.9447862691299462,-2.8625882649278456,11.31094619061459,-13.435373239412652,2026-04-10,2008-07-16,11.760000228881836,21.016979217529297,-13.435373239412652,-51.562971063486096,2026-04-10,10.329999923706056,-8.356802080066705,-4.413139250603592,5,6.872750008106232,True,2026-04-10,6.230250002145767,True,2026-03-13,-4.553489137323075,7.388261114160088,0.3718246608377495,24.7526068567504
2026-04-10,2026-04-03,LITHIUM,ELV.AX,Elevra Lithium,23,6,11.0,-12.0,4,8.729999542236328,-2.020205479891924,23,15.32363730872106,6,-4.381167220051941,10,111.38012833731162,4,223.3333106688516,2,263.74996647238856,8,123.8461366348722,7,71.17646481339071,11,10.227265885600987,2026-04-10,0.8288835412903176,-2.67559328481467,36.43378423586448,-13.392861028647518,2026-04-10,2004-03-30,10.079999923706056,256.91192626953125,-13.392861028647518,-96.60194850858052,2026-04-10,8.90999984741211,-6.027991624501572,-6.027991624501572,4,5.527850006818771,True,2026-04-10,5.029750009775162,True,2026-03-13,-5.121616982770427,12.538732217879575,-2.0825621443768765,10.833524669593498
2026-04-10,2026-04-03,LITHIUM,INR.AX,Ioneer Ltd,24,25,14.0,-10.0,4,0.1299999952316284,-3.703711062301529,24,8.33333178112905,15,-36.58536762655101,24,-48.00000190734865,23,29.999993294477555,22,0.0,26,-18.75000116415326,24,-42.22222281091009,25,-35.00000335276122,2026-04-10,0.7317815845064792,-3.703711062301529,22.290013855114683,-51.85185553115077,2026-04-10,2007-12-19,0.270000010728836,0.8500000238418579,-51.85185553115077,-84.70588334291449,2026-04-10,0.135000005364418,-7.142860944173746,-7.142860944173746,4,0.15423000048846,False,2026-04-10,0.1531800004839897,False,2026-03-13,-6.805122565180033,5.548426690287568,-34.28676255087595,-34.39374456876871
2026-04-10,2026-04-03,LITHIUM,AVL.TO,Avalon Advanced Materials,25,14,2.0,-23.0,4,13.5,-6.24999751647306,25,36.36364161804053,1,-6.24999751647306,12,-44.44444706083477,21,87.50000496705385,15,200.0,11,114.28572401708531,8,50.0,16,36.36364161804053,2026-04-10,1.44932632413322,0.0,14.921854208432904,-44.44444706083477,2026-04-10,1984-05-31,24.30000114440918,7740.0,-44.44444706083477,-99.82558139534883,2026-04-10,14.399999618530272,-6.24999751647306,-6.24999751647306,5,10.444499690532684,True,2026-04-10,9.79649971485138,True,2026-03-13,-9.351409019351564,33.57873652719905,-3.951392440797996,36.96990040203304
2026-04-10,2026-04-03,LITHIUM,ATLX.O,Atlas Lithium,26,26,5.0,-21.0,4,4.349999904632568,-7.446806783749471,26,-10.677617929077565,24,-20.03676730005074,17,-30.95238455659217,19,6.879600028539934,25,9.571785221255148,25,-34.190623044363534,26,-40.65484379387,24,-0.684936279098225,2026-04-10,0.5494726535991646,-6.451616872733801,-25.297257854183297,-41.6107380402517,2026-04-10,2013-02-28,7.449999809265136,412500.0,-41.6107380402517,-99.99894545456856,2026-04-10,4.699999809265137,-7.446806783749471,-7.446806783749471,5,4.958800007104873,False,2026-04-10,4.942450009584427,False,2026-03-13,-10.548218286627977,-13.462523019919049,-17.738162224375678,-0.0786774951057167
2026-04-17,2026-04-10,LITHIUM,CRML.O,Critical Metals,1,10,3.0,2.0,4,12.5600004196167,41.60090847425118,1,62.6943103751677,3,-26.84915338493284,24,-39.78906974056401,24,188.07339529810145,8,404.4176856028787,2,47.76471081901998,20,78.91738538094704,14,54.679810303370616,2026-04-17,1.5151615726789396,41.60090847425118,49.003445063320974,-58.09142239779758,2026-04-17,2022-02-07,29.96999931335449,29.96999931335449,-58.09142239779758,-58.09142239779758,2026-04-17,8.869999885559082,-2.441734311211141,0.0,6,9.16317500591278,True,2026-04-17,8.579974995851517,False,2026-03-20,37.065557079783545,53.17180235262917,-31.692569343689648,50.778213659109376
2026-04-17,2026-04-10,LITHIUM,SGML.O,Sigma Lithium,2,7,14.0,12.0,4,19.71999931335449,32.794604759483306,2,118.02099665027832,1,46.399398087794495,1,217.55232193587588,1,196.54133880527263,7,176.190471738215,13,64.19649406776469,19,45.320558267042266,19,38.775504999407694,2026-04-17,1.2809272716226392,32.794604759483306,57.96007172212555,-4.734306345241901,2026-04-17,2018-07-03,20.700000762939453,42.400001525878906,-4.734306345241901,-53.49056933095071,2026-04-17,14.850000381469728,-4.734306345241901,-4.734306345241901,6,9.519474997520447,True,2026-04-17,8.64792500257492,True,2026-03-20,28.25925336501567,108.4984886277398,41.55598212903768,34.873908355146455
2026-04-17,2026-04-10,LITHIUM,CXO.AX,Core Lithium,3,1,8.0,5.0,4,0.3799999952316284,28.81356343151837,3,85.36585294937964,2,35.714283433495744,3,192.3076993614968,3,261.9047686626585,3,458.8234920299615,1,308.60213572089475,1,245.4545429915437,3,38.18181345285476,2026-04-17,1.4698297797481408,28.81356343151837,34.4381379627199,0.0,2026-04-17,2011-02-11,0.3799999952316284,1.8650000095367432,0.0,-79.62466523922332,2026-04-17,0.2949999868869781,-1.6949137131806236,0.0,6,0.1839649991691112,True,2026-04-17,0.1679099993780255,True,2026-03-20,24.27821203705074,75.84334492684111,30.87086747473893,34.28021680859352
2026-04-17,2026-04-10,LITHIUM,PMET.TO,PMET Resources Inc,4,12,9.0,5.0,4,5.960000038146973,25.210078814366497,4,50.88607509364267,7,-5.396827655464421,14,54.00517349849889,12,75.29411385216112,16,167.26457341570855,14,70.77363959486331,17,56.84210823513467,16,7.581228866172474,2026-04-17,0.9515290847357544,25.210078814366497,36.82320100778902,-17.22221949954085,2026-04-17,2010-03-15,7.199999809265137,493.5,-17.22221949954085,-98.792299890953,2026-04-17,4.760000228881836,0.0,0.0,6,4.541549990177154,True,2026-04-17,4.309149988889694,False,2026-03-20,20.67472741989886,41.36356707110413,-10.240243614221235,3.679632221911233
2026-04-17,2026-04-10,LITHIUM,ABAT.O,American Battery Technology,5,16,16.0,11.0,4,3.400000095367432,19.29825295224954,5,17.241378743356538,23,-29.89690387169166,25,-29.89690387169166,21,44.0678070551092,21,190.59830940843565,11,70.00000476837161,18,230.09710580669628,4,-8.10810671486587,2026-04-17,0.9095763841354696,19.29825295224954,14.043101180541209,-69.99117283087071,2026-04-17,2016-02-24,11.329999923706056,61.125,-69.99117283087071,-94.4376276558406,2026-04-17,2.8499999046325684,0.0,0.0,6,3.6795500004291535,False,2026-04-17,3.5378500026464463,False,2026-03-20,14.762901557781904,7.718870720818003,-34.74031983044847,-12.009703359127112
2026-04-17,2026-04-10,LITHIUM,ELV.AX,Elevra Lithium,6,3,23.0,17.0,4,10.380000114440918,18.90035118812752,6,52.19941133685209,4,14.443224517022312,8,131.6964301394717,4,264.21054251856697,2,284.4444418934638,8,188.33334415047287,5,97.71428789411272,12,31.06060624305065,2026-04-17,0.9148982037548344,18.90035118812752,56.657257516390935,0.0,2026-04-17,2004-03-30,10.380000114440918,256.91192626953125,0.0,-95.95970484314884,2026-04-17,8.729999542236328,-1.947298184807012,0.0,6,5.697900012731552,True,2026-04-17,5.141250010728836,True,2026-03-20,14.36499979365988,42.67690331431355,9.599808558265496,27.15900959878941
2026-04-17,2026-04-10,LITHIUM,LAR.TO,Lithium Argentina AG,7,5,22.0,15.0,4,12.029999732971191,18.172881850060698,7,51.893934559158026,5,3.6175718235477374,13,112.920345662204,7,214.92146448177883,6,326.595745310446,5,177.18892419388155,6,153.79747497610782,7,46.707317229185264,2026-04-17,1.2713147567154206,18.172881850060698,28.149165585477228,-4.447977862030383,2026-04-17,2008-07-16,12.590000152587892,21.016979217529297,-4.447977862030383,-42.760567023173714,2026-04-17,10.18000030517578,-4.447977862030383,-4.447977862030383,6,7.093050006628037,True,2026-04-17,6.381650004386902,True,2026-03-20,13.637530455593062,42.371426536619495,-1.2258441352090754,42.805720584924025
2026-04-17,2026-04-10,LITHIUM,LAC.TO,Lithium Americas,8,19,20.0,12.0,4,6.630000114440918,17.761988981758737,8,29.74559571843168,12,-18.148150590112444,18,-30.43021720658677,22,45.39474117623807,20,78.2258081572609,20,31.28712602040789,22,48.32215717300197,18,1.2213728454423034,2026-04-17,0.8914518207327157,17.761988981758737,23.006568798792053,-53.01204623840359,2026-04-17,2023-10-04,14.109999656677246,16.010000228881836,-53.01204623840359,-58.588382138305775,2026-04-17,5.630000114440918,-0.7484987302782686,-0.7484987302782686,6,6.353200025558472,True,2026-04-17,6.153050019741058,False,2026-03-20,13.2266375872911,20.22308769589314,-22.99156654886925,-2.680223798818937
2026-04-17,2026-04-10,LITHIUM,LTBR.O,Lightbridge,9,18,12.0,3.0,4,12.720000267028809,17.235021380762138,9,23.017408890900736,17,-25.917296386090904,22,-46.30645850454048,26,-14.573539464470574,26,69.60000356038411,21,123.5500903183202,9,185.8427148815847,5,-9.851165297446697,2026-04-17,1.0880254849357576,17.235021380762138,13.960189212400572,-54.1125520125797,2026-04-17,2000-11-10,27.71999931335449,4050.0,-54.1125520125797,-99.68592591933262,2026-04-17,10.850000381469728,-1.3179637278546652,0.0,6,15.821750001907349,False,2026-04-17,16.08250000476837,False,2026-03-20,12.699669986294502,13.4949008683622,-30.76071234484772,-13.752761941707934
2026-04-17,2026-04-10,LITHIUM,ALB,Albermale,10,9,19.0,9.0,4,197.75,13.885049928069094,10,26.1965563823952,14,14.611109131121848,7,113.23054189680376,6,161.09058037694285,10,273.74787482573055,10,102.84132150288046,11,108.88349405806596,10,37.39318423051301,2026-04-17,1.2370576738146817,13.885049928069094,18.59352525299345,-8.28772633422764,2026-04-17,1994-02-22,215.6199951171875,325.3800048828125,-8.28772633422764,-39.22490717546678,2026-04-17,173.63999938964844,-8.28772633422764,-8.28772633422764,6,123.76714965820312,True,2026-04-17,112.39219970703124,True,2026-03-20,9.349698533601458,16.674048359856663,9.767693172365032,33.49158758625177
2026-04-17,2026-04-10,LITHIUM,IGO.AX,IGO Limited,11,13,21.0,10.0,4,9.25,13.496937827686615,11,35.82966340267777,11,3.815938927166673,12,73.87217484076373,11,91.51139018864582,14,158.37989377453115,15,73.87217484076373,15,69.10421123939223,15,12.667478161032486,2026-04-17,0.9329626076143592,13.496937827686615,29.88053715547847,-1.2806818252369956,2026-04-17,2002-01-17,9.369999885559082,16.393840789794922,-1.2806818252369956,-43.57637042712971,2026-04-17,8.149999618530273,0.0,0.0,6,6.562899992465973,True,2026-04-17,6.207849998474121,True,2026-03-20,8.961586433218983,26.307155380139232,-1.0274770315901405,8.765881516771245
2026-04-17,2026-04-10,LITHIUM,PLS.AX,Pilbara Minerals,12,4,11.0,-1.0,4,6.039999961853027,12.68656364552674,12,42.789596563075015,9,29.059832978609258,5,125.37312729105348,5,283.49204945966784,1,322.37763520272125,6,152.71965258324522,7,125.37312729105348,9,40.13921211232778,2026-04-17,0.8613217374698644,12.68656364552674,55.63598748288992,0.0,2026-04-17,2007-09-19,6.039999961853027,6.039999961853027,0.0,0.0,2026-04-17,5.360000133514404,-0.3731339632150443,0.0,6,3.484650012254715,True,2026-04-17,3.136275007128716,True,2026-03-20,8.151212251059103,33.26708854053648,24.216417019852443,36.237615468066544
2026-04-17,2026-04-10,LITHIUM,ATLX.O,Atlas Lithium,13,23,26.0,13.0,4,4.900000095367432,12.643682822823422,13,21.28713221868319,20,-10.420470140534466,16,-14.708438764562626,18,10.112366413260744,25,22.80701964049228,24,-28.98550684575749,25,-34.31635294489131,24,11.872145373057563,2026-04-17,1.5856573881920597,12.643682822823422,-0.3321760066875661,-34.22818495547364,2026-04-17,2013-02-28,7.449999809265136,412500.0,-34.22818495547364,-99.998812121189,2026-04-17,4.349999904632568,-3.1914813748412985,-1.0100952691779574,6,4.98010000705719,False,2026-04-17,4.957350009679795,False,2026-03-20,8.108331428355786,11.764624196144656,-15.26388609929128,7.970548728796323
2026-04-17,2026-04-10,LITHIUM,LTR.AX,Liontown Resources,14,8,1.0,-13.0,4,2.200000047683716,12.531969278272848,14,51.20274795838735,6,5.263164499129891,11,100.91324111433572,9,161.9047757584496,9,311.2149420258515,7,246.4567056258901,3,165.0602520386046,6,35.8024716795154,2026-04-17,0.8613130155973648,12.531969278272848,41.56872696831242,-0.4524882484455372,2026-04-17,2006-12-27,2.2100000381469727,3.150000095367432,-0.4524882484455372,-30.15873075943204,2026-04-17,1.955000042915344,-4.092073716583967,0.0,6,1.345750004351139,True,2026-04-17,1.2441750037670136,True,2026-03-20,7.996617883805212,41.68023993584882,0.4197485403730772,31.90087503525416
2026-04-17,2026-04-10,LITHIUM,LI.V,American Lithium,15,24,17.0,2.0,4,0.6399999856948853,12.280700653653833,15,18.51851115992069,22,-26.43678365665312,23,-20.00000298023219,20,59.99999403953564,18,82.85714188400578,19,8.474578668385702,23,-46.21849118312109,26,-7.246378564303779,2026-04-17,0.6043457710054841,12.280700653653833,12.817670068159993,-45.29914451538926,2026-04-17,1985-02-11,1.1699999570846558,1050.0,-45.29914451538926,-99.93904762041,2026-04-17,0.5699999928474426,-3.3333399560714017,0.0,6,0.6278499998152256,True,2026-04-17,0.6067749996483326,False,2026-03-20,7.745349259186196,8.996003137382157,-31.28019961540993,-11.147975208565018
2026-04-17,2026-04-10,LITHIUM,SLI,Standard Lithium,16,17,18.0,2.0,4,3.819999933242797,11.69590198905226,16,13.01774567764058,25,-21.72131467909936,19,-11.162796190714465,17,46.3601565816365,19,189.3939228370943,12,127.38095550647944,8,90.99999666213986,13,-20.08368691272594,2026-04-17,0.8438981670629427,11.69590198905226,12.061897590227735,-32.38938285372941,2026-04-17,2017-06-20,5.650000095367432,12.369999885559082,-32.38938285372941,-69.11883614726366,2026-04-17,3.4200000762939453,-2.551024007777314,-2.551024007777314,6,3.8160000002384185,True,2026-04-17,3.6547499972581865,False,2026-03-20,7.160550594584625,3.495237655102045,-26.56473063785617,-23.98528355698718
2026-04-17,2026-04-10,LITHIUM,GLN.AX,Galan Lithium,17,2,2.0,-15.0,4,0.4749999940395355,10.465113055454657,17,43.93938641355528,8,35.71428632249638,2,216.6666501098217,2,239.28570858373948,4,352.3809608283231,3,239.28570858373948,4,265.3846242018709,2,41.791039464946046,2026-04-17,1.3409842430832346,10.465113055454657,14.47554515611965,0.0,2026-04-17,2011-06-08,0.4749999940395355,2.1742498874664307,0.0,-78.15338536854958,2026-04-17,0.4300000071525573,-3.488375638999897,0.0,6,0.2462250002846121,True,2026-04-17,0.2197550004720687,True,2026-03-20,5.92976166098702,34.41687839101675,30.870870363739563,37.889442820684806
2026-04-17,2026-04-10,LITHIUM,MIN.AX,Mineral Resources,18,15,7.0,-11.0,4,63.540000915527344,9.589516069659076,18,22.92513562322924,18,5.900001525878906,10,52.11874603587021,13,128.97297627217063,11,273.7647112678079,9,71.49798171107449,16,34.47619241381447,21,14.61039410076046,2026-04-17,1.1029002597476825,9.589516069659076,21.10890589900255,-0.6877127693921237,2026-04-17,2006-07-28,63.97999954223633,96.27999877929688,-0.6877127693921237,-34.00498367144726,2026-04-17,57.97999954223633,-0.7243845675427463,0.0,6,46.64115005493164,True,2026-04-17,43.584550046920775,True,2026-03-20,5.0541646751914415,13.402627600690709,1.0565855671220925,10.70879745649922
2026-04-17,2026-04-10,LITHIUM,DLI.AX,Delta Lithium,19,20,10.0,-9.0,4,0.2450000047683715,8.888893892735727,19,19.51219849044692,21,-9.259261098908734,15,36.111108351636936,15,63.33333002196435,17,58.06451798973911,22,36.111108351636936,21,0.0,22,8.888893892735727,2026-04-17,0.663461615863466,8.888893892735727,21.50439440027142,-24.615380383102003,2026-04-17,2017-11-03,0.324999988079071,0.9354239702224731,-24.615380383102003,-73.8086672388668,2026-04-17,0.2249999940395355,-8.88888726999727,0.0,6,0.1996750002354383,True,2026-04-17,0.1960500004142522,True,2026-03-20,4.353542498268092,9.989690467908384,-14.102677057665549,4.987297248474486
2026-04-17,2026-04-10,LITHIUM,SQM,Sociedad Quimica y Minera ADR,20,11,15.0,-5.0,4,88.80000305175781,8.134437508227933,20,24.789205286453942,15,10.792266202373035,9,103.29670886297046,8,127.98459900480968,12,154.29555471949735,16,121.11554628773251,10,130.0518304716844,8,27.348341856817072,2026-04-17,1.348966203611762,8.134437508227933,24.6656575538687,-6.830337502457495,2026-04-17,1993-09-21,95.30999755859376,113.5199966430664,-6.830337502457495,-21.77589351859661,2026-04-17,82.12000274658203,-6.830337502457495,-6.830337502457495,6,59.10555009841919,True,2026-04-17,54.429150085449216,True,2026-03-20,3.599086113760298,15.266697263915407,5.948850243616222,23.446745212555832
2026-04-17,2026-04-10,LITHIUM,LIT,Global X Lithium & Battery Tech ETF,21,14,6.0,-15.0,4,83.2300033569336,6.842107479656501,21,24.26097220898069,16,18.900004795619417,6,46.42857694141682,14,100.9415911064317,13,137.3930407781982,17,96.85431825908324,14,99.30557160491244,11,25.592285457949625,2026-04-17,1.7157100343043536,6.842107479656501,46.784379085524144,0.0,2026-04-17,2010-07-23,83.2300033569336,96.30999755859376,0.0,-13.581138545562176,2026-04-17,77.9000015258789,-1.1297375886188732,0.0,6,60.73559986114502,True,2026-04-17,57.13039989471436,True,2026-03-20,2.3067560851888658,14.738464186442156,14.056588836862602,21.690688813688386
2026-04-17,2026-04-10,LITHIUM,INR.AX,Ioneer Ltd,22,26,24.0,2.0,4,0.135000005364418,3.8461617816837768,22,22.72727826902696,19,-39.99999602635691,26,-41.30434655850238,25,12.500006984919532,24,-3.571425150243601,26,-20.588232973867648,24,-44.89795806655186,25,-32.499998323619394,2026-04-17,0.4166311354982742,3.8461617816837768,32.74844317500623,-50.0,2026-04-17,2007-12-19,0.270000010728836,0.8500000238418579,-50.0,-84.11764687320354,2026-04-17,0.1299999952316284,0.0,0.0,6,0.155150000527501,False,2026-04-17,0.1529300004988908,False,2026-03-20,-0.6891896127838582,13.204770246488426,-44.843411985113725,-36.40159496788064
2026-04-17,2026-04-10,LITHIUM,1772.HK,Ganfeng Lithium,23,6,13.0,-10.0,4,81.8499984741211,3.5420560585304406,23,40.154103314279446,10,34.29039778435878,4,88.59445989953458,10,224.80157141302288,5,347.2677698716031,4,286.0848845685245,2,321.4726990348247,1,51.29390163157641,2026-04-17,0.824803647737639,3.5420560585304406,51.469101505367,-2.7332180749283563,2026-04-17,2018-10-11,84.1500015258789,128.0000457763672,-2.7332180749283563,-36.0547115607101,2026-04-17,79.05000305175781,-4.966694066558652,-2.7332180749283563,6,48.4835000705719,True,2026-04-17,43.92915000915527,True,2026-03-20,-0.9932953359371944,30.63159529174091,29.446981825601966,47.39230498731517
2026-04-17,2026-04-10,LITHIUM,EMH.AX,European Metals Holdings,24,22,5.0,-19.0,4,0.2899999916553497,-3.3333399560713795,24,7.407400048809576,26,-22.66666889190675,21,15.999996662139871,16,81.24999883584671,15,34.88371480536383,23,100.00000000000004,12,48.71794989358278,17,-19.444449963392817,2026-04-17,0.1314031437032423,-3.3333399560713795,-5.372867704762299,-34.090910630285265,2026-04-17,2012-07-19,0.4399999976158142,2.150000095367432,-34.090910630285265,-86.51162889340296,2026-04-17,0.3000000119209289,-6.666669978035678,-3.3333399560713795,6,0.2582375005632639,True,2026-04-17,0.251012500450015,True,2026-03-20,-7.868691350539015,-2.115107973728959,-27.510084850663564,-23.346046607654056
2026-04-17,2026-04-10,LITHIUM,VULG.DE,Vulcan Energy Resources,25,25,4.0,-21.0,4,2.115999937057495,-5.112111257440954,25,15.8182764999083,24,-13.843653916029874,17,-32.01659120058778,23,24.213315866781148,22,5.024178828067916,25,-30.56059401278712,26,-15.020734118691536,23,-17.4726978634849,2026-04-17,0.7860229239248472,-5.112111257440954,13.356380053800711,-37.64834968277763,2026-04-17,2022-02-15,3.3936550617218018,6.09117603302002,-37.64834968277763,-65.2612249984774,2026-04-17,2.2300000190734863,-5.829601494574432,-5.112111257440954,6,2.318456956744194,False,2026-04-17,2.2962285071611404,False,2026-03-20,-9.64746265190859,6.295768477369766,-18.687069874786687,-21.37429450774614
2026-04-17,2026-04-10,LITHIUM,AVL.TO,Avalon Advanced Materials,26,20,25.0,-1.0,4,12.59999942779541,-6.666670905219185,26,27.272726396993274,13,-22.2222294172956,20,-17.647063590067646,19,16.666669610106098,23,133.33333922021225,18,100.0,13,39.99999364217122,20,27.272726396993274,2026-04-17,1.3420808441315544,-6.666670905219185,-3.599767663819522,-48.14815294486373,2026-04-17,1984-05-31,24.30000114440918,7740.0,-48.14815294486373,-99.83720930971842,2026-04-17,13.5,-13.33334181043837,-6.666670905219185,6,10.624499685764311,True,2026-04-17,9.93824970960617,False,2026-03-20,-11.20202229968682,17.75021837445474,-27.065645376052416,23.371129752732035
2026-04-24,2026-04-17,LITHIUM,ELV.AX,Elevra Lithium,1,2,6.0,5.0,4,12.039999961853027,15.992291224570176,1,50.49999952316284,3,31.441049808036592,2,196.5517273778642,3,234.44445224455865,1,322.4561531487232,6,248.98550131721083,4,150.833322571384,7,52.02020007412651,2026-04-24,1.0537319261249989,15.992291224570176,55.32374769447327,0.0,2026-04-24,2004-03-30,12.039999961853027,256.91192626953125,0.0,-95.31356907533298,2026-04-24,10.380000114440918,-1.5165862039758338,0.0,6,5.906500015258789,True,2026-04-24,5.267500010728836,True,2026-03-27,15.44472329488098,37.99805697058552,28.349783788638483,47.54967160820629
2026-04-24,2026-04-17,LITHIUM,LAR.TO,Lithium Argentina AG,2,3,7.0,5.0,4,12.6899995803833,5.486283142660575,2,46.19814670762632,4,16.208786554240252,6,102.71564083712494,5,205.0480780252339,3,327.2727090282694,4,224.5524118111952,6,151.78570786571282,6,54.75609604337963,2026-04-24,0.9009647275075048,5.486283142660575,22.938180290983446,0.0,2026-04-24,2008-07-16,12.6899995803833,21.016979217529297,0.0,-39.6202496608116,2026-04-24,12.029999732971191,-3.137573079224776,0.0,6,7.325300004482269,True,2026-04-24,6.547700006961822,True,2026-03-27,4.9387152129713785,33.696204155049,13.117520534842145,50.28556757745941
2026-04-24,2026-04-17,LITHIUM,VULG.DE,Vulcan Energy Resources,3,22,25.0,22.0,4,2.2100000381469727,4.442348954896191,3,12.239718561939997,16,-14.80339429367119,13,-25.4704044463945,21,7.809346093093872,22,0.5837482811783756,24,-18.022053554893603,24,-9.975161474694572,23,-13.806547119519408,2026-04-24,1.818751088004603,4.442348954896191,28.466607015183826,-34.878471796549974,2026-04-24,2022-02-15,3.3936550617218018,6.09117603302002,-34.878471796549974,-63.71800739025352,2026-04-24,2.115999937057495,-3.852881952527143,-3.2399248835308536,6,2.3295755475759505,False,2026-04-24,2.294584422111511,False,2026-03-27,3.8947810252069934,-0.2622239906373327,-17.8946603130693,-18.27707558543963
2026-04-24,2026-04-17,LITHIUM,GLN.AX,Galan Lithium,4,1,17.0,13.0,4,0.4950000047683715,4.210528627326959,4,43.47826274746831,5,20.73170953318877,3,219.354839329913,2,209.37500989530253,2,350.0000067732553,3,330.43477894678483,1,219.354839329913,3,47.76119177260208,2026-04-24,0.8790776575661611,4.210528627326959,29.79209241526864,0.0,2026-04-24,2011-06-08,0.4950000047683715,2.1742498874664307,0.0,-77.23352740539056,2026-04-24,0.4749999940395355,-3.092786609233178,0.0,6,0.255250000283122,True,2026-04-24,0.2256950004026293,True,2026-03-27,3.662960697637762,30.97632019489098,17.64044351379066,43.29066330668186
2026-04-24,2026-04-17,LITHIUM,EMH.AX,European Metals Holdings,5,14,24.0,19.0,4,0.3000000119209289,3.4482829494228984,5,22.448982074329194,10,-24.050631956342848,18,13.207557779396218,16,76.47059339140523,14,33.33334216365132,23,114.28572188834757,12,62.16216651604416,16,-16.666666666666675,2026-04-24,0.4837216306699008,3.4482829494228984,12.599911286605147,-31.818178739429506,2026-04-24,2012-07-19,0.4399999976158142,2.150000095367432,-31.818178739429506,-86.04651169237928,2026-04-24,0.2899999916553497,-1.639342660450327,-1.639342660450327,6,0.2615125007927418,True,2026-04-24,0.2521875004470348,False,2026-03-27,2.9007150197337017,9.947039521751869,-27.14189797574096,-21.137195132586896
2026-04-24,2026-04-17,LITHIUM,LTR.AX,Liontown Resources,6,4,14.0,8.0,4,2.240000009536743,1.818180044820528,6,26.912182872049662,7,4.1860423338227815,10,83.60655385299071,7,133.33333954215067,9,296.4601803520514,7,234.32835130442984,5,168.2634810898014,5,38.27160511996539,2026-04-24,0.7132409036021846,1.818180044820528,33.76255691043391,-3.448272672759678,2026-04-24,2006-12-27,2.3199999332427974,3.150000095367432,-3.448272672759678,-28.88889073905065,2026-04-24,2.200000047683716,-5.172409009139534,-3.448272672759678,6,1.383875004351139,True,2026-04-24,1.2682250040769576,True,2026-03-27,1.270612115131331,14.410240319472337,1.0947763144246725,33.801076654045175
2026-04-24,2026-04-17,LITHIUM,LIT,Global X Lithium & Battery Tech ETF,7,10,21.0,14.0,4,83.79000091552734,0.6728313540877773,7,16.520646152710118,13,12.49999615866968,8,37.29313877022607,13,88.37680255811131,12,128.12415453252615,15,101.95227169396364,14,95.4057808497398,12,26.43730973282612,2026-04-24,1.233132603890852,0.6728313540877773,36.45905349436816,-1.1560643698801163,2026-04-24,2010-07-23,84.7699966430664,96.30999755859376,-1.1560643698801163,-12.999685349851053,2026-04-24,83.2300033569336,-3.0907104175304845,-1.1560643698801163,6,61.83724985122681,True,2026-04-24,57.97059988021851,True,2026-03-27,0.1252634243985806,4.01870360013279,9.40873013927157,21.966781266905897
2026-04-24,2026-04-17,LITHIUM,1772.HK,Ganfeng Lithium,8,5,23.0,15.0,4,82.05000305175781,0.2443550169398678,8,10.430685978035982,19,18.14255818168835,4,75.47050042124017,10,166.39612040324323,8,326.8990946047934,5,301.2224938419223,2,300.2439173256478,1,51.66359587053724,2026-04-24,0.7943098432263597,0.2443550169398678,36.38909313608176,-2.4955418134784857,2026-04-24,2018-10-11,84.1500015258789,128.0000457763672,-2.4955418134784857,-35.89845804031204,2026-04-24,81.8499984741211,-8.185701983074022,0.0,6,49.892750110626224,True,2026-04-24,45.08500003814697,True,2026-03-27,-0.3032129127493288,-2.071256574541346,15.051292162290242,47.19306740461702
2026-04-24,2026-04-17,LITHIUM,INR.AX,Ioneer Ltd,9,25,22.0,13.0,4,0.135000005364418,0.0,9,8.000004291534403,21,-37.20930087495458,26,-28.947364706081668,22,3.8461617816837768,23,0.0,25,-24.99999999999998,25,-51.78571257512181,26,-32.499998323619394,2026-04-24,0.4475000130562694,0.0,41.31709292254885,-50.0,2026-04-24,2007-12-19,0.270000010728836,0.8500000238418579,-50.0,-84.11764687320354,2026-04-24,0.135000005364418,-9.999999999999964,-9.999999999999964,6,0.1562500005215406,False,2026-04-24,0.1529050004854798,False,2026-03-27,-0.5475679296891967,-4.501938261042925,-40.30056689435269,-36.97052678953961
2026-04-24,2026-04-17,LITHIUM,SQM,Sociedad Quimica y Minera ADR,10,9,20.0,10.0,4,88.79000091552734,-0.0112636665391074,10,7.363971211627263,22,5.689797235745364,9,94.92865511024138,6,114.41681053538142,11,147.73995685688104,12,126.44734248588288,10,119.88607866986293,8,27.33399776424723,2026-04-24,0.7623363487595074,-0.0112636665391074,9.212798468140734,-6.840831822556826,2026-04-24,1993-09-21,95.30999755859376,113.5199966430664,-6.840831822556826,-21.78470442110389,2026-04-24,88.80000305175781,-3.772529266201785,-0.0112636665391074,6,60.35500005722046,True,2026-04-24,55.56345010757446,True,2026-03-27,-0.5588315962283041,-5.137971340950065,2.598531216347255,22.863469298327008
2026-04-24,2026-04-17,LITHIUM,SGML.O,Sigma Lithium,11,7,2.0,-9.0,4,19.690000534057617,-0.1521236325629948,11,88.24092220123714,1,47.9338836461483,1,227.0764218678155,1,172.71469676226897,5,138.37772383116595,13,76.98876884546173,15,34.77071181900162,19,38.56439466009498,2026-04-24,0.8957398132372011,-0.1521236325629948,55.310053523861534,-9.220838869319536,2026-04-24,2018-07-03,21.690000534057617,42.400001525878906,-9.220838869319536,-53.56132116636884,2026-04-24,19.71999931335449,-9.220838869319536,-9.220838869319536,6,9.91052500963211,True,2026-04-24,8.77342500448227,True,2026-03-27,-0.6996915622521915,75.73897964865981,44.8426176267502,34.093866194174765
2026-04-24,2026-04-17,LITHIUM,LTBR.O,Lightbridge,12,18,9.0,-3.0,4,12.609999656677246,-0.8647846544209026,12,17.850466181861414,11,-21.0888609643068,16,-50.2171350388529,26,-15.65217513339161,26,42.48586568516161,21,57.036115516923005,18,112.64755517219167,10,-10.630758586093648,2026-04-24,1.0951466088889623,-0.8647846544209026,1.67119431775815,-54.50937962108027,2026-04-24,2000-11-10,27.71999931335449,4050.0,-54.50937962108027,-99.68864198378574,2026-04-24,12.720000267028809,-7.686677909691076,-7.686677909691076,6,15.83335000038147,False,2026-04-24,15.97960000514984,False,2026-03-27,-1.4123525841100992,5.348523629284086,-24.18012698370491,-15.101287052013866
2026-04-24,2026-04-17,LITHIUM,SLI,Standard Lithium,13,16,16.0,3.0,4,3.759999990463257,-1.5706791578031898,13,6.8181821260570485,23,-28.5171135579484,23,-10.900469729822015,18,40.82396565629578,16,134.99999590218073,14,132.0987641602423,9,70.9090867712479,14,-21.33891578607251,2026-04-24,0.7748473980059629,-1.5706791578031898,16.21617482623377,-33.451328725707995,2026-04-24,2017-06-20,5.650000095367432,12.369999885559082,-33.451328725707995,-69.60388015158566,2026-04-24,3.819999933242797,-7.3298423110724436,-3.092786609233189,6,3.852300000190735,False,2026-04-24,3.7016499972343446,False,2026-03-27,-2.1182470874923864,-5.683760426520279,-31.60837957734651,-25.80944425199273
2026-04-24,2026-04-17,LITHIUM,ABAT.O,American Battery Technology,14,13,5.0,-9.0,4,3.2799999713897705,-3.5294153121102623,14,23.30826562230968,9,-24.77064516174896,19,-45.15050232561774,25,-2.670620689186776,24,173.33332008785726,11,132.6241169529395,8,224.7524754812456,2,-11.351353267059416,2026-04-24,1.0306536465563378,-3.5294153121102623,22.77779983283088,-71.05030897196265,2026-04-24,2016-02-24,11.329999923706056,61.125,-71.05030897196265,-94.63394687707196,2026-04-24,3.400000095367432,-8.63509610560177,-8.63509610560177,6,3.7175749999284746,False,2026-04-24,3.5717000019550325,False,2026-03-27,-4.076983241799459,10.806323069732349,-27.861911181147068,-15.821881732979636
2026-04-24,2026-04-17,LITHIUM,LAC.TO,Lithium Americas,15,21,8.0,-7.0,4,6.349999904632568,-4.223230844272175,15,16.72793819559386,12,-22.560974971514792,17,-32.44680678374946,24,44.97716298446055,15,55.637255474862,20,40.48672414664347,20,33.96624918263669,20,-3.053439393562163,2026-04-24,0.9534654898183628,-4.223230844272175,11.285383316887726,-54.996455994755664,2026-04-24,2023-10-04,14.109999656677246,16.010000228881836,-54.996455994755664,-60.33729035695296,2026-04-24,6.630000114440918,-6.891499343090413,-6.891499343090413,6,6.426100025177002,False,2026-04-24,6.197000020742417,False,2026-03-27,-4.770798773961372,4.2259956430165335,-25.6522409909129,-7.523967859482383
2026-04-24,2026-04-17,LITHIUM,PLS.AX,Pilbara Minerals,16,8,12.0,-4.0,4,5.769999980926514,-4.470198387943025,16,12.03883250636808,17,16.33064388205434,5,78.63776925244778,8,204.4854901848291,4,288.55218352482683,8,149.78355514518657,7,119.39162470922908,9,33.87471131160644,2026-04-24,0.7796630821416107,-4.470198387943025,33.76235914267159,-4.470198387943025,2026-04-24,2007-09-19,6.039999961853027,6.039999961853027,-4.470198387943025,-4.470198387943025,2026-04-24,6.039999961853027,-5.96026714880904,-4.470198387943025,6,3.593775010704994,True,2026-04-24,3.2216250079870226,True,2026-03-27,-5.017766317632222,-0.4631100462092465,13.23937786265623,29.40418284568622
2026-04-24,2026-04-17,LITHIUM,ALB,Albermale,17,11,10.0,-7.0,4,188.3300018310547,-4.763589465964757,17,4.948456413389479,24,-0.7483521311964725,11,78.27527728053826,9,123.72297594239292,10,223.75796417266645,10,112.17890637497096,13,97.92958361627842,11,30.848336979554738,2026-04-24,0.7118783674986477,-4.763589465964757,-2.622605104848687,-12.65652254156715,2026-04-24,1994-02-22,215.6199951171875,325.3800048828125,-12.65652254156715,-42.11998309518656,2026-04-24,197.75,-5.085171066930183,-5.085171066930183,6,126.9032996749878,True,2026-04-24,115.26864967346192,True,2026-03-27,-5.311157395653954,-7.553486139187848,-3.839618150594581,26.37780851363452
2026-04-24,2026-04-17,LITHIUM,DLI.AX,Delta Lithium,18,18,19.0,1.0,4,0.2300000041723251,-6.122449103716443,18,15.00000037252902,14,-20.689651451552983,15,43.750005820766205,11,35.29411867828107,17,35.29411867828107,22,35.29411867828107,21,0.0,22,2.222226784553172,2026-04-24,0.6396928315793899,-6.122449103716443,6.254365493026393,-29.230765351176824,2026-04-24,2017-11-03,0.324999988079071,0.9354239702224731,-29.230765351176824,-75.41221825675218,2026-04-24,0.2450000047683715,-8.163269526359585,-6.122449103716443,6,0.2013750001788139,True,2026-04-24,0.1967000002413988,True,2026-03-27,-6.67001703340564,2.4980578199516934,-23.78091747095109,-2.2483016813670487
2026-04-24,2026-04-17,LITHIUM,MIN.AX,Mineral Resources,19,15,18.0,-1.0,4,59.369998931884766,-6.56279811702607,19,4.72746581424881,25,-7.20537768573799,12,32.10948096602672,14,84.95327649236076,13,225.67197160006992,9,67.61717109273529,16,65.32998937387444,15,7.088745314799594,2026-04-24,0.5942960583329291,-6.56279811702607,13.062415537878111,-7.20537768573799,2026-04-24,2006-07-28,63.97999954223633,96.27999877929688,-7.20537768573799,-38.33610336038858,2026-04-24,63.540000915527344,-6.56279811702607,-6.56279811702607,6,47.56150004386902,True,2026-04-24,44.33840003013611,True,2026-03-27,-7.110366046715266,-7.774476738328517,-10.296643705136098,2.6182168488793733
2026-04-24,2026-04-17,LITHIUM,AVL.TO,Avalon Advanced Materials,20,17,26.0,6.0,4,11.69999885559082,-7.14286200854265,20,8.333330389893856,20,-18.75000579489616,14,-7.14286200854265,17,29.999987284342456,20,116.66666077978776,16,116.66666077978776,11,18.181811175945995,21,18.181811175945995,2026-04-24,0.1919066536476154,-7.14286200854265,-6.209479156418859,-51.8518588288927,2026-04-24,1984-05-31,24.30000114440918,7740.0,-51.8518588288927,-99.84883722408796,2026-04-24,12.59999942779541,-7.14286200854265,-7.14286200854265,6,10.772999670505524,True,2026-04-24,10.111499688625337,True,2026-03-27,-7.690429938231847,-4.168612162683472,-21.84127181429427,13.711282710025774
2026-04-24,2026-04-17,LITHIUM,CRML.O,Critical Metals,21,11,1.0,-20.0,4,11.510000228881836,-8.359873850759847,21,63.494322318891626,2,-37.10382126370712,25,-23.41982412925504,20,172.10402309650385,6,585.1190826333986,1,61.88466965882537,17,76.53374635817447,13,41.7487732894142,2026-04-24,1.50348432190427,-8.359873850759847,33.23667243536961,-61.594926617989486,2026-04-24,2022-02-07,29.96999931335449,29.96999931335449,-61.594926617989486,-61.594926617989486,2026-04-24,12.5600004196167,-17.67516077118535,-8.359873850759847,6,9.363575006723403,True,2026-04-24,8.737424994707107,False,2026-03-27,-8.907441780449044,50.9923797663143,-40.19508728310522,37.27824482349398
2026-04-24,2026-04-17,LITHIUM,LI.V,American Lithium,22,24,15.0,-7.0,4,0.5799999833106994,-9.375000582076645,22,13.725489050275907,15,-29.26829410124084,24,-30.12048253336119,23,34.88371480536381,18,65.71428376801154,19,5.454540134461561,23,-49.12280784309297,25,-15.942031113797462,2026-04-24,0.568947887544492,-9.375000582076645,28.444549438162493,-50.427350035472415,2026-04-24,1985-02-11,1.1699999570846558,1050.0,-50.427350035472415,-99.94476190635136,2026-04-24,0.6399999856948853,-12.121218141883084,-12.121218141883084,6,0.6342999997735024,False,2026-04-24,0.6114000000059605,False,2026-03-27,-9.92256851176584,1.22354649769858,-32.359560120638946,-20.412559579717684
2026-04-24,2026-04-17,LITHIUM,ATLX.O,Atlas Lithium,23,26,13.0,-10.0,4,4.440000057220459,-9.387755697839006,23,10.72318712706224,18,-26.611571615815865,21,-23.0502587192815,19,-13.111547138711176,25,-0.2247135387254961,26,-31.375576488404487,26,-46.69867829668499,24,1.3698616715036138,2026-04-24,1.1402534198657277,-9.387755697839006,-6.154281063948259,-40.40268226988829,2026-04-24,2013-02-28,7.449999809265136,412500.0,-40.40268226988829,-99.99892363634976,2026-04-24,4.900000095367432,-12.25296230376054,-12.25296230376054,6,4.999450010061264,False,2026-04-24,4.940950011014938,False,2026-03-27,-9.935323627528202,-1.7787554255150884,-29.70283763521397,-3.100666794416606
2026-04-24,2026-04-17,LITHIUM,PMET.TO,PMET Resources Inc,24,18,4.0,-20.0,4,5.170000076293944,-13.255032832158298,24,23.38902161551741,8,-27.285513653872982,22,39.35310035404191,12,15.659962392800963,21,109.31174155503544,17,52.95857695996287,19,50.29069739235226,17,-6.678698341278055,2026-04-24,0.881640126353809,-13.255032832158298,27.8754119460745,-28.194441482608635,2026-04-24,2010-03-15,7.199999809265137,493.5,-28.194441482608635,-98.9523809369212,2026-04-24,5.960000038146973,-13.75839205390884,-13.255032832158298,6,4.609999989271164,True,2026-04-24,4.357649990320206,False,2026-03-27,-13.802600761847494,10.887079062940089,-30.37677967327109,-11.149226807198277
2026-04-24,2026-04-17,LITHIUM,CXO.AX,Core Lithium,25,6,3.0,-22.0,4,0.324999988079071,-14.4736862743991,25,38.29786761846408,6,16.071423819782794,7,170.83332945282268,4,170.83332945282268,7,351.3888917633418,2,253.26085592107765,3,195.45453621828847,4,18.18181128541316,2026-04-24,1.4495647885051794,-14.4736862743991,13.564592403330543,-14.4736862743991,2026-04-24,2011-02-11,0.3799999952316284,1.8650000095367432,-14.4736862743991,-82.57372726985672,2026-04-24,0.3799999952316284,-14.4736862743991,-14.4736862743991,6,0.1901899991929531,True,2026-04-24,0.1710049993172288,True,2026-03-27,-15.021254204088295,25.79592506588675,12.980157800384683,13.71128281949294
2026-04-24,2026-04-17,LITHIUM,IGO.AX,IGO Limited,26,23,11.0,-15.0,4,7.010000228881836,-24.216213741817995,26,-11.601508441010044,26,-25.18676291890297,20,20.44673577528025,15,30.783583101994672,19,92.58241832018788,18,33.523813883463546,22,36.647174902564416,18,-14.616319167959237,2026-04-24,1.6556162842275608,-24.216213741817995,-13.265533383853228,-25.18676291890297,2026-04-24,2002-01-17,9.369999885559082,16.393840789794922,-25.18676291890297,-57.240037165387605,2026-04-24,9.25,-24.216213741817995,-24.216213741817995,6,6.665599992275238,True,2026-04-24,6.289499998092651,True,2026-03-27,-24.7637816715072,-24.103450993587373,-28.27802893830108,-19.08684763387945
2026-05-01,2026-04-24,LITHIUM,LAC.TO,Lithium Americas,1,15,15.0,14.0,4,7.739999771118163,21.88976200568975,1,37.47779065341594,6,19.444440560739885,11,7.949786454100605,20,119.88635832551586,13,92.5373086527796,19,85.61150190666251,18,30.08403393670198,21,18.167931995888843,2026-05-01,1.7420006222814544,21.88976200568975,19.772666227262288,-45.14528731788183,2026-05-01,2023-10-04,14.109999656677246,16.010000228881836,-45.14528731788183,-51.655217611082215,2026-05-01,6.349999904632568,-6.013990201963537,-0.7692361301217643,6,6.510800023078918,True,2026-05-01,6.2338000226020815,False,2026-04-02,20.98202561819189,28.126521311088304,15.80819947055836,12.749086528872168
2026-05-01,2026-04-24,LITHIUM,ATLX.O,Atlas Lithium,2,20,23.0,21.0,4,5.389999866485596,21.396391824820338,2,14.680852877063067,17,13.953485089866668,14,16.666666666666675,17,24.193540944269376,24,25.34882854422509,24,-8.952706131384735,25,-44.20289905149881,25,23.059354467016924,2026-05-01,3.118119969001888,21.396391824820338,23.22357402540815,-27.65100665127047,2026-05-01,2013-02-28,7.449999809265136,412500.0,-27.65100665127047,-99.9986933333657,2026-05-01,4.440000057220459,-3.556486795651448,0.0,6,5.023600008487701,True,2026-05-01,4.9454500091075895,False,2026-04-02,20.48865543732248,5.329583534735427,10.317243999685145,17.64050900000025
2026-05-01,2026-04-24,LITHIUM,PMET.TO,PMET Resources Inc,3,14,24.0,21.0,4,6.110000133514404,18.181819020286905,3,35.176994674720575,8,0.9917345601315296,17,61.64021639576829,11,64.69002885957262,18,163.36208229860185,14,113.63637614083504,14,76.08069403853932,14,10.288811833686772,2026-05-01,1.4483153760404823,18.181819020286905,47.63276457767938,-15.13888478647033,2026-05-01,2010-03-15,7.199999809265137,493.5,-15.13888478647033,-98.76190473485018,2026-05-01,5.170000076293944,-1.043477265731152,0.0,6,4.679299991130829,True,2026-05-01,4.395649989843369,False,2026-04-02,17.274082632789046,25.82572533239293,-2.644506530049995,4.869966366670097
2026-05-01,2026-04-24,LITHIUM,LTR.AX,Liontown Resources,4,2,6.0,2.0,4,2.640000104904175,17.857147038591137,4,53.04348222700088,2,48.31461501895093,5,125.64104288365856,6,230.0000081956385,7,428.00002098083496,2,312.5000256113713,3,225.92593791771543,3,62.96296895885772,2026-05-01,0.7562829529164965,17.857147038591137,47.10925984917297,0.0,2026-05-01,2006-12-27,2.640000104904175,3.150000095367432,0.0,-16.19047539754973,2026-05-01,2.240000009536743,-3.2921876513111736,0.0,6,1.4237500041723252,True,2026-05-01,1.289675004184246,True,2026-04-02,16.949410651093277,43.69221288467324,44.6783739287694,57.54412349184104
2026-05-01,2026-04-24,LITHIUM,MIN.AX,Mineral Resources,5,11,19.0,14.0,4,66.69999694824219,12.346299727522547,5,22.40777187312972,9,18.43039295039605,12,41.55347720754763,14,123.37573873029096,12,221.6007602908772,10,101.63238590158082,16,64.24524980489717,17,20.310242785808,2026-05-01,0.9146981558222708,12.346299727522547,43.83217283896275,0.0,2026-05-01,2006-07-28,66.69999694824219,96.27999877929688,0.0,-30.72289385759245,2026-05-01,59.369998931884766,-0.6063678909015824,0.0,6,48.43410001754761,True,2026-05-01,44.98510002136231,True,2026-04-02,11.438563340024688,13.05650253080208,14.794151860214534,14.891397318791322
2026-05-01,2026-04-24,LITHIUM,ELV.AX,Elevra Lithium,6,2,1.0,-5.0,4,13.520000457763672,12.292362961792437,6,51.73962614253611,3,108.64198175877117,1,207.27273101649,3,309.6969894885582,2,374.38599684819,5,291.88406582315326,5,165.09805314864465,7,70.70707484248118,2026-05-01,1.5564943167384606,12.292362961792437,45.21540673743794,-1.241775952011159,2026-05-01,2004-03-30,13.6899995803833,256.91192626953125,-1.241775952011159,-94.73749597611923,2026-05-01,12.039999961853027,-1.241775952011159,-1.241775952011159,6,6.172850017547607,True,2026-05-01,5.391550010442733,True,2026-04-02,11.384626574294575,42.38835680020847,105.00574066858962,65.2882293754645
2026-05-01,2026-04-24,LITHIUM,SGML.O,Sigma Lithium,7,5,11.0,4.0,4,21.96999931335449,11.579475456860331,7,51.412811625072806,4,103.52014041760953,2,310.2707606928394,1,332.48030793918844,1,169.57055633968778,13,113.71595217935456,13,59.54973553372376,18,54.60942473170776,2026-05-01,0.6253202466728729,11.579475456860331,33.44669677797892,-0.453105495480266,2026-05-01,2018-07-03,22.06999969482421,42.400001525878906,-0.453105495480266,-48.18396574833832,2026-05-01,19.690000534057617,-0.4828511759620069,-0.453105495480266,6,10.298825006484986,True,2026-05-01,8.92217500448227,True,2026-04-02,10.671739069362474,42.061542282745165,99.88389932742798,49.19057926469108
2026-05-01,2026-04-24,LITHIUM,LAR.TO,Lithium Argentina AG,8,4,2.0,-6.0,4,14.029999732971191,10.559497217472844,8,35.81800422644823,7,51.02260269732768,3,147.00704501737474,5,285.4395419953027,4,395.7597212440226,4,292.997198748603,4,177.27272513098652,6,71.0975616989499,2026-05-01,0.9590654477258552,10.559497217472844,23.26656486205057,0.0,2026-05-01,2008-07-16,14.029999732971191,21.016979217529297,0.0,-33.244451603827955,2026-05-01,12.6899995803833,-3.1594369018995816,0.0,6,7.579850000143051,True,2026-05-01,6.686500005722046,True,2026-04-02,9.651760829974986,26.46673488412059,47.38636160714616,65.67871623193322
2026-05-01,2026-04-24,LITHIUM,GLN.AX,Galan Lithium,9,1,4.0,-5.0,4,0.5450000166893005,10.101012411974786,9,39.743599148662256,5,49.31506916424821,4,263.3333300219645,2,303.7037000244049,3,419.0476511476273,3,354.1666907258341,1,220.58824173925663,4,62.68656809363446,2026-05-01,1.461300431957995,10.101012411974786,35.16319155110648,0.0,2026-05-01,2011-06-08,0.5450000166893005,2.1742498874664307,0.0,-74.93388318284022,2026-05-01,0.4950000047683715,-2.77778605620036,0.0,6,0.2651750002801418,True,2026-05-01,0.2313450004905462,True,2026-04-02,9.193276024476926,30.39232980633461,45.678828074066686,57.26772262661779
2026-05-01,2026-04-24,LITHIUM,IGO.AX,IGO Limited,10,18,26.0,16.0,4,7.679999828338623,9.557768581751658,10,-6.455544547451342,25,-8.896802487381638,21,47.12643940655512,12,67.68558856490334,17,98.44961383581868,18,60.66944542344584,20,44.63276668734757,19,-6.455544547451342,2026-05-01,1.3653788733091836,9.557768581751658,5.666330337344111,-18.03628685017451,2026-05-01,2002-01-17,9.369999885559082,16.393840789794922,-18.03628685017451,-53.15313887201234,2026-05-01,7.010000228881836,-1.84941004158562,0.0,6,6.73444999217987,True,2026-05-01,6.36849999666214,True,2026-04-02,8.650032194253798,-15.806813889778985,-12.533043577563165,-11.874390014468016
2026-05-01,2026-04-24,LITHIUM,LI.V,American Lithium,11,23,22.0,11.0,4,0.6299999952316284,8.620691958562453,11,11.50442440532762,21,-21.25000176951286,26,-4.545459060957757,21,63.63636645122299,19,72.60273390984906,20,28.57142509593915,23,-39.99999772934676,24,-8.695652549493671,2026-05-01,0.4422311556859783,8.620691958562453,32.67579444366572,-46.15384458633407,2026-05-01,1985-02-11,1.1699999570846558,1050.0,-46.15384458633407,-99.94000000045412,2026-05-01,0.5799999833106994,-4.838714639304397,-1.562498544808444,6,0.6407499994337559,False,2026-05-01,0.6155749998986721,False,2026-04-02,7.712955571064594,2.1531550629999785,-24.886242859694384,-14.114498016510346
2026-05-01,2026-04-24,LITHIUM,CRML.O,Critical Metals,12,9,21.0,9.0,4,12.4399995803833,8.079924700330011,12,53.58023450026173,1,-1.191426293777753,18,13.763137659023103,18,226.50918024182025,8,702.5806427795853,1,60.723513543284646,19,97.46030482155012,11,53.201967434840384,2026-05-01,2.3001858906772643,8.079924700330011,20.351798751413927,-58.49182560761656,2026-05-01,2022-02-07,29.96999931335449,29.96999931335449,-58.49182560761656,-58.49182560761656,2026-05-01,11.510000228881836,-21.24567290897663,-13.910036369641,6,9.59232500076294,True,2026-05-01,8.853624995946884,False,2026-04-02,7.172188312832152,44.22896515793408,-4.827667383959278,47.78312196782371
2026-05-01,2026-04-24,LITHIUM,VULG.DE,Vulcan Energy Resources,13,23,3.0,-10.0,4,2.3540000915527344,6.515839408152324,13,13.939985911839138,18,2.3478321893906084,15,-22.750296354651944,24,35.521875077208584,23,4.58862381962446,25,11.11509752598938,24,-8.416855304561931,23,-8.190320149485853,2026-04-30,1.4766451350759242,7.194899145471378,49.281208544278094,-30.635257598678542,2026-04-30,2022-02-15,3.3936550617218018,6.09117603302002,-30.635257598678542,-61.35393101772475,2026-04-30,2.2100000381469727,-0.84245915399771,-0.84245915399771,5,2.3420714688301087,True,2026-04-30,2.2989334321022032,False,2026-04-02,5.608103020654465,4.588716569511497,-1.288408900790916,-13.609165616502528
2026-05-01,2026-04-24,LITHIUM,PLS.AX,Pilbara Minerals,14,7,16.0,2.0,4,6.139999866485596,6.412476374040987,14,18.30442772237493,12,39.86332695269439,8,96.16612274732536,8,267.66467211198534,5,320.5479250725543,8,175.33631452777408,7,112.45673507299692,9,42.45939554527878,2026-05-01,1.0134458664413015,6.412476374040987,23.613363603496907,0.0,2026-05-01,2007-09-19,6.139999866485596,6.139999866485596,0.0,0.0,2026-05-01,5.769999980926514,-2.127661400985004,0.0,6,3.705200009942055,True,2026-05-01,3.2996500092744827,True,2026-04-02,5.504739986543128,8.953158380047288,36.22708586251287,37.04055007826211
2026-05-01,2026-04-24,LITHIUM,LIT,Global X Lithium & Battery Tech ETF,15,12,7.0,-8.0,4,88.72000122070312,5.883757311503013,15,21.334789234332074,10,26.525952289737663,9,44.30709479715125,13,117.4509874503002,14,143.20176078397049,15,123.87080199219022,11,103.11355448912494,10,33.87657418869898,2026-05-01,0.8804612462506405,5.883757311503013,36.08805878976772,0.0,2026-05-01,2010-07-23,88.72000122070312,96.30999755859376,0.0,-7.880797975592291,2026-05-01,83.79000091552734,-1.3890527928973495,0.0,6,62.98769983291626,True,2026-05-01,58.69999988555908,True,2026-04-02,4.976020924005153,11.983519892004434,22.88971119955614,28.457728721682308
2026-05-01,2026-04-24,LITHIUM,SLI,Standard Lithium,16,16,13.0,-3.0,4,3.9600000381469727,5.319150217845459,16,16.814156802479218,13,-10.00000108372079,22,10.614528562546388,19,72.92576873855536,15,173.10344192559333,11,165.77181293966427,8,68.51064675962759,16,-17.154814553747777,2026-05-01,0.7187542692528198,5.319150217845459,21.592719820186588,-29.911504932648224,2026-05-01,2017-06-20,5.650000095367432,12.369999885559082,-29.911504932648224,-67.98706487645214,2026-05-01,3.759999990463257,-5.852417688716938,0.0,6,3.8791500008106232,True,2026-05-01,3.733649998307228,False,2026-04-02,4.411413830347599,7.462887460151578,-13.636242173902314,-22.57366002076445
2026-05-01,2026-04-24,LITHIUM,SQM,Sociedad Quimica y Minera ADR,17,10,10.0,-7.0,4,92.68000030517578,4.381123267865816,17,15.201993562289172,16,23.16279110322364,10,90.73883518034866,9,158.88268793378194,11,172.90931332077494,12,138.4971663651688,10,136.60966208227748,8,32.9126571682004,2026-05-01,0.8483433572002673,4.381123267865816,-0.1056569075665594,-2.759413829384627,2026-05-01,1993-09-21,95.30999755859376,113.5199966430664,-2.759413829384627,-18.35799590746684,2026-05-01,88.79000091552734,-2.0484201203069152,0.0,6,61.700750064849856,True,2026-05-01,56.53150011062622,True,2026-04-02,3.473386880367957,5.850724219961533,19.526550013042108,27.493811701183724
2026-05-01,2026-04-24,LITHIUM,DLI.AX,Delta Lithium,18,21,18.0,0.0,4,0.2399999946355819,4.347821861674572,18,11.627902624863772,20,2.127657550770312,16,33.3333250549108,15,54.83870502565205,21,37.142856413004345,21,45.45453642353901,21,-7.692306369719382,22,6.6666671081825335,2026-05-01,0.9889445909165115,4.347821861674572,24.82824739051253,-26.15384509577551,2026-05-01,2017-11-03,0.324999988079071,0.9354239702224731,-26.15384509577551,-74.34318530681843,2026-05-01,0.2300000041723251,-2.083331393077914,0.0,6,0.2031750001013278,True,2026-05-01,0.1971750003099441,True,2026-04-02,3.440085474176713,2.276633282536132,-1.5085835394112124,1.2478216411658585
2026-05-01,2026-04-24,LITHIUM,ALB,Albermale,19,13,17.0,-2.0,4,193.8800048828125,2.9469564051385566,19,12.049937149979527,19,17.5529094116563,13,100.84948444482382,7,185.53755600273217,10,226.8375014838864,9,140.9944216748025,9,97.35342945718304,12,34.704380427191,2026-05-01,0.759110104282995,2.9469564051385566,7.279968823750922,-10.082548338135112,2026-05-01,1994-02-22,215.6199951171875,325.3800048828125,-10.082548338135112,-40.41428422971488,2026-05-01,188.3300018310547,-6.3298776926184015,-2.831651346188757,6,129.95499965667724,True,2026-05-01,117.58899965286255,True,2026-04-02,2.039220017640697,2.698667807651887,13.916668321474775,29.285534960174324
2026-05-01,2026-04-24,LITHIUM,EMH.AX,European Metals Holdings,20,19,5.0,-15.0,4,0.3050000071525573,1.66666501098216,20,8.928573519295547,22,-7.575759080925315,20,22.000002861022928,16,69.4444416849703,16,29.787237415382805,23,110.34483857160554,15,79.41176702613237,13,-15.277779157514871,2026-05-01,0.2596263796338004,1.66666501098216,25.56433563348322,-30.681816180629184,2026-05-01,2012-07-19,0.4399999976158142,2.150000095367432,-30.681816180629184,-85.81395378494469,2026-05-01,0.3000000119209289,-1.666674945089219,-1.6129016752173486,6,0.2650375008583069,True,2026-05-01,0.2537125004082918,True,2026-04-02,0.7589286234843007,-0.4226958230320932,-11.21200017110684,-20.696624624531545
2026-05-01,2026-04-24,LITHIUM,1772.HK,Ganfeng Lithium,21,8,8.0,-13.0,4,83.30000305175781,1.5234612474194442,21,8.111615512593296,23,41.18644585043698,7,65.11397778402011,10,216.73005881451093,9,334.3065783438964,7,333.40273687668184,2,276.0722550174248,1,53.97413198006771,2026-04-30,1.0229061804884605,10.84497852348325,-1.0387325244779928,-1.0100991785005342,2026-04-30,2018-10-11,84.1500015258789,128.0000457763672,-1.0100991785005342,-34.921895889557874,2026-04-30,82.05000305175781,-4.326633662059032,-0.7742631567754565,5,51.02275010108948,True,2026-04-30,46.117750043869016,True,2026-04-02,0.6157248599215848,-1.239653829734344,37.550204760255454,48.55528651305104
2026-05-01,2026-04-24,LITHIUM,AVL.TO,Avalon Advanced Materials,22,22,20.0,-2.0,4,11.69999885559082,0.0,22,-18.75000579489616,26,-7.14286200854265,19,-7.14286200854265,22,62.49998841020765,20,116.66666077978776,16,85.7142759829147,17,44.44442351332189,20,18.181811175945995,2026-05-01,0.6869714864938297,0.0,-12.87707635649891,-51.8518588288927,2026-05-01,1984-05-31,24.30000114440918,7740.0,-51.8518588288927,-99.84883722408796,2026-05-01,11.69999885559082,-7.14286200854265,-7.14286200854265,6,10.84499965429306,True,2026-05-01,10.22174968957901,True,2026-04-02,-0.9077363874978596,-28.1012751372238,-10.779103098724176,12.76296570892932
2026-05-01,2026-04-24,LITHIUM,INR.AX,Ioneer Ltd,23,26,9.0,-14.0,4,0.135000005364418,0.0,22,0.0,24,-12.903223015391283,23,-24.99999999999998,25,17.391306882995284,25,0.0,26,-18.181818181818187,26,-51.78571257512181,26,-32.499998323619394,2026-05-01,0.440970480112482,0.0,-4.944846352970867,-50.0,2026-05-01,2007-12-19,0.270000010728836,0.8500000238418579,-50.0,-84.11764687320354,2026-05-01,0.135000005364418,-10.714286094417336,-3.571425150243601,6,0.1570250006020069,False,2026-05-01,0.1534500004723668,False,2026-04-02,-0.9077363874978596,-9.35126934232764,-16.53946410557281,-37.91884379063607
2026-05-01,2026-04-24,LITHIUM,CXO.AX,Core Lithium,24,6,25.0,1.0,4,0.324999988079071,0.0,22,16.071423819782794,15,41.304340079736754,6,159.99999046325678,4,235.05152421976305,6,371.01448727640553,6,269.3181702728607,6,195.45453621828847,5,18.18181128541316,2026-05-01,1.1266797096081969,0.0,3.0102167409129894,-14.4736862743991,2026-05-01,2011-02-11,0.3799999952316284,1.8650000095367432,-14.4736862743991,-82.57372726985672,2026-05-01,0.324999988079071,-1.538460127700647,0.0,6,0.1955649989843368,True,2026-05-01,0.1741699992865324,True,2026-04-02,-0.9077363874978596,6.720154477455154,37.66809898955523,12.762965818396486
2026-05-01,2026-04-24,LITHIUM,ABAT.O,American Battery Technology,25,17,14.0,-11.0,4,3.2699999809265137,-0.3048777606854624,25,16.785715593367236,14,-16.15384869321558,25,-22.69503626047844,23,48.63635954778065,22,109.61539108137195,17,115.1315803920794,12,229.2056692638962,2,-11.62162327609677,2026-05-01,1.25488567933932,-0.3048777606854624,24.07383894376632,-71.13857014169429,2026-05-01,2016-02-24,11.329999923706056,61.125,-71.13857014169429,-94.65030677967032,2026-05-01,3.2799999713897705,-6.948641179744131,-3.254441709763056,6,3.753875000476837,False,2026-05-01,3.598800001144409,False,2026-04-02,-1.212614148183322,7.434446251039596,-19.790089783397104,-17.040468743113443
2026-05-01,2026-04-24,LITHIUM,LTBR.O,Lightbridge,26,25,12.0,-14.0,4,12.56999969482422,-0.3172082707539547,26,19.37321950223272,11,-16.088116963001752,24,-49.27361038533598,26,-3.899084341411319,26,34.582435647405994,22,35.16128426908096,22,73.61878580395147,15,-10.914245211368623,2026-05-01,0.883803558497949,-0.3172082707539547,4.013281890307743,-54.65367963133949,2026-05-01,2000-11-10,27.71999931335449,4050.0,-54.65367963133949,-99.68962963716484,2026-05-01,12.609999656677246,-13.328255786344412,-4.265045047492311,6,15.81704999923706,False,2026-05-01,15.919750003814697,False,2026-04-02,-1.2249446582518142,10.021950159905078,-19.72435805318328,-16.333090678385297
2026-05-08,2026-05-01,LITHIUM,ATLX.O,Atlas Lithium,1,15,2.0,1.0,4,6.460000038146973,19.851580670985093,1,48.50575125915157,4,32.37704685765297,10,43.87528658020869,15,11.379307339789712,25,57.56098020509348,21,10.996560955476763,24,-24.355971112378462,24,47.488581492230274,2026-05-08,2.139099909800614,19.851580670985093,32.442274058360745,-13.28858787200179,2026-05-08,2013-02-28,7.449999809265136,412500.0,-13.28858787200179,-99.9984339393847,2026-05-08,5.389999866485596,-3.33951452314204,0.0,6,5.04660001039505,True,2026-05-08,4.958800007104873,False,2026-04-10,17.516763878765374,39.96754648557928,26.14414546868997,39.60839911908553
2026-05-08,2026-05-01,LITHIUM,PMET.TO,PMET Resources Inc,2,5,3.0,1.0,4,7.210000038146973,18.003271368176897,2,51.47058175332615,3,28.75000287379543,11,99.17127806851968,7,75.42578598365644,15,212.1212215040765,11,160.28881183368674,10,122.53086471990046,9,30.14440591684337,2026-05-08,2.266202563666217,18.003271368176897,63.94794640455168,-2.567568307727486,2026-05-08,2010-03-15,7.400000095367431,493.5,-2.567568307727486,-98.5390070844687,2026-05-08,6.110000133514404,-2.567568307727486,-2.567568307727486,6,4.757499990463256,True,2026-05-08,4.460349990129471,True,2026-04-10,15.668454575957178,42.932376979753855,22.51710148483244,22.26422354369864
2026-05-08,2026-05-01,LITHIUM,LAR.TO,Lithium Argentina AG,3,1,8.0,5.0,4,16.0,14.041342156259716,3,57.17091866750907,1,71.85820922507256,3,169.360266765502,4,314.507783285906,1,447.9451911627053,2,343.21330927837306,1,253.98230237868952,2,95.121955758117,2026-05-08,0.6959290522925322,14.041342156259716,42.53909604103065,0.0,2026-05-08,2008-07-16,16.0,21.016979217529297,0.0,-23.87107664523389,2026-05-08,14.029999732971191,-0.1284489690517198,0.0,6,7.861949998140335,True,2026-05-08,6.872750008106232,True,2026-04-10,11.706525364039996,48.63271389393677,65.62530783610956,87.24177338497228
2026-05-08,2026-05-01,LITHIUM,IGO.AX,IGO Limited,4,16,10.0,6.0,4,8.34000015258789,8.593754414081056,4,2.3312950055313086,25,1.3365810020649516,19,56.1797736755893,12,66.80000305175781,16,104.91400002038564,18,70.20408143405365,20,57.3584877820829,18,1.5834362221301523,2026-05-08,0.9204270579594448,8.593754414081056,3.1193747396481464,-10.992526633416643,2026-05-08,2002-01-17,9.369999885559082,16.393840789794922,-10.992526633416643,-49.12723467596748,2026-05-08,7.679999828338623,-1.3020821206737088,-1.1848274024543135,6,6.806349990367889,True,2026-05-08,6.453099994659424,True,2026-04-10,6.258937621861338,-6.206909768040991,-4.896320386898045,-6.296746151014587
2026-05-08,2026-05-01,LITHIUM,LTBR.O,Lightbridge,5,22,26.0,21.0,4,13.43000030517578,6.841691577014664,5,23.778800304120985,9,-9.195400001250942,22,-34.64719803514311,26,-2.469136828504581,26,38.311022166985694,23,15.081407175455318,23,49.55457672363364,19,-4.819272629674886,2026-05-08,1.0352937816669958,6.841691577014664,3.397347726926073,-51.55122425019075,2026-05-08,2000-11-10,27.71999931335449,4050.0,-51.55122425019075,-99.6683950541932,2026-05-08,12.56999969482422,-6.280527727298946,-6.280527727298946,6,15.799449996948242,False,2026-05-08,15.854550004005432,False,2026-04-10,4.506874784794945,15.240595530548685,-15.42830139021394,-12.699455002819626
2026-05-08,2026-05-01,LITHIUM,ALB,Albermale,6,9,19.0,13.0,4,203.5200042724609,4.972147280208272,6,17.208019458559033,12,22.77992942625715,14,96.48580872243517,8,169.63433389111736,10,254.3175646557664,9,170.8544129965731,8,101.82468431525344,13,41.402080614922966,2026-05-08,1.1205726094071575,4.972147280208272,14.87126468455985,-5.61172021089712,2026-05-08,1994-02-22,215.6199951171875,325.3800048828125,-5.61172021089712,-37.45159468365002,2026-05-08,193.8800048828125,-1.645348855512152,0.0,6,132.89499977111817,True,2026-05-08,120.47019968032836,True,2026-04-10,2.637330487988554,8.669814684986733,16.547028037294155,33.521898241778224
2026-05-08,2026-05-01,LITHIUM,MIN.AX,Mineral Resources,7,11,5.0,-2.0,4,69.55000305175781,4.272872914412829,7,19.955163161209,10,33.36529437538815,9,57.06866524186971,11,104.67923481078572,13,235.3423520698917,10,98.4308261502564,15,80.79022834636301,15,25.4509465630671,2026-05-08,0.8657861182606604,4.272872914412829,47.655338135069286,-2.509102015725917,2026-05-08,2006-07-28,71.33999633789062,96.27999877929688,-2.509102015725917,-27.762771153344488,2026-05-08,66.69999694824219,-2.509102015725917,-2.509102015725917,6,49.38945007324219,True,2026-05-08,45.71445004463196,True,2026-04-10,1.9380561221931103,11.4169583876367,27.13239298642516,17.570764189922357
2026-05-08,2026-05-01,LITHIUM,INR.AX,Ioneer Ltd,8,24,23.0,15.0,4,0.1400000005960464,3.7037000244047658,8,7.692312100935417,21,-3.4482726727597,21,-17.647059339140526,23,21.739128744669856,24,7.692312100935417,25,-19.999998297010123,26,-34.883721736136344,25,-30.000000745058063,2026-05-08,0.408117221494987,3.7037000244047658,8.047375546384284,-48.148149987797616,2026-05-08,2007-12-19,0.270000010728836,0.8500000238418579,-48.148149987797616,-83.52941215657033,2026-05-08,0.135000005364418,-3.703711062301529,0.0,6,0.1572000006586313,False,2026-05-08,0.15423000048846,False,2026-04-10,1.3688832321850477,-0.8458926726368832,-9.681174061722697,-37.8801831182028
2026-05-08,2026-05-01,LITHIUM,CXO.AX,Core Lithium,9,3,24.0,15.0,4,0.3350000083446502,3.076929425347008,9,13.559329910410176,16,59.52381847802235,4,109.37500989530253,6,235.0000033527612,5,371.83098222050194,5,276.404497203856,4,219.0476369560447,5,21.818182212262105,2026-05-08,1.2113730150947906,3.076929425347008,-1.096551142928456,-11.842101960961482,2026-05-08,2011-02-11,0.3799999952316284,1.8650000095367432,-11.842101960961482,-82.03753315648173,2026-05-08,0.324999988079071,-4.615380383102008,-1.4705868173635506,6,0.2008649990335106,True,2026-05-08,0.1782049991562962,True,2026-04-10,0.7421126331272898,5.0211251368378775,53.29091708905935,13.937999839117364
2026-05-08,2026-05-01,LITHIUM,DLI.AX,Delta Lithium,10,21,18.0,8.0,4,0.2450000047683715,2.08333760189523,10,8.888893892735727,19,4.255321442460303,17,40.00000510896964,16,48.484845474512994,20,13.953488694454542,24,36.111108351636936,21,0.0,22,8.888893892735727,2026-05-08,1.0226437824610104,2.08333760189523,32.8238041200933,-24.615380383102003,2026-05-08,2017-11-03,0.324999988079071,0.9354239702224731,-24.615380383102003,-73.8086672388668,2026-05-08,0.2399999946355819,-1.9999980926514005,-1.9999980926514005,6,0.20510000012815,True,2026-05-08,0.1981750002503395,True,2026-04-10,-0.2514791903244884,0.3506891191634267,-1.9775799465026944,1.008711519590987
2026-05-08,2026-05-01,LITHIUM,PLS.AX,Pilbara Minerals,11,6,14.0,3.0,4,6.260000228881836,1.954403338854238,11,16.79104613710758,13,50.11990681893135,6,95.62500423751766,9,224.35235228038417,6,322.9729829869015,8,184.54545878181764,7,110.06712043002392,11,45.24362672832729,2026-05-08,0.6845571593117676,1.954403338854238,17.884079713028576,-1.726839225328991,2026-05-08,2007-09-19,6.369999885559082,6.369999885559082,-1.726839225328991,-1.726839225328991,2026-05-08,6.139999866485596,-1.726839225328991,-1.726839225328991,6,3.8145500099658967,True,2026-05-08,3.3800500118732453,True,2026-04-10,-0.3804134533654801,8.252841363535278,43.88700542996836,37.36344435518255
2026-05-08,2026-05-01,LITHIUM,EMH.AX,European Metals Holdings,12,18,20.0,8.0,4,0.3100000023841857,1.6393426604503158,12,3.333330021964298,24,3.333330021964298,18,37.77778248728068,17,63.157898039038486,17,44.18604522218186,22,113.79311124436518,14,121.42857218883476,10,-13.888891648363089,2026-05-08,1.2646837396202262,1.6393426604503158,20.94037148833677,-29.54545362182888,2026-05-08,2012-07-19,0.4399999976158142,2.150000095367432,-29.54545362182888,-85.58139587751008,2026-05-08,0.3050000071525573,-8.19672307350463,0.0,6,0.2685125009715557,True,2026-05-08,0.2558125004917383,True,2026-04-10,-0.6954741317694024,-5.204874751608002,-2.899571366998699,-21.769074021507823
2026-05-08,2026-05-01,LITHIUM,LIT,Global X Lithium & Battery Tech ETF,13,14,15.0,2.0,4,90.16999816894533,1.634351812772317,13,15.750958154975423,14,24.73370732739537,13,44.64228095643039,14,105.258359987586,12,140.90301211265745,16,119.81959327813524,13,103.17709778904862,12,36.06458840582947,2026-05-08,1.4139162240821104,1.634351812772317,26.94557073456478,-1.4750857994304425,2026-05-08,2010-07-23,91.5199966430664,96.30999755859376,-1.4750857994304425,-6.375246127394984,2026-05-08,88.72000122070312,-2.371064519821209,-1.4750857994304425,6,64.15349979400635,True,2026-05-08,59.66794986724854,True,2026-04-10,-0.7004649794474016,7.212753381403125,18.50080593843237,28.184406032684727
2026-05-08,2026-05-01,LITHIUM,CRML.O,Critical Metals,14,12,12.0,-2.0,4,12.529999732971191,0.723473919804718,14,41.26268201390644,6,4.67835800709957,16,21.53248518914246,18,170.62633743550597,9,708.3871044154968,1,97.32283340398284,16,80.02873080884598,16,54.31034371385919,2026-05-08,1.4964340172644948,0.723473919804718,23.50025833598775,-58.19152479130061,2026-05-08,2022-02-07,29.96999931335449,29.96999931335449,-58.19152479130061,-58.19152479130061,2026-05-08,12.4399995803833,-10.050255143816534,-10.050255143816534,6,9.813325003385543,True,2026-05-08,9.002574998140336,False,2026-04-10,-1.6113428724150003,32.72447724033414,-1.5545433818634269,46.43016134071445
2026-05-08,2026-05-01,LITHIUM,AVL.TO,Avalon Advanced Materials,15,23,22.0,7.0,4,11.69999885559082,0.0,15,-13.33334181043837,26,-13.33334181043837,24,-7.14286200854265,22,62.49998841020765,18,159.9999745686849,15,85.7142759829147,18,44.44442351332189,20,18.181811175945995,2026-05-08,0.3711247497542973,0.0,-34.654333466323024,-51.8518588288927,2026-05-08,1984-05-31,24.30000114440918,7740.0,-51.8518588288927,-99.84883722408796,2026-05-08,11.69999885559082,-3.846144441080768,0.0,6,10.86074964761734,True,2026-05-08,10.444499690532684,True,2026-04-10,-2.3348167922197183,-21.87154658401067,-19.566243199401367,10.301628802801256
2026-05-08,2026-05-01,LITHIUM,ELV.AX,Elevra Lithium,16,2,6.0,-10.0,4,13.510000228881836,-0.0739661874500363,16,54.7537335313655,2,87.89986260590643,1,217.88235832663145,3,246.4102538081865,4,429.8039404514526,3,260.2666727701823,6,181.4583269175559,7,70.58080932751271,2026-05-08,0.670745391632707,-0.0739661874500363,45.34979896547841,-1.3148236451328343,2026-05-08,2004-03-30,13.6899995803833,256.91192626953125,-1.3148236451328343,-94.7413884497101,2026-05-08,13.520000457763672,-7.100591757714813,-1.3148236451328343,6,6.4194500207901,True,2026-05-08,5.527850006818771,True,2026-04-10,-2.408782979669754,46.2155287577932,81.66696121694343,62.70062695436797
2026-05-08,2026-05-01,LITHIUM,SLI,Standard Lithium,17,16,16.0,-1.0,4,3.9300000667572017,-0.7575750277974524,17,14.912280090236528,15,-10.273973422970018,23,10.393262076537436,19,38.380288222885774,22,172.91666045784973,13,163.75839205390884,9,81.105987492364,14,-17.782428990421074,2026-05-08,0.7406089006343205,-0.7575750277974524,8.415405632239567,-30.44247786863753,2026-05-08,2017-06-20,5.650000095367432,12.369999885559082,-30.44247786863753,-68.22958687861313,2026-05-08,3.9600000381469727,-4.040406168924138,-2.4813929986346905,6,3.910050002336502,True,2026-05-08,3.771999999284744,False,2026-04-10,-3.0923918200171707,6.3740753166642286,-16.506874811933017,-25.662611363565816
2026-05-08,2026-05-01,LITHIUM,VULG.DE,Vulcan Energy Resources,18,26,13.0,-5.0,4,2.3199999332427974,-0.7698941586736119,18,4.035870556032739,23,1.310042440590009,20,-23.866057633830607,24,32.542948010442906,23,7.639676655700378,26,6.646067625687824,25,-12.08631614191794,23,-9.516379422169695,2026-05-08,0.4685874367269517,-1.444356711452377,28.81397569790973,-31.63713191093368,2026-05-08,2022-02-15,3.3936550617218018,6.09117603302002,-31.63713191093368,-61.91211810878276,2026-05-08,2.338000059127808,-2.566293467157754,-1.7781564570958808,5,2.355430884361267,False,2026-05-08,2.308328216671944,False,2026-04-10,-3.10471095089333,-4.502334217539561,-4.922858948372988,-17.396561795314433
2026-05-08,2026-05-01,LITHIUM,SGML.O,Sigma Lithium,19,8,7.0,-12.0,4,21.709999084472656,-1.1834330314420716,19,46.195276274625805,5,80.46549930480073,2,260.63121517039207,1,299.08086132567564,2,192.5875857310788,12,95.93862124514403,17,71.21449970005894,17,52.77972572971017,2026-05-08,0.8796225505864822,-1.1834330314420716,31.197940163540338,-8.202962221350685,2026-05-08,2018-07-03,23.64999961853028,42.400001525878906,-8.202962221350685,-48.797173813255824,2026-05-08,21.96999931335449,-8.202962221350685,-8.202962221350685,6,10.69552500486374,True,2026-05-08,9.1635250043869,True,2026-04-10,-3.51824982366179,37.65707150105351,74.23259791583773,44.89954335656543
2026-05-08,2026-05-01,LITHIUM,SQM,Sociedad Quimica y Minera ADR,20,13,17.0,-3.0,4,91.38999938964844,-1.3918870428135777,20,11.288354034367408,17,28.44693946550063,12,76.15651023148406,10,116.4613850007048,11,166.6763880037958,14,138.1808755113231,12,149.2228087075385,8,31.06266311481697,2026-05-08,0.9274851736351608,-1.3918870428135777,8.78619896417959,-4.112892948649394,2026-05-08,1993-09-21,95.30999755859376,113.5199966430664,-4.112892948649394,-19.494360383924143,2026-05-08,92.68000030517578,-3.161415942520396,-2.214850968437576,6,63.00980003356933,True,2026-05-08,57.73915008544922,True,2026-04-10,-3.726703835033296,2.750149260795109,22.21403807653764,23.18248074167224
2026-05-08,2026-05-01,LITHIUM,LAC.TO,Lithium Americas,21,19,1.0,-20.0,4,7.630000114440918,-1.4211842368227146,21,35.523977963517474,7,16.133940868855333,15,6.56424967940028,20,98.69792408814358,14,74.59954952526877,20,79.52941445743336,19,39.233578246062415,21,16.488547973383906,2026-05-08,1.2875025183148594,-1.4211842368227146,6.861967440173049,-45.92487384767448,2026-05-08,2023-10-04,14.109999656677246,16.010000228881836,-45.92487384767448,-52.34228603771975,2026-05-08,7.739999771118163,-6.723718462294659,-6.723718462294659,6,6.593250024318695,True,2026-05-08,6.286050025224686,False,2026-04-10,-3.756001029042433,26.98577318994517,9.901039479892336,8.608365600239166
2026-05-08,2026-05-01,LITHIUM,LI.V,American Lithium,22,25,11.0,-11.0,4,0.6200000047683715,-1.5873000855468722,22,8.771932026025663,20,-17.333332697550475,25,0.0,21,54.99999888241292,19,77.14286152197394,19,30.52631843123079,22,-37.999999523162856,26,-10.144926534683574,2026-05-08,1.0087466408377417,-1.5873000855468722,26.490393308572514,-47.0085446572789,2026-05-08,1985-02-11,1.1699999570846558,1050.0,-47.0085446572789,-99.94095238049825,2026-05-08,0.6299999952316284,-6.249994179233775,-3.12499708961691,6,0.6464249993860721,False,2026-05-08,0.6210749998688698,False,2026-04-10,-3.9221168777665913,0.2337272524533631,-23.56623408651347,-18.02510890782831
2026-05-08,2026-05-01,LITHIUM,ABAT.O,American Battery Technology,23,20,25.0,2.0,4,3.1700000762939453,-3.0581010769374584,23,11.228076574361578,18,-24.16267448618797,26,-25.934581287417924,25,47.44185747360148,21,124.8227057685546,17,147.6562614960133,11,219.0739903927032,4,-14.324323366470292,2026-05-08,1.376363951016304,-3.0581010769374584,17.281348817588334,-72.0211818390107,2026-05-08,2016-02-24,11.329999923706056,61.125,-72.0211818390107,-94.81390580565407,2026-05-08,3.2699999809265137,-9.51683898430753,-7.174228061371402,6,3.767900000810623,False,2026-05-08,3.637399999499321,False,2026-04-10,-5.392917869157177,2.6898718007892786,-30.39557587515097,-22.20450573961503
2026-05-08,2026-05-01,LITHIUM,1772.HK,Ganfeng Lithium,24,10,21.0,-3.0,4,83.19999694824217,-4.036909023294911,24,5.249833948478355,22,42.4657444766908,8,54.074068422670685,13,195.8748025076885,7,328.4242874427414,7,293.38060732326284,3,267.32891103527925,1,53.78927780939065,2026-05-08,0.7407644378360678,-0.1200553419589911,2.5802440638888435,-6.516857361525652,2026-05-08,2018-10-11,89.0,128.0000457763672,-6.516857361525652,-35.000025629988095,2026-05-08,86.69999694824217,-6.516857361525652,-6.516857361525652,5,52.56725008964538,True,2026-05-08,46.97025005340576,True,2026-04-10,-6.371725815514629,-3.2883708250939447,36.2328430877278,45.90909543624591
2026-05-08,2026-05-01,LITHIUM,GLN.AX,Galan Lithium,25,4,9.0,-16.0,4,0.5149999856948853,-5.504592674447206,25,19.76743654150017,11,56.060595524431925,5,232.258052731652,2,267.8571310730615,3,414.9999780207877,4,329.1666643383604,2,243.33331015375035,3,53.73133518404272,2026-05-08,0.9503102617696244,-5.504592674447206,32.24670739261203,-5.504592674447206,2026-05-08,2011-06-08,0.5450000166893005,2.1742498874664307,-5.504592674447206,-76.31367081292598,2026-05-08,0.5450000166893005,-8.256883543354942,-5.504592674447206,6,0.274725000411272,True,2026-05-08,0.2377150003612041,True,2026-04-10,-7.8394094666669245,11.229231767927873,49.82769413546893,45.85115281089798
2026-05-08,2026-05-01,LITHIUM,LTR.AX,Liontown Resources,26,6,4.0,-22.0,4,2.450000047683716,-7.196971578429368,26,25.31969278272832,8,45.40060123932388,7,113.04348682410792,5,189.9408242285185,8,353.7036945054564,6,271.2121136862825,5,193.41318690339588,6,51.23457039952404,2026-05-08,0.5491271067093803,-7.196971578429368,28.891351276455573,-7.196971578429368,2026-05-08,2006-12-27,2.640000104904175,3.150000095367432,-7.196971578429368,-22.22222306320485,2026-05-08,2.640000104904175,-9.46969659340503,-7.196971578429368,6,1.46185000538826,True,2026-05-08,1.3135750046372414,True,2026-04-10,-9.531788370649084,16.78148800915602,39.16769985036088,43.3543880263793
2026-05-15,2026-05-08,LITHIUM,INR.AX,Ioneer Ltd,1,21,8.0,7.0,4,0.1500000059604644,7.142860944173735,1,11.111111111111072,3,7.142860944173735,15,-16.666666666666675,24,20.000004768371515,23,20.000004768371515,22,-11.76470330429742,24,-23.0769171987528,23,-24.999998137354908,2026-05-15,0.8854845011488152,7.142860944173735,5.081299996728674,-44.444444444444464,2026-05-15,2007-12-19,0.270000010728836,0.8500000238418579,-44.444444444444464,-82.35294097022616,2026-05-15,0.1400000005960464,-9.090909090909127,-9.090909090909127,6,0.1580500007048249,False,2026-05-15,0.155150000527501,False,2026-04-17,7.013520296385556,7.147631445154024,-1.1175744562550216,-33.01971343721614
2026-05-15,2026-05-08,LITHIUM,IGO.AX,IGO Limited,2,19,4.0,2.0,4,8.510000228881836,2.0383701820580136,2,-7.999997525601776,17,2.902052694481516,18,25.331373736258623,15,56.14679865519668,18,94.29223759205516,18,76.55601505816078,18,67.19056922925881,18,3.654082695991967,2026-05-15,0.9280173707933864,2.0383701820580136,-12.931276806917849,-9.178224836508974,2026-05-15,2002-01-17,9.369999885559082,16.393840789794922,-9.178224836508974,-48.09025939681404,2026-05-15,8.34000015258789,-5.549389426175999,-5.549389426175999,6,6.901749997138977,True,2026-05-15,6.562899992465973,True,2026-04-17,1.909029534269835,-11.963477191558823,-5.35838270594724,-4.365632603869262
2026-05-15,2026-05-08,LITHIUM,EMH.AX,European Metals Holdings,3,10,12.0,9.0,4,0.3149999976158142,1.6129016752174152,3,8.620691958562453,4,1.6129016752174152,20,43.18181787394296,10,65.78947450975963,16,50.00000354789569,21,142.30769936149673,12,117.24138391712496,10,-12.500004139211264,2026-05-15,0.9331550547336902,1.6129016752174152,19.522284186071577,-28.409091063028523,2026-05-15,2012-07-19,0.4399999976158142,2.150000095367432,-28.409091063028523,-85.34883797007548,2026-05-15,0.3100000023841857,-10.606068131899294,-4.5454590609577465,6,0.2724375010281801,True,2026-05-15,0.2582375005632639,True,2026-04-17,1.4835610274292366,4.657212292605405,-6.647533725211341,-20.51971943907249
2026-05-15,2026-05-08,LITHIUM,AVL.TO,Avalon Advanced Materials,4,16,15.0,11.0,4,11.69999885559082,0.0,4,-7.14286200854265,15,0.0,21,13.043463037335544,17,85.7142759829147,12,159.9999745686849,11,116.66666077978776,14,44.44442351332189,19,18.181811175945995,2026-05-15,0.2582660200184463,0.0,9.386915175209523,-51.8518588288927,2026-05-15,1984-05-31,24.30000114440918,7740.0,-51.8518588288927,-99.84883722408796,2026-05-15,11.69999885559082,-7.692305184288195,0.0,6,10.939499616622925,True,2026-05-15,10.624499685764311,True,2026-04-17,-0.1293406477881786,-11.1063416744997,-8.260435400428756,10.162095876084766
2026-05-15,2026-05-08,LITHIUM,ABAT.O,American Battery Technology,5,17,23.0,18.0,4,3.130000114440918,-1.2618284192532747,5,-7.941175686859381,16,-14.48087319564857,25,-7.121655171164731,21,12.996394801201072,24,98.10126768513146,17,148.41270937550792,10,268.2352972525626,1,-15.4054034026197,2026-05-15,1.6841206957488817,-1.2618284192532747,-3.108726430913146,-72.37422651793725,2026-05-15,2016-02-24,11.329999923706056,61.125,-72.37422651793725,-94.87934541604758,2026-05-15,3.1700000762939453,-11.830981507515991,-11.830981507515991,6,3.7812750017642975,False,2026-05-15,3.6795500004291535,False,2026-04-17,-1.3911690670414534,-11.90465535281643,-22.741308596077324,-23.42511870248093
2026-05-15,2026-05-08,LITHIUM,SLI,Standard Lithium,6,15,17.0,11.0,4,3.849999904632568,-2.03562750039964,6,0.7853395789016115,11,-4.938278436624122,22,11.91860001721603,18,30.952375159898573,21,137.65431440125474,15,158.38925369064754,9,143.67087342154267,8,-19.45607247605265,2026-05-15,1.2090234492463916,-2.03562750039964,-1.5612782970424155,-31.858409917740115,2026-05-15,2017-06-20,5.650000095367432,12.369999885559082,-31.858409917740115,-68.87631414510267,2026-05-15,3.9300000667572017,-11.290327896950448,-11.290327896950448,6,3.947150002717972,False,2026-05-15,3.8160000002384185,True,2026-04-17,-2.164968148187818,-3.1781400870554366,-13.198713837052878,-27.475787775913883
2026-05-15,2026-05-08,LITHIUM,VULG.DE,Vulcan Energy Resources,7,22,18.0,11.0,4,2.2579998970031734,-2.6724154320540427,7,6.710773353951183,6,3.010948329514473,17,-28.22614082176713,25,30.37184259219044,22,9.082325168307136,24,1.6841316400898254,23,-28.90681235105469,24,-11.934477661972853,2026-05-15,0.3232846162585912,-2.6724154320540427,33.04150438169425,-33.46407174754064,2026-05-15,2022-02-15,3.3936550617218018,6.09117603302002,-33.46407174754064,-62.92998454218617,2026-05-15,2.3199999332427974,-3.504274366405169,-3.504274366405169,6,2.3639478236436844,False,2026-05-15,2.318456956744194,False,2026-04-17,-2.8017560798422214,2.7472936879941345,-5.249487070914283,-19.95419296183408
2026-05-15,2026-05-08,LITHIUM,CXO.AX,Core Lithium,8,4,9.0,1.0,4,0.324999988079071,-2.98508060193573,8,-14.4736862743991,25,58.53658093362246,1,44.44444297272479,9,170.83332945282268,6,245.74468000785663,7,269.3181702728607,3,231.63264957021948,2,18.18181128541316,2026-05-15,1.4439772193168816,-2.98508060193573,-32.538674006559745,-14.4736862743991,2026-05-15,2011-02-11,0.3799999952316284,1.8650000095367432,-14.4736862743991,-82.57372726985672,2026-05-15,0.3350000083446502,-8.450704816550747,-8.450704816550747,6,0.2065899989381432,True,2026-05-15,0.1839649991691112,True,2026-04-17,-3.1144212497239088,-18.43716594035615,50.276145533193706,10.162095985551932
2026-05-15,2026-05-08,LITHIUM,PLS.AX,Pilbara Minerals,9,6,11.0,2.0,4,6.010000228881836,-3.9936100776254313,9,-0.4966843238520146,12,39.44316261419614,4,51.76768108553183,8,173.18182266448144,4,273.29193636534137,6,170.72072754180252,8,90.18987549495432,14,39.44316261419614,2026-05-15,0.9340006707074492,-3.9936100776254313,6.664100730811865,-7.538458017202521,2026-05-15,2007-09-19,6.5,6.5,-7.538458017202521,-7.538458017202521,2026-05-15,6.260000228881836,-7.538458017202521,-7.538458017202521,6,3.929450013041496,True,2026-05-15,3.484650012254715,True,2026-04-17,-4.1229507254136095,-4.460163989809063,31.182727213767382,31.42344731433491
2026-05-15,2026-05-08,LITHIUM,LTR.AX,Liontown Resources,10,2,26.0,16.0,4,2.3499999046325684,-4.0816384124437,10,6.818175168076968,5,38.23528463040282,5,60.958893372028975,6,178.10648817345137,3,197.468334278834,10,256.060577462419,5,174.85378388401983,6,45.06172208120287,2026-05-15,0.8236819245945955,-4.0816384124437,9.377794475633776,-10.984855634395242,2026-05-15,2006-12-27,2.640000104904175,3.150000095367432,-10.984855634395242,-25.39683068300186,2026-05-15,2.450000047683716,-9.26640994170528,-9.26640994170528,6,1.502125004529953,True,2026-05-15,1.345750004351139,True,2026-04-17,-4.210979060231879,2.8546955021199194,29.97484922997407,37.04200678134164
2026-05-15,2026-05-08,LITHIUM,PMET.TO,PMET Resources Inc,11,7,2.0,-9.0,4,6.78000020980835,-5.963936561214444,11,13.75839205390883,1,26.49253807691401,7,77.95276408487501,5,63.768126291362016,17,201.3333426581489,8,147.4452622704427,11,153.932584871654,7,22.382676109993422,2026-05-15,1.165269187146902,-5.963936561214444,49.12417404960846,-12.176160698573868,2026-05-15,2010-03-15,7.71999979019165,493.5,-12.176160698573868,-98.62613977511482,2026-05-15,7.210000038146973,-12.176160698573868,-12.176160698573868,6,4.8332999897003175,True,2026-05-15,4.541549990177154,True,2026-04-17,-6.093277209002623,9.794912387951785,18.23210267648525,14.362960810132195
2026-05-15,2026-05-08,LITHIUM,LIT,Global X Lithium & Battery Tech ETF,12,13,13.0,1.0,4,84.08000183105469,-6.7539053582769455,12,1.021264495780283,10,16.0204228160477,12,31.931590200830986,13,82.78261267620583,13,117.03664994364114,16,98.4891421614096,17,91.70086790014922,13,26.874914878770674,2026-05-15,2.063898736095392,-6.7539053582769455,8.719423168074886,-8.22964493505065,2026-05-15,2010-07-23,91.62000274658205,96.30999755859376,-8.22964493505065,-12.69857339587046,2026-05-15,90.16999816894533,-8.22964493505065,-8.22964493505065,6,65.27549982070923,True,2026-05-15,60.73559986114502,True,2026-04-17,-6.883246006065124,-2.942215170176765,7.759987415618943,18.85519957890945
2026-05-15,2026-05-08,LITHIUM,MIN.AX,Mineral Resources,13,12,7.0,-6.0,4,64.7699966430664,-6.872762327751758,13,1.9357817277564584,9,25.52325302015359,9,29.514094814872,14,76.7740112500255,14,144.0467008619146,12,99.41501710565244,16,93.17029227886133,12,16.829001167872647,2026-05-15,1.038925074934224,-6.872762327751758,18.36470658436585,-9.209419725376,2026-05-15,2006-07-28,71.33999633789062,96.27999877929688,-9.209419725376,-32.727464204129255,2026-05-15,69.55000305175781,-8.283780623045589,-8.283780623045589,6,50.35140009880066,True,2026-05-15,46.64115005493164,True,2026-04-17,-7.002102975539937,-2.02769793820059,17.262817619724835,8.809285868011418
2026-05-15,2026-05-08,LITHIUM,SQM,Sociedad Quimica y Minera ADR,14,11,20.0,6.0,4,84.26000213623048,-7.80172590112258,14,-5.1126134679085,14,16.3812159673951,11,41.68488381819182,11,86.9121533135908,11,140.19383619769096,14,117.72609941889452,13,120.92292471063716,9,20.837513379887284,2026-05-15,0.880600691259075,-7.80172590112258,-9.134016523376795,-11.593742215311751,2026-05-15,1993-09-21,95.30999755859376,113.5199966430664,-11.593742215311751,-25.77518972171593,2026-05-15,91.38999938964844,-10.958464988027805,-10.958464988027805,6,64.27155004501343,True,2026-05-15,59.10555009841919,True,2026-04-17,-7.931066548910759,-9.076093133865548,8.120780566966344,12.817798080026057
2026-05-15,2026-05-08,LITHIUM,LAC.TO,Lithium Americas,15,20,21.0,6.0,4,6.9099998474121085,-9.436438482695452,15,4.223223652158281,8,11.451613870793407,14,3.134329016794468,19,72.7499961853027,15,57.762549471853845,19,58.48623017913217,19,31.87023185570832,20,5.496177804490343,2026-05-15,1.8904109910929303,-9.436438482695452,-29.71428519604136,-51.02763986147865,2026-05-15,2023-10-04,14.109999656677246,16.010000228881836,-51.02763986147865,-56.83947689802928,2026-05-15,7.630000114440918,-12.420786256743032,-12.420786256743032,6,6.675300022363663,True,2026-05-15,6.353200025558472,True,2026-04-17,-9.56577913048363,0.2597439862012329,3.191178470364653,-2.523537495370886
2026-05-15,2026-05-08,LITHIUM,DLI.AX,Delta Lithium,16,23,10.0,-6.0,4,0.2199999988079071,-10.20408386689623,16,-10.20408386689623,20,2.325579138818279,19,2.325579138818279,20,33.333327312662405,20,9.999997764825874,23,25.71428717399136,21,7.317073525310236,22,-2.222220161814681,2026-05-15,1.2535523280614471,-10.20408386689623,27.0538136260584,-32.30769019155099,2026-05-15,2017-11-03,0.324999988079071,0.9354239702224731,-32.30769019155099,-76.4812527996707,2026-05-15,0.2450000047683715,-15.38461273943873,-15.38461273943873,6,0.2071500000357627,True,2026-05-15,0.1996750002354383,True,2026-04-17,-10.33342451468441,-14.16756353285328,-5.934856261610477,-10.24193546167591
2026-05-15,2026-05-08,LITHIUM,CRML.O,Critical Metals,17,8,14.0,-3.0,4,11.18000030517578,-10.774137721990927,17,-10.98726169057751,22,19.82851443298692,10,34.698795762147185,12,91.43835638808272,10,660.5442236450566,1,306.5454656427556,1,89.49152753326402,15,37.68473476285041,2026-05-15,0.8116437304703867,-10.774137721990927,-5.582286002957061,-62.69602748975032,2026-05-15,2022-02-07,29.96999931335449,29.96999931335449,-62.69602748975032,-62.69602748975032,2026-05-15,12.529999732971191,-10.774137721990927,-10.774137721990927,6,10.007175005674362,True,2026-05-15,9.16317500591278,True,2026-04-17,-10.903478369779108,-14.950741356534555,11.568079032558163,29.665019462989186
2026-05-15,2026-05-08,LITHIUM,LI.V,American Lithium,18,24,22.0,4.0,4,0.550000011920929,-11.29032134017388,18,-14.062496216501952,24,-19.11764615650408,26,-12.698410145429662,23,34.14634554106735,19,54.929585505090216,20,23.595510283408714,22,-46.60193910696731,26,-20.289853069367105,2026-05-15,1.5393610595352876,-11.29032134017388,-22.32291211379611,-52.99145024830685,2026-05-15,1985-02-11,1.1699999570846558,1050.0,-52.99145024830685,-99.94761904648372,2026-05-15,0.6200000047683715,-11.29032134017388,-11.29032134017388,6,0.6504749995470047,False,2026-05-15,0.6278499998152256,True,2026-04-17,-11.419661987962058,-18.025975882459,-27.37808155693284,-28.309568369228334
2026-05-15,2026-05-08,LITHIUM,ALB,Albermale,19,14,6.0,-13.0,4,180.3800048828125,-11.369889398523158,19,-8.78381548277497,18,6.784280628753892,16,53.25404380607879,7,119.4670878753246,8,199.03847114622928,9,115.81718225781512,15,74.22969864738711,17,25.32482044179567,2026-05-15,1.0363306652812194,-11.369889398523158,-8.977359103152056,-16.3435632280867,2026-05-15,1994-02-22,215.6199951171875,325.3800048828125,-16.3435632280867,-44.56327918865899,2026-05-15,203.5200042724609,-14.100671382341334,-14.100671382341334,6,135.91874992370606,True,2026-05-15,123.76714965820312,True,2026-04-17,-11.499230046311336,-12.747295148732018,-1.4761547716748646,17.30510514193444
2026-05-15,2026-05-08,LITHIUM,GLN.AX,Galan Lithium,20,3,25.0,5.0,4,0.4550000131130218,-11.650480436597675,20,-4.210522353153767,13,26.388887509151804,8,127.5000031664967,1,225.00000798276497,1,313.6363777986245,4,279.166686069221,2,184.3750145519156,5,35.8208960535054,2026-05-15,0.7348459941723987,-11.650480436597675,9.590804598383292,-16.513761618394028,2026-05-15,2011-06-08,0.5450000166893005,2.1742498874664307,-16.513761618394028,-79.07324196101416,2026-05-15,0.5149999856948853,-11.650480436597675,-11.650480436597675,6,0.2831750005483627,True,2026-05-15,0.2462250002846121,True,2026-04-17,-11.779821084385857,-8.174002019110816,18.12845210872305,27.80118075364417
2026-05-15,2026-05-08,LITHIUM,1772.HK,Ganfeng Lithium,21,9,24.0,3.0,4,73.19999694824217,-12.01923121009354,21,-10.568114461986012,21,15.639806999216232,13,16.839577279188678,16,115.04111333572848,9,278.4901570357396,5,239.67517187822773,6,220.350090705486,3,35.30498893314689,2026-05-15,1.080852733204149,-12.01923121009354,-35.02008037862399,-17.75281241770542,2026-05-15,2018-10-11,89.0,128.0000457763672,-17.75281241770542,-42.81252283602137,2026-05-15,83.19999694824217,-13.47517935164756,-13.47517935164756,6,53.90875007629395,True,2026-05-15,48.4835000705719,True,2026-04-17,-12.14857185788172,-14.53159412794306,7.379371598787477,27.28527363328566
2026-05-15,2026-05-08,LITHIUM,LAR.TO,Lithium Argentina AG,22,1,3.0,-19.0,4,13.670000076293944,-14.562499523162852,22,13.632588360147048,2,47.46493420984945,2,105.87349926452887,4,195.88745486818752,2,410.074617006806,2,264.53333536783845,4,217.9069644170821,4,66.70732188125518,2026-05-15,0.910528917606732,-14.562499523162852,20.46281404104964,-15.408414570727356,2026-05-15,2008-07-16,16.15999984741211,21.016979217529297,-15.408414570727356,-34.95735074576072,2026-05-15,16.0,-15.408414570727356,-15.408414570727356,6,8.130699994564056,True,2026-05-15,7.093050006628037,True,2026-04-17,-14.691840170951032,9.669108694189998,39.2044988094207,58.68760658139395
2026-05-15,2026-05-08,LITHIUM,LTBR.O,Lightbridge,23,25,5.0,-18.0,4,11.4350004196167,-14.85480149088476,23,-10.102199846197523,19,-13.43678738383456,24,-32.8143354167736,26,-29.282619878394435,26,4.572473532813337,25,-15.17061715181901,25,76.46605533886527,16,-18.9581807381169,2026-05-15,1.075011909165363,-14.85480149088476,-27.697794488044845,-58.74819371258884,2026-05-15,2000-11-10,27.71999931335449,4050.0,-58.74819371258884,-99.71765431062674,2026-05-15,13.43000030517578,-19.528498318654066,-19.528498318654066,6,15.762625002861023,False,2026-05-15,15.821750001907349,False,2026-04-17,-14.98414213867294,-14.06567951215457,-21.69722278426332,-26.97789603797813
2026-05-15,2026-05-08,LITHIUM,ELV.AX,Elevra Lithium,24,5,16.0,-8.0,4,11.010000228881836,-18.50481093742301,24,6.069365197447785,7,46.99600220732958,3,108.128550250975,3,171.851844700385,5,358.7499913076562,3,219.13043700604592,7,109.71429007393972,11,39.01515306593044,2026-05-15,1.397284348080384,-19.57632895286348,13.471504517011718,-19.86899263255344,2026-05-15,2004-03-30,13.739999771118164,256.91192626953125,-19.86899263255344,-95.71448457502474,2026-05-15,13.510000228881836,-19.86899263255344,-19.86899263255344,5,6.600250016450882,True,2026-05-15,5.697900012731552,True,2026-04-17,-18.63415158521119,2.1058855314907365,38.73556680690083,30.99543776606921
2026-05-15,2026-05-08,LITHIUM,SGML.O,Sigma Lithium,25,18,19.0,-6.0,4,16.81999969482422,-22.52418054289944,25,-14.705880930565629,26,31.09898515077789,6,109.72567000967943,2,162.8124913154171,7,143.41534104553625,13,50.85202036124674,20,29.98454590619073,21,18.36734447340367,2026-05-15,1.2833438461451727,-22.52418054289944,-17.275387233941693,-28.87949274364728,2026-05-15,2018-07-03,23.64999961853028,42.400001525878906,-28.87949274364728,-60.33019082662507,2026-05-15,21.709999084472656,-22.52418054289944,-22.52418054289944,6,11.007074992656708,True,2026-05-15,9.519474997520447,True,2026-04-17,-22.65352119068762,-18.66936059652268,22.83854975034913,10.34762917354244
2026-05-15,2026-05-08,LITHIUM,ATLX.O,Atlas Lithium,26,26,1.0,-25.0,4,4.289999961853027,-33.59133225201035,26,-12.448982074329184,23,-6.126919021680443,23,-10.62500434617184,22,-27.777779115704693,25,0.9411755730124094,26,-28.14070163115854,26,-42.87616736209121,25,-2.05479795060185,2026-05-15,2.2070573780388423,-33.59133225201035,8.309160224390787,-42.41610642032767,2026-05-15,2013-02-28,7.449999809265136,412500.0,-42.41610642032767,-99.99896000000923,2026-05-15,6.460000038146973,-33.59133225201035,-33.59133225201035,6,5.054025011062622,False,2026-05-15,4.98010000705719,False,2026-04-17,-33.72067289979853,-16.412461740286233,-14.3873544221092,-10.07451325046308
2026-05-22,2026-05-15,LITHIUM,ELV.AX,Elevra Lithium,1,1,24.0,23.0,4,13.729999542236328,24.704807055492072,1,14.036541409782522,4,89.1184450327625,1,167.64131064220575,1,252.0512617049764,1,510.22220187717016,2,316.0605982008934,2,169.21568233294923,7,73.35857840876552,2026-05-22,2.43026714995991,24.704807055492072,-0.5307820072757221,-0.0727818708036398,2026-05-22,2004-03-30,13.739999771118164,256.91192626953125,-0.0727818708036398,-94.65575625795124,2026-05-22,11.010000228881836,-3.119581090704282,0.0,6,6.818150016069413,True,2026-05-22,5.906500015258789,True,2026-04-24,23.827838507962216,9.732470368619062,79.82123155107992,64.3915641805932
2026-05-22,2026-05-15,LITHIUM,IGO.AX,IGO Limited,2,10,2.0,0.0,4,9.210000038146973,8.225614458733244,2,31.383733772232112,1,14.552239823945069,12,47.36000061035157,11,79.88281726575235,13,122.46377621179128,18,114.18603789812852,15,86.06061400059455,15,12.180267909300802,2026-05-22,1.2586254363998477,8.225614458733244,33.13019974638664,-1.7075757669826497,2026-05-22,2002-01-17,9.369999885559082,16.393840789794922,-1.7075757669826497,-43.820364268267454,2026-05-22,8.510000228881836,-3.055231749576559,0.0,6,7.001899991035462,True,2026-05-22,6.665599992275238,True,2026-04-24,7.348645911203389,27.07966273106865,5.255026342262493,3.213253681128481
2026-05-22,2026-05-15,LITHIUM,EMH.AX,European Metals Holdings,3,7,3.0,0.0,4,0.3400000035762786,7.936509888789045,3,13.333330021964285,5,15.25424362359078,11,58.1395339166364,6,88.88888336994054,11,61.90476866265835,21,151.851844493254,13,112.5000069849194,11,-5.555558315029763,2026-05-22,1.3000525017682123,7.936509888789045,35.61383088277515,-22.727271495771816,2026-05-22,2012-07-19,0.4399999976158142,2.150000095367432,-22.727271495771816,-84.18604704674802,2026-05-22,0.3149999976158142,0.0,0.0,6,0.2768375011533499,True,2026-05-22,0.2615125007927418,True,2026-04-24,7.05954134125919,9.029258980800826,5.957030141908204,-14.522572543202084
2026-05-22,2026-05-15,LITHIUM,MIN.AX,Mineral Resources,4,6,13.0,9.0,4,69.66000366210938,7.549802798340033,4,17.331994130621986,3,29.47956254639412,6,47.303874632062005,12,95.18074066267567,10,193.9240566229822,11,158.57461871259068,12,106.8289876214887,13,25.6493603673174,2026-05-22,0.9244558642511082,7.549802798340033,37.0809221102357,-2.35490995517329,2026-05-22,2006-07-28,71.33999633789062,96.27999877929688,-2.35490995517329,-27.64852041409831,2026-05-22,64.7699966430664,-1.0344267464417634,0.0,6,51.23190010070801,True,2026-05-22,47.56150004386902,True,2026-04-24,6.672834250810178,13.027923089458524,20.182349064711545,16.68234613914508
2026-05-22,2026-05-15,LITHIUM,PLS.AX,Pilbara Minerals,5,2,9.0,4.0,4,6.340000152587891,5.490847107129837,5,9.878685850010172,6,45.08009882423083,2,68.61702576245914,5,200.47395581979225,3,367.8966836416,4,215.4228946601473,8,142.9118930043145,9,47.09977347468808,2026-05-22,0.7540307643936544,5.490847107129837,16.107745727461754,-2.461536114032448,2026-05-22,2007-09-19,6.5,6.5,-2.461536114032448,-2.461536114032448,2026-05-22,6.010000228881836,-1.4975066416035077,0.0,6,4.0390250146389,True,2026-05-22,3.593775010704994,True,2026-04-24,4.613878559599982,5.574614808846712,35.782885342548255,38.13275924651576
2026-05-22,2026-05-15,LITHIUM,ABAT.O,American Battery Technology,6,13,5.0,-1.0,4,3.2300000190734863,3.194885015217652,6,-1.5243888034273012,14,-9.523807297678944,20,-8.238635324557453,21,22.348480709273577,24,150.38760578207584,14,216.66667445812365,7,262.9621210116915,1,-12.702703312246175,2026-05-22,1.4004598665677994,3.194885015217652,5.63310734673183,-71.49161482062085,2026-05-22,2016-02-24,11.329999923706056,61.125,-71.49161482062085,-94.71574639006384,2026-05-22,3.130000114440918,-9.26518177854464,0.0,6,3.802475000619888,False,2026-05-22,3.7175749999284746,False,2026-04-24,2.317916467687797,-5.8284598445907605,-18.82102077936152,-21.669717540418496
2026-05-22,2026-05-15,LITHIUM,LI.V,American Lithium,7,22,18.0,11.0,4,0.5600000023841857,1.8181800448205048,7,-3.4482726727597,16,-18.840579084177232,26,-17.647059339140526,24,33.33333806386083,19,64.70588132171898,20,20.430107113391305,21,-43.43434373841775,25,-18.840579084177232,2026-05-22,1.8703392516394728,-1.7543843138140836,-16.849175082281185,-52.13675017736203,2026-05-22,1985-02-11,1.1699999570846558,1050.0,-52.13675017736203,-99.9466666664396,2026-05-22,0.550000011920929,-3.636370926848953,0.0,5,0.6536249996721745,False,2026-05-22,0.6342999997735024,False,2026-04-24,0.9412114972906503,-7.75234371392316,-28.137792565859808,-27.80759331234956
2026-05-22,2026-05-15,LITHIUM,LIT,Global X Lithium & Battery Tech ETF,8,12,12.0,4.0,4,85.27999877929686,1.4272085182079008,8,1.7782525927785289,10,15.586880171143314,10,41.40274720183326,15,83.35842153710402,12,126.74819833910048,17,101.84615095691564,17,89.63752827303897,14,28.68568447138953,2026-05-22,1.1214736500483282,1.4272085182079008,11.329063797587583,-6.919890610374058,2026-05-22,2010-07-23,91.62000274658205,96.30999755859376,-6.919890610374058,-11.452599998859302,2026-05-22,84.08000183105469,-2.7354935795307345,0.0,6,66.32689977645875,True,2026-05-22,61.83724985122681,True,2026-04-24,0.5502399706780459,-2.525818448384931,6.289666689460738,19.718670243217208
2026-05-22,2026-05-15,LITHIUM,AVL.TO,Avalon Advanced Materials,9,16,4.0,-5.0,4,11.69999885559082,0.0,9,0.0,12,-13.33334181043837,23,29.999987284342456,17,62.49998841020765,18,159.9999745686849,12,116.66666077978776,14,62.49998841020765,18,18.181811175945995,2026-05-22,0.1303547658294997,0.0,11.573057085239997,-51.8518588288927,2026-05-22,1984-05-31,24.30000114440918,7740.0,-51.8518588288927,-99.84883722408796,2026-05-22,11.69999885559082,-7.692305184288195,0.0,5,11.029499599933624,True,2026-05-22,10.772999670505524,True,2026-04-24,-0.876968547529855,-4.30407104116346,-22.630555292120945,9.214796947773674
2026-05-22,2026-05-15,LITHIUM,LTR.AX,Liontown Resources,10,3,10.0,0.0,4,2.3199999332427974,-1.2765945790309097,10,3.571425150243601,9,38.92215526118075,4,68.72726787220344,4,176.19047686626578,5,256.9230797445987,6,277.235755653137,4,201.298700092333,4,43.20987200086535,2026-05-22,0.7025360556506838,-1.2765945790309097,-10.12537428985886,-12.121218141883084,2026-05-22,2006-12-27,2.640000104904175,3.150000095367432,-12.121218141883084,-26.349210698287905,2026-05-22,2.3499999046325684,-8.085099000528984,-1.2765945790309097,6,1.5379750043153764,True,2026-05-22,1.383875004351139,True,2026-04-24,-2.1535631265607647,-0.7326458909198585,29.62494177949817,34.24285777269303
2026-05-22,2026-05-15,LITHIUM,CRML.O,Critical Metals,11,11,17.0,6.0,4,10.979999542236328,-1.7889155409670288,11,-4.604697446621997,17,6.498536327358728,16,48.17813452548205,8,67.63357591604056,17,603.8461503192517,1,322.307690191551,1,77.09677225841314,17,35.221671145138544,2026-05-22,0.7623719626658494,-1.7889155409670288,2.166887200527285,-63.36336405138423,2026-05-22,2022-02-07,29.96999931335449,29.96999931335449,-63.36336405138423,-63.36336405138423,2026-05-22,11.18000030517578,-12.343471169692588,-1.7889155409670288,6,10.1757750082016,True,2026-05-22,9.363575006723403,True,2026-04-24,-2.665884088496884,-8.908768487785457,-2.798677154323848,26.254656916966223
2026-05-22,2026-05-15,LITHIUM,LTBR.O,Lightbridge,12,25,23.0,11.0,4,11.220000267028809,-1.88019365717782,12,-11.022993080831734,23,-10.096148408846306,21,-25.050099753567245,26,-26.905537536185264,26,5.253287313626465,26,15.670108120124038,23,78.0952369418905,16,-20.481923883540343,2026-05-22,0.9348675855910772,-1.88019365717782,-24.09191149142415,-59.52380755787602,2026-05-22,2000-11-10,27.71999931335449,4050.0,-59.52380755787602,-99.72296295636966,2026-05-22,11.4350004196167,-9.051165396643867,-1.88019365717782,6,15.68857500076294,False,2026-05-22,15.83335000038147,False,2026-04-24,-2.757162204707675,-15.327064121995193,-19.39336189052888,-29.448938111712664
2026-05-22,2026-05-15,LITHIUM,LAC.TO,Lithium Americas,13,17,15.0,2.0,4,6.769999980926514,-2.026047316600544,13,6.614174529160843,8,8.14696059740838,14,-1.7416529446217632,19,75.84415970453438,14,71.82740818797161,19,65.12195459509952,19,21.54398154905639,20,3.3587753249663344,2026-05-22,1.9677215987983792,-3.835227022578647,-27.825401702545747,-52.01984304994111,2026-05-22,2023-10-04,14.109999656677246,16.010000228881836,-52.01984304994111,-57.71392951816752,2026-05-22,6.9099998474121085,-7.814760836141898,-2.026047316600544,5,6.736700023412705,True,2026-05-22,6.426100025177002,False,2026-04-24,-2.9030158641303982,2.310103487997384,-1.1502528842741953,-5.6082389032059865
2026-05-22,2026-05-15,LITHIUM,ATLX.O,Atlas Lithium,14,26,26.0,12.0,4,4.190000057220459,-2.3310001287126902,14,-5.6306305580659295,18,-16.032059130103736,24,-8.91304034591841,22,-24.91039221309529,25,5.808081233784823,25,-21.82835908861832,26,-47.16267152683803,26,-4.337900736441225,2026-05-22,1.4875336184784949,-2.3310001287126902,15.286853607158209,-43.75838705378761,2026-05-22,2013-02-28,7.449999809265136,412500.0,-43.75838705378761,-99.99898424241036,2026-05-22,4.289999961853027,-4.55580444983581,-4.55580444983581,6,5.026625008583069,False,2026-05-22,4.999450010061264,False,2026-04-24,-3.207968676242545,-9.934701599229388,-25.329272611786312,-13.304914964613545
2026-05-22,2026-05-15,LITHIUM,PMET.TO,PMET Resources Inc,15,7,11.0,-4.0,4,6.610000133514404,-2.507375678956658,15,27.85299876151468,2,23.55140656714408,7,45.27472211922774,13,71.68831940906873,16,210.32862809255747,9,163.34661986570097,11,167.6113383380643,8,19.314082653955133,2026-05-22,0.7639821791193219,-9.822643897486127,58.97643850751037,-14.378234285543812,2026-05-22,2010-03-15,7.71999979019165,493.5,-14.378234285543812,-98.66058761225644,2026-05-22,6.78000020980835,-3.687315520113632,-2.507375678956658,5,4.888949991464615,True,2026-05-22,4.609999989271164,True,2026-04-24,-3.384344226486513,23.54892772035122,14.254193085461498,10.347068425782812
2026-05-22,2026-05-15,LITHIUM,INR.AX,Ioneer Ltd,16,21,1.0,-15.0,4,0.1449999958276748,-3.333339956071357,16,7.407400048809554,7,7.407400048809554,15,-9.375000582076654,23,26.08695060634448,23,15.999996662139848,22,-9.375000582076654,25,-30.95238078343354,23,-27.50000316649672,2026-05-22,0.7402956221066794,-3.333339956071357,1.1665509510639938,-46.296299975595225,2026-05-22,2007-12-19,0.270000010728836,0.8500000238418579,-46.296299975595225,-82.9411774399371,2026-05-22,0.1500000059604644,-3.333339956071357,-3.333339956071357,6,0.1589250006899237,False,2026-05-22,0.1562500005215406,False,2026-04-24,-4.210308503601212,3.103329007646094,-1.889813432873022,-36.46701739466904
2026-05-22,2026-05-15,LITHIUM,SLI,Standard Lithium,17,20,6.0,-11.0,4,3.7200000286102295,-3.3766202400658307,17,-1.063828775385156,13,-16.964285429186965,25,-5.343512330274624,20,30.985920459026307,20,129.6296307197923,16,177.6119355184514,10,115.02890101715153,10,-22.175735034970224,2026-05-22,0.8351828746517763,-3.3766202400658307,5.239713128733633,-34.15929264036039,2026-05-22,2017-06-20,5.650000095367432,12.369999885559082,-34.15929264036039,-69.92724282113365,2026-05-22,3.849999904632568,-7.012986691288791,-3.3766202400658307,6,3.977200003862381,False,2026-05-22,3.852300000190735,False,2026-04-24,-4.253588787595685,-5.367899816548616,-26.26149891086954,-31.142749263142544
2026-05-22,2026-05-15,LITHIUM,VULG.DE,Vulcan Energy Resources,18,23,7.0,-11.0,4,2.16599988937378,-4.074402649508368,18,-1.9909569236969733,15,-6.958770382842038,19,-18.644194989319686,25,27.27340227075452,21,7.238654190515903,24,4.384730849907981,24,-43.35358128027215,24,-15.522621637416822,2026-05-22,1.3816685162239537,-4.074402649508368,-7.024770699444686,-36.17501337113384,2026-05-22,2022-02-15,3.3936550617218018,6.09117603302002,-36.17501337113384,-64.44036623417249,2026-05-22,2.2579998970031734,-6.55447336839009,-4.074402649508368,6,2.373058466911316,False,2026-05-22,2.3295755475759505,False,2026-04-24,-4.951371197038223,-6.2950279648604335,-16.255983864524616,-24.489635865589143
2026-05-22,2026-05-15,LITHIUM,GLN.AX,Galan Lithium,19,5,20.0,1.0,4,0.4350000023841857,-4.395606626909732,19,-12.121212486101296,24,16.00000063578284,9,97.72727488239931,2,210.71428609441745,2,334.9999959021808,5,278.2608647765647,3,210.71428609441745,2,29.85074374584935,2026-05-22,0.5753810511711821,-4.395606626909732,-4.241533983962936,-20.183488245253542,2026-05-22,2011-06-08,0.5450000166893005,2.1742498874664307,-20.183488245253542,-79.99309992417318,2026-05-22,0.4550000131130218,-8.79121325381943,-4.395606626909732,6,0.2904750004410744,True,2026-05-22,0.255250000283122,True,2026-04-24,-5.272575174439587,-16.425283527264757,6.702787154100264,20.88372951767703
2026-05-22,2026-05-15,LITHIUM,SQM,Sociedad Quimica y Minera ADR,20,19,14.0,-6.0,4,80.18000030517578,-4.84215728413846,20,-9.69703854214723,21,9.730396387089613,13,37.036408486218434,16,72.91352631462476,15,140.780787213776,15,101.81223566322396,18,109.5661364941814,12,14.986370923791291,2026-05-22,0.6958117687501082,-4.84215728413846,0.5317003252855904,-15.87451226626725,2026-05-22,1993-09-21,95.30999755859376,113.5199966430664,-15.87451226626725,-29.36927177924381,2026-05-22,84.26000213623048,-5.898410983502833,-4.84215728413846,6,65.38470003128052,True,2026-05-22,60.35500005722046,True,2026-04-24,-5.719125831668315,-14.00110958331069,0.4331829054070368,6.019356695618971
2026-05-22,2026-05-15,LITHIUM,ALB,Albermale,21,15,19.0,-2.0,4,171.5800018310547,-4.878591203872573,21,-8.893962638531661,19,-3.346103142432011,18,48.06697091632337,9,110.9417378362083,9,196.1339418326468,10,111.7487404860894,16,58.31334764648521,19,19.21073477545312,2026-05-22,0.8787222115904328,-4.878591203872573,1.831298365330644,-20.42481879391449,2026-05-22,1994-02-22,215.6199951171875,325.3800048828125,-20.42481879391449,-47.26781017387647,2026-05-22,180.3800048828125,-6.308905962279887,-4.878591203872573,6,138.50159996032716,True,2026-05-22,126.9032996749878,True,2026-04-24,-5.755559751402428,-13.198033679695122,-12.643316624114586,10.243720547280798
2026-05-22,2026-05-15,LITHIUM,DLI.AX,Delta Lithium,22,24,16.0,-6.0,4,0.2049999982118606,-6.818182126057081,22,-10.869567611717745,22,-12.765957986461252,22,0.0,18,26.15384968074832,22,7.894737254879791,23,17.14285811599423,22,7.894737254879791,21,-8.88888726999727,2026-05-22,0.3980074134132095,-6.818182126057081,32.06944342422121,-36.92307515962584,2026-05-22,2017-11-03,0.324999988079071,0.9354239702224731,-36.92307515962584,-78.08480381755611,2026-05-22,0.2199999988079071,-9.090907243657709,-6.818182126057081,6,0.2083249998837709,False,2026-05-22,0.2013750001788139,True,2026-04-24,-7.695150673586936,-15.173638652881206,-22.06317146814383,-17.85590149816959
2026-05-22,2026-05-15,LITHIUM,1772.HK,Ganfeng Lithium,23,14,21.0,-2.0,4,68.19999694824219,-6.830601377668577,23,-16.879958060183043,25,2.5563863883341087,17,42.024148892351576,14,121.42856700522104,8,245.84178155653785,7,209.9999861283736,9,184.16665395100912,5,26.06284449502505,2026-05-22,0.920719923364532,-6.830601377668577,-9.156567259790537,-23.370789945795288,2026-05-22,2018-10-11,89.0,128.0000457763672,-23.370789945795288,-46.718771439038,2026-05-22,73.19999694824217,-8.265590584376447,-7.588083837324778,6,54.926250066757206,True,2026-05-22,49.892750110626224,True,2026-04-24,-7.707569925198432,-21.184029101346503,-6.740827093348467,17.09583026685273
2026-05-22,2026-05-15,LITHIUM,LAR.TO,Lithium Argentina AG,24,4,22.0,-2.0,4,12.720000267028809,-6.949523072151209,24,0.2364120381208145,11,29.531574972788267,5,89.00446108438437,3,185.8427148815847,4,404.7619191787501,3,271.92982407218926,5,171.21535419697526,6,55.12195808415199,2026-05-22,0.7388341948477847,-8.751788738009036,17.353143661387033,-21.287126317233152,2026-05-22,2008-07-16,16.15999984741211,21.016979217529297,-21.287126317233152,-39.47750466242246,2026-05-22,13.670000076293944,-9.729333696292308,-6.949523072151209,5,8.312999994754792,True,2026-05-22,7.325300004482269,True,2026-04-24,-7.826491619681064,-4.067659003042645,20.23436149110569,46.15494385597967
2026-05-22,2026-05-15,LITHIUM,CXO.AX,Core Lithium,25,9,8.0,-17.0,4,0.2949999868869781,-9.230769936149674,25,-9.230769936149674,20,40.47618861776898,3,47.49999124556792,10,126.92307515962584,7,239.0804544545995,8,243.0232289169152,6,204.123688851474,3,7.272720179282088,2026-05-22,0.9266287412112156,-9.230769936149674,-23.790191972616665,-22.36842352927892,2026-05-22,2011-02-11,0.3799999952316284,1.8650000095367432,-22.36842352927892,-84.18230641402224,2026-05-22,0.324999988079071,-9.230769936149674,-9.230769936149674,6,0.2118699987977743,True,2026-05-22,0.1901899991929531,True,2026-04-24,-10.10773848367953,-13.534840977313134,31.178975136086407,-1.6942940488902325
2026-05-22,2026-05-15,LITHIUM,SGML.O,Sigma Lithium,26,18,25.0,-1.0,4,14.880000114440918,-11.533885942817646,26,-24.42864545024712,26,19.518075039385984,8,48.94895350708725,7,143.13726131845476,6,150.50505001853162,13,29.16666252745539,20,6.666668945458376,22,4.714989968299221,2026-05-22,1.2398131178567595,-11.533885942817646,-17.625434742018303,-37.08245093254834,2026-05-22,2018-07-03,23.64999961853028,42.400001525878906,-37.08245093254834,-64.90566137041554,2026-05-22,16.81999969482422,-12.247321660631638,-11.533885942817646,6,11.257324995994567,True,2026-05-22,9.91052500963211,True,2026-04-24,-12.4108544903475,-28.73271649141058,10.220861557703408,-4.2520242598731
2026-05-29,2026-05-22,LITHIUM,GLN.AX,Galan Lithium,1,2,19.0,18.0,4,0.5099999904632568,17.24137647540338,1,-6.422022964083118,14,21.428572949098147,7,85.45453796702003,3,199.9999912346113,3,460.4395613392804,3,363.6363574788592,2,307.99999237060547,1,52.23879933118254,2026-05-29,0.8162867610136537,22.89156643810322,-13.539524052725827,-6.422022964083118,2026-05-29,2011-06-08,0.5450000166893005,2.1742498874664307,-6.422022964083118,-76.54363496104213,2026-05-29,0.4350000023841857,0.0,0.0,3,0.2938750003278255,True,2026-05-29,0.2651750002801418,True,2026-05-01,15.815133502784164,-11.262052392838662,11.279219606244627,41.71765072010791
2026-05-29,2026-05-22,LITHIUM,SGML.O,Sigma Lithium,2,12,26.0,24.0,4,16.770000457763672,12.701615112815244,2,-23.66863458402564,25,19.61483530820549,8,45.446668223314624,8,149.92548975297558,7,235.064936549696,7,48.27586061514941,20,21.875001299519848,21,18.01548495949569,2026-05-29,1.0379909366112283,7.8456607849800575,-17.58606088614212,-29.09090601158395,2026-05-29,2018-07-03,23.64999961853028,42.400001525878906,-29.09090601158395,-60.44811355129769,2026-05-29,14.880000114440918,-1.3725492518237958,0.0,5,11.454725000858309,True,2026-05-29,10.298825006484986,True,2026-05-01,11.275372140196026,-28.508664012781185,9.465481965351977,7.494336348421072
2026-05-29,2026-05-22,LITHIUM,LAR.TO,Lithium Argentina AG,3,1,24.0,21.0,4,14.329999923706056,12.657229739613186,3,2.138276524908611,9,30.27272657914597,3,86.10389972300099,2,205.543704666792,2,475.5020027639321,2,354.92061872571253,3,199.16492772084385,5,74.75610069544958,2026-05-29,0.5596101865020321,12.657229739613186,18.272766674459543,-11.324257060553824,2026-05-29,2008-07-16,16.15999984741211,21.016979217529297,-11.324257060553824,-31.817033383398595,2026-05-29,12.720000267028809,0.0,0.0,6,8.553149995803834,True,2026-05-29,7.579850000143051,True,2026-05-01,11.230986766993968,-2.7017529038469323,20.12337323629245,64.23495208437495
2026-05-29,2026-05-22,LITHIUM,ABAT.O,American Battery Technology,4,8,6.0,2.0,4,3.6099998950958248,11.764701974563453,4,10.397550952675427,3,-3.217161484290532,19,6.804727007914635,17,46.15384021380067,19,169.40297053528965,15,260.99998950958246,6,286.84096532953924,2,-2.432436525081483,2026-05-29,1.860351239703249,12.461054585524511,14.965374817881234,-68.13768826650627,2026-05-29,2016-02-24,11.329999923706056,61.125,-68.13768826650627,-94.09406970127472,2026-05-29,3.2300000190734863,-4.749342178599814,-4.749342178599814,5,3.830924999713898,False,2026-05-29,3.753875000476837,False,2026-05-01,10.338459001944234,5.557521523919884,-13.36651482714405,-12.953585136156107
2026-05-29,2026-05-22,LITHIUM,VULG.DE,Vulcan Energy Resources,5,21,18.0,13.0,4,2.388000011444092,10.24931363844599,5,2.138577889298099,8,6.512038436220879,13,-15.057451992736803,22,28.44600627546585,21,22.38722587962474,22,24.08998235223536,23,-33.62628956106863,23,-6.864270175498954,2026-05-29,1.01321133753827,10.24931363844599,-16.39906117881124,-29.63339031184512,2026-05-29,2022-02-15,3.3936550617218018,6.09117603302002,-29.63339031184512,-60.79574784083008,2026-05-29,2.16599988937378,-0.6352059432429669,0.0,6,2.384644591808319,True,2026-05-29,2.3420714688301087,True,2026-04-30,8.823070665826773,-2.7014515394574445,-3.6373149066326382,-17.38541878657358
2026-05-29,2026-05-22,LITHIUM,SLI,Standard Lithium,6,16,17.0,11.0,4,4.019999980926514,8.064514785188393,6,1.5151500555948827,10,-14.830505092813018,24,-4.739332208735814,20,36.73469056756109,20,127.1186454376247,18,209.23077910609533,10,124.58100930711566,11,-15.899585680401207,2026-05-29,0.887033468573384,9.536781944321016,21.09871574242761,-28.84955906066964,2026-05-29,2017-06-20,5.650000095367432,12.369999885559082,-28.84955906066964,-67.50202087213015,2026-05-29,3.7200000286102295,0.0,0.0,5,4.000300003290176,True,2026-05-29,3.8791500008106232,True,2026-05-01,6.638271812569175,-3.3248793731606607,-24.979858435666536,-26.42073429147583
2026-05-29,2026-05-22,LITHIUM,AVL.TO,Avalon Advanced Materials,7,14,9.0,2.0,4,12.59999942779541,7.692313335351542,7,7.692313335351542,6,0.0,17,16.666669610106098,16,55.5555411654088,18,179.99998728434244,13,133.33333922021225,15,74.99999668863076,17,27.272726396993274,2026-05-29,1.0193586309647034,7.692313335351542,6.926975144821912,-48.14815294486373,2026-05-29,1984-05-31,24.30000114440918,7740.0,-48.14815294486373,-99.83720930971842,2026-05-29,11.69999885559082,-7.692305184288195,0.0,6,11.141999583244324,True,2026-05-29,10.84499965429306,True,2026-05-01,6.266070362732323,2.852283906595998,-10.149353342853518,16.75157778591865
2026-05-29,2026-05-22,LITHIUM,PMET.TO,PMET Resources Inc,8,6,15.0,7.0,4,7.079999923706056,7.110435411470428,8,15.875609967191906,2,27.797833437853072,4,44.19552227557968,9,79.69542692597736,15,229.3023074259954,9,188.97958309836133,13,166.16540207723526,8,27.797833437853072,2026-05-29,0.654358629321073,7.110435411470428,49.31964779499306,-8.29015393625686,2026-05-29,2010-03-15,7.71999979019165,493.5,-8.29015393625686,-98.5653495595327,2026-05-29,6.610000133514404,-2.1180081769274994,0.0,6,4.95254998922348,True,2026-05-29,4.679299991130829,True,2026-05-01,5.68419243885121,11.035580538436363,17.648480094999556,17.276684826778446
2026-05-29,2026-05-22,LITHIUM,SQM,Sociedad Quimica y Minera ADR,9,13,20.0,11.0,4,85.87000274658203,7.096535819093708,9,-7.347860958318797,16,13.539608442470596,11,34.318789827426286,13,88.68381875099381,11,172.949794168824,14,123.79464461028596,17,123.270943293522,12,23.146419923474102,2026-05-29,1.1229978733738113,8.298652736887702,16.3653685049235,-9.904516896255611,2026-05-29,1993-09-21,95.30999755859376,113.5199966430664,-9.904516896255611,-24.35693685177112,2026-05-29,80.18000030517578,0.0,0.0,5,66.19340007781983,True,2026-05-29,61.700750064849856,True,2026-05-01,5.6702928464744895,-12.18789038707434,3.390255099617079,12.62527131239948
2026-05-29,2026-05-22,LITHIUM,LAC.TO,Lithium Americas,10,20,13.0,3.0,4,7.199999809265137,6.3515484423941615,10,-6.9767438995029245,15,3.004292489603033,16,-3.8718287144851695,19,75.18247142022636,16,89.97361165525905,19,87.49999922389782,19,28.34223953493333,20,9.923658009196924,2026-05-29,1.1790266938698155,6.3515484423941615,-24.15614582308421,-48.97236013852137,2026-05-29,2023-10-04,14.109999656677246,16.010000228881836,-48.97236013852137,-55.028109267129,2026-05-29,6.769999980926514,-0.862068138659311,0.0,6,6.8164000248909,True,2026-05-29,6.510800023078918,True,2026-05-01,4.925305469774943,-11.816773328258469,-7.1450608532504845,-0.597490601877702
2026-05-29,2026-05-22,LITHIUM,MIN.AX,Mineral Resources,11,7,4.0,-7.0,4,73.47000122070312,5.469419119003205,11,10.149931907364728,4,23.06532710517455,6,55.68977189823434,6,96.44384551659871,10,223.3714940190096,11,223.51388895887817,9,118.46565235574847,13,32.521650506152696,2026-05-29,0.8505768729565801,5.469419119003205,14.944121237702625,0.0,2026-05-29,2006-07-28,73.47000122070312,96.27999877929688,0.0,-23.691314756745296,2026-05-29,69.66000366210938,-1.0065723933879278,0.0,6,52.11645011901855,True,2026-05-29,48.43410001754761,True,2026-05-01,4.043176146383987,5.309902478609184,12.915973762321032,22.00050189507807
2026-05-29,2026-05-22,LITHIUM,DLI.AX,Delta Lithium,12,22,22.0,10.0,4,0.2150000035762786,4.878051439826514,12,-10.416663174206942,22,-12.24489820743292,23,-2.2727251176006824,18,19.444441684970258,22,19.444441684970258,23,30.303027292694807,21,13.157898039038486,22,-4.444440323629417,2026-05-29,0.5652358150870047,4.878051439826514,18.65843597299108,-33.84615031925168,2026-05-29,2017-11-03,0.324999988079071,0.9354239702224731,-33.84615031925168,-77.01576927463759,2026-05-29,0.2049999982118606,-2.4390220854836664,0.0,6,0.2094749999046325,True,2026-05-29,0.2031750001013278,True,2026-05-01,3.451808467207296,-15.256692602962485,-22.39425155028644,-14.965588934704044
2026-05-29,2026-05-22,LITHIUM,LTR.AX,Liontown Resources,13,3,10.0,-3.0,4,2.4200000762939453,4.310351117612843,13,-8.3333340859172,17,40.69767651395448,2,76.00000554865056,4,157.4468172799953,6,287.20001220703125,6,278.1250203726818,5,231.50685110466185,3,49.38272031918656,2026-05-29,0.6372458879521697,4.310351117612843,-13.882724441807293,-8.3333340859172,2026-05-29,2006-12-27,2.640000104904175,3.150000095367432,-8.3333340859172,-23.17460307849089,2026-05-29,2.3199999332427974,-2.586204504569756,0.0,6,1.5737500035762786,True,2026-05-29,1.4237500041723252,True,2026-05-01,2.884108144993625,-13.173363514672744,30.548323171100968,38.86157170811194
2026-05-29,2026-05-22,LITHIUM,IGO.AX,IGO Limited,14,9,2.0,-12.0,4,9.579999923706056,4.017371162069239,14,24.73958512806957,1,15.421683175381506,10,43.84384599390911,10,83.52491012943754,13,133.65854015951717,17,140.70351451747496,14,97.5257755068312,14,16.68696564182106,2026-05-29,0.8628374057913005,4.017371162069239,21.79792027551872,0.0,2026-05-29,2002-01-17,9.579999923706056,16.393840789794922,0.0,-41.563419783425296,2026-05-29,9.210000038146973,-2.323128414206821,0.0,6,7.102949993610382,True,2026-05-29,6.73444999217987,True,2026-05-01,2.5911281894500204,19.899555699314032,5.272329832527989,6.165817030746435
2026-05-29,2026-05-22,LITHIUM,ALB,Albermale,15,16,21.0,6.0,4,176.4199981689453,2.820839425480548,15,-9.005573692047609,19,-0.9877621389503876,18,37.47369722724751,12,107.74847147071766,8,206.8707479878617,12,129.0276528166858,16,63.806873879233386,19,22.573478181404138,2026-05-29,0.9709452917644404,3.837554153435341,4.150711328620678,-18.18013070955564,2026-05-29,1994-02-22,215.6199951171875,325.3800048828125,-18.18013070955564,-45.78031977334194,2026-05-29,171.5800018310547,-0.6479934008983501,-0.5916510083594506,5,140.50469997406006,True,2026-05-29,129.95499965667724,True,2026-05-01,1.3945964528613295,-13.845603120803151,-11.137115481803905,12.052329570329512
2026-05-29,2026-05-22,LITHIUM,LTBR.O,Lightbridge,16,23,12.0,-4.0,4,11.479999542236328,2.317284037608758,16,-8.671441360787835,18,-11.41975687927741,22,-24.32432772247612,25,-24.124260043599243,26,-23.210704423409457,26,5.806443673887318,24,75.53516222014798,16,-18.63926419868004,2026-05-29,0.9597015086232108,0.613494266085346,-23.78042181897916,-58.58585921138288,2026-05-29,2000-11-10,27.71999931335449,4050.0,-58.58585921138288,-99.71654322117936,2026-05-29,11.220000267028809,-2.674723171142346,-0.9490993002877812,5,15.62602499485016,False,2026-05-29,15.81704999923706,False,2026-05-01,0.8910410649895395,-13.511470789543376,-21.569110222130927,-29.160412809754664
2026-05-29,2026-05-22,LITHIUM,LIT,Global X Lithium & Battery Tech ETF,17,15,8.0,-9.0,4,87.1500015258789,2.1927799875109955,17,-1.7696118949757755,12,15.860143727161002,9,38.28943334312935,11,83.62832534143791,12,135.3497283251428,16,113.9175207053126,18,94.9664430389329,15,31.507478407269684,2026-05-29,0.9869530935468576,3.282773598749711,5.394932155250179,-4.878848599324992,2026-05-29,2010-07-23,91.62000274658205,96.30999755859376,-4.878848599324992,-9.510950332172976,2026-05-29,85.27999877929686,-0.9496232881463064,-0.3999982561383897,5,67.16284976959228,True,2026-05-29,62.98769983291626,True,2026-05-01,0.7665370148917772,-6.609641323731319,5.710790384307485,20.98632979619505
2026-05-29,2026-05-22,LITHIUM,CRML.O,Critical Metals,18,11,11.0,-7.0,4,11.199999809265137,2.00364550273926,18,-9.967844155505643,21,3.512015944165792,15,50.03348399641272,7,80.79095236346889,14,705.7553902539116,1,486.38743481639057,1,64.46402207595014,18,37.93103407776697,2026-05-29,0.7702956642362371,0.5385948302806476,-0.3858217778281149,-62.62929574284484,2026-05-29,2022-02-07,29.96999931335449,29.96999931335449,-62.62929574284484,-62.62929574284484,2026-05-29,10.979999542236328,-4.599659049240302,-4.599659049240302,5,10.313325002193451,True,2026-05-29,9.59232500076294,True,2026-05-01,0.5774025301200414,-14.807873584261188,-6.637337398687726,27.40988546669234
2026-05-29,2026-05-22,LITHIUM,PLS.AX,Pilbara Minerals,19,5,5.0,-14.0,4,6.460000038146973,1.8927426288799063,19,5.211729293481859,7,25.436891621767582,5,64.79591613310376,5,163.673465812966,5,391.2547343763315,5,240.0000062741732,7,170.29287676144187,6,49.88399359422928,2026-05-29,3.921462140066468,1.8927426288799063,54.61708852940341,-0.6153840285081147,2026-05-29,2007-09-19,6.5,6.5,-0.6153840285081147,-0.6153840285081147,2026-05-29,6.340000152587891,-2.3328090596392737,0.0,6,4.144225016236305,True,2026-05-29,3.705200009942055,True,2026-05-01,0.4664996562606882,0.3716998647263159,15.287538278914068,39.36284498315466
2026-05-29,2026-05-22,LITHIUM,ATLX.O,Atlas Lithium,20,26,14.0,-6.0,4,4.21999979019165,0.7159840706802312,20,-21.706866517175115,24,-24.64285960611036,26,-18.21705591119146,23,-21.415272250936045,25,8.205120179466817,24,-19.311667785820795,26,-40.47955290027284,25,-3.652975344035825,2026-05-29,1.1973965298707896,-3.872439213307732,2.859852549799273,-43.35570606399909,2026-05-29,2013-02-28,7.449999809265136,412500.0,-43.35570606399909,-99.99897696974784,2026-05-29,4.190000057220459,-1.190469432579655,-0.9389773835924098,5,4.9910250091552735,False,2026-05-29,5.023600008487701,True,2026-05-01,-0.7102589019389871,-26.546895945930657,-34.79221294896387,-14.174123955110453
2026-05-29,2026-05-22,LITHIUM,CXO.AX,Core Lithium,21,10,25.0,4.0,4,0.2949999868869781,0.0,21,-9.230769936149674,20,7.272720179282088,12,28.260861537181725,15,168.18180771406034,4,224.1758163482608,10,239.0804544545995,8,224.1758163482608,4,7.272720179282088,2026-05-29,0.7988478905964281,0.0,-30.22888128369289,-22.36842352927892,2026-05-29,2011-02-11,0.3799999952316284,1.8650000095367432,-22.36842352927892,-84.18230641402224,2026-05-29,0.2949999868869781,-6.779654852722472,0.0,6,0.2162399987503886,True,2026-05-29,0.1955649989843368,True,2026-05-01,-1.4262429726192185,-14.070799364905216,-2.8766331635714293,-3.2484284317925374
2026-05-29,2026-05-22,LITHIUM,EMH.AX,European Metals Holdings,22,18,3.0,-19.0,4,0.3300000131130218,-2.941173634727124,22,8.196723073504653,5,4.761909717695345,14,-13.15789019632203,21,69.23078216274392,17,65.00000409781926,20,200.0000135465104,11,127.5862224887304,10,-8.333333333333337,2026-05-29,0.6462176384860392,-2.941173634727124,29.858945865999846,-24.999996613372456,2026-05-29,2012-07-19,0.4399999976158142,2.150000095367432,-24.999996613372456,-84.65116286161721,2026-05-29,0.3400000035762786,-5.882356034843095,-2.941173634727124,5,0.2801125012338161,True,2026-05-29,0.2650375008583069,True,2026-05-01,-4.367416607346342,3.35669364474911,-5.3874436251581725,-18.854481944407965
2026-05-29,2026-05-22,LITHIUM,LI.V,American Lithium,23,25,7.0,-16.0,4,0.5299999713897705,-5.357148369051934,23,-15.873019777578168,23,-24.28571708348337,25,-26.38889578757434,26,3.921564960882984,24,51.42856583303326,21,27.71083904742011,22,-44.79166841289653,26,-23.18840967810123,2026-05-29,0.6142734177843509,-5.357148369051934,-25.139681245911305,-54.70085548461074,2026-05-29,1985-02-11,1.1699999570846558,1050.0,-54.70085548461074,-99.9495238122486,2026-05-29,0.5600000023841857,-5.357148369051934,-5.357148369051934,6,0.6571749997138977,False,2026-05-29,0.6407499994337559,False,2026-05-01,-6.783391341671153,-20.71304920633371,-34.435070426336885,-33.70955828917586
2026-05-29,2026-05-22,LITHIUM,1772.HK,Ganfeng Lithium,24,19,23.0,-1.0,4,64.05000305175781,-6.085035311121578,24,-26.124561353797816,26,-3.466458892625845,20,31.735920318488773,14,104.2410771848508,9,229.47531528893927,8,193.13502029078467,12,154.67198418788993,9,18.391875893298494,2026-05-29,0.7973485207714854,-5.39142401922833,-33.53650996334852,-28.03370443622718,2026-05-29,2018-10-11,89.0,128.0000457763672,-28.03370443622718,-49.96095301117194,2026-05-29,68.19999694824219,-6.085035311121578,-6.085035311121578,5,55.70290007591248,True,2026-05-29,51.02275010108948,True,2026-04-30,-7.511278283740796,-30.96459078255336,-13.615812235479364,7.870727282223868
2026-05-29,2026-05-22,LITHIUM,ELV.AX,Elevra Lithium,25,3,1.0,-24.0,4,12.890000343322754,-6.117984172756619,25,-4.659764002294464,13,59.13579921318342,1,121.8588721217112,1,230.512821233876,1,437.0833262966741,4,352.2807289351323,4,168.5416631483371,7,62.752528019601385,2026-05-29,1.0362637769028389,-6.117984172756619,-20.515481056630623,-6.594201701700486,2026-05-29,2004-03-30,13.800000190734863,256.91192626953125,-6.594201701700486,-94.98271624424332,2026-05-29,13.729999542236328,-10.507244849450403,-6.594201701700486,6,7.037800022363663,True,2026-05-29,6.172850017547607,True,2026-05-01,-7.544227145375837,-9.499793431050009,48.9864458703299,52.23137940852676
2026-05-29,2026-05-22,LITHIUM,INR.AX,Ioneer Ltd,26,24,16.0,-10.0,4,0.135000005364418,-6.896545345519389,26,0.0,11,-3.571425150243601,21,-20.588232973867648,24,17.391306882995284,23,8.000004291534403,25,-6.896545345519389,25,-35.71428115270561,24,-32.499998323619394,2026-05-29,0.6038582343993049,-6.896545345519389,0.9219614088442464,-50.0,2026-05-29,2007-12-19,0.270000010728836,0.8500000238418579,-50.0,-84.11764687320354,2026-05-29,0.1449999958276748,-9.999999999999964,-9.999999999999964,6,0.1592500008270144,False,2026-05-29,0.1570250006020069,False,2026-05-01,-8.322788318138606,-4.840029428755543,-13.720778493097118,-43.021146934694016
2026-06-05,2026-05-29,LITHIUM,INR.AX,Ioneer Ltd,1,18,26.0,25.0,4,0.1500000059604644,11.111111111111072,1,7.142860944173735,2,7.142860944173735,10,-16.666666666666675,19,3.448282949422876,24,25.00000776102165,22,3.448282949422876,23,-16.666666666666675,23,-24.999998137354908,2026-06-05,0.7960610992126863,11.111111111111072,10.1973260747481,-44.444444444444464,2026-06-05,2007-12-19,0.270000010728836,0.8500000238418579,-44.444444444444464,-82.35294097022616,2026-06-05,0.135000005364418,0.0,0.0,6,0.1598500008881092,False,2026-06-05,0.1572000006586313,False,2026-05-08,13.701061885922892,7.348160102908475,-0.9533732188941046,-32.658703403646086
2026-06-05,2026-05-29,LITHIUM,LI.V,American Lithium,2,22,23.0,21.0,4,0.550000011920929,3.773592756753197,2,-11.29032134017388,9,-15.384610446952308,23,-19.11764615650408,21,26.43678365665316,20,57.14286322496385,20,30.95238787922483,20,-33.73493699034885,25,-20.289853069367105,2026-06-05,1.8250048284158595,3.773592756753197,-39.506792811579984,-52.99145024830685,2026-06-05,1985-02-11,1.1699999570846558,1050.0,-52.99145024830685,-99.94761904648372,2026-06-05,0.5299999713897705,-3.508768627628134,-3.508768627628134,6,0.6607999996840954,False,2026-06-05,0.6464249993860721,False,2026-05-08,6.36354353156502,-11.08502218143914,-23.480844610020142,-27.948558335658284
2026-06-05,2026-05-29,LITHIUM,IGO.AX,IGO Limited,3,9,14.0,11.0,4,8.979999542236328,-6.263052048518336,3,7.673853452506796,1,13.814951764203842,7,29.581526185826256,9,85.1546333775989,9,106.9124245740328,17,127.91876679746608,14,81.04837647523897,14,9.378800249837106,2026-06-05,0.9332788170188712,-6.263052048518336,15.852317355853348,-10.468596397697228,2026-06-05,2002-01-17,10.029999732971191,16.393840789794922,-10.468596397697228,-45.223333217763525,2026-06-05,9.579999923706056,-10.468596397697228,-10.468596397697228,6,7.20614999294281,True,2026-06-05,6.806349990367889,True,2026-05-08,-3.673101273706514,7.879152611241535,5.718717601136003,1.7200949835459287
2026-06-05,2026-05-29,LITHIUM,AVL.TO,Avalon Advanced Materials,4,10,7.0,3.0,4,11.69999885559082,-7.14286200854265,4,0.0,3,0.0,16,8.333330389893856,15,62.49998841020765,15,188.8888470266438,9,85.7142759829147,18,29.999987284342456,18,18.181811175945995,2026-06-05,0.97998704618954,-7.14286200854265,3.875952630942296,-51.8518588288927,2026-06-05,1984-05-31,24.30000114440918,7740.0,-51.8518588288927,-99.84883722408796,2026-06-05,12.59999942779541,-14.28571644824116,-7.14286200854265,6,11.276999566555023,True,2026-06-05,10.86074964761734,True,2026-05-08,-4.552911233730828,0.2052991587347397,-8.09623416306784,10.523105909654818
2026-06-05,2026-05-29,LITHIUM,MIN.AX,Mineral Resources,5,4,11.0,6.0,4,67.56999969482422,-8.03049057826386,5,-2.8468774551456355,5,20.53156981729396,6,34.735787914096214,8,82.12938672209738,10,191.375584901728,8,220.54079667636364,7,96.31029427476194,13,21.87951184809636,2026-06-05,0.7752246022475401,-8.03049057826386,-1.849683388228188,-9.09458088215218,2026-06-05,2006-07-28,74.33000183105469,96.27999877929688,-9.09458088215218,-29.81927653560189,2026-06-05,73.47000122070312,-9.09458088215218,-9.09458088215218,6,52.99430011749268,True,2026-06-05,49.38945007324219,True,2026-05-08,-5.440539803452039,-2.641578296410896,12.43533565422612,14.22080658180518
2026-06-05,2026-05-29,LITHIUM,CXO.AX,Core Lithium,6,5,21.0,15.0,4,0.270000010728836,-8.474568565903095,6,-19.40298387961285,17,5.88235912850994,12,25.58139825009085,10,157.14287538917756,3,200.00000000000023,7,221.42858853449664,6,203.370793289254,4,-1.818180044820528,2026-06-05,0.8382563150911455,-8.474568565903095,-51.232400150456805,-28.947364706081668,2026-06-05,2011-02-11,0.3799999952316284,1.8650000095367432,-28.947364706081668,-85.52278770251039,2026-06-05,0.2949999868869781,-15.624994761310418,-15.624994761310418,6,0.2206649988144636,True,2026-06-05,0.2008649990335106,True,2026-05-08,-5.884617791091273,-19.197684720878115,-2.2138750345578995,-9.476885311111705
2026-06-05,2026-05-29,LITHIUM,PLS.AX,Pilbara Minerals,7,1,19.0,12.0,4,5.9099998474121085,-8.513934790821299,7,-5.591060202440989,6,22.86902115838516,5,55.526313725600886,5,147.28031748973774,4,337.7777587435376,3,211.87334601040783,8,155.84415557607397,6,37.12296811773784,2026-06-05,1.016821289280181,-8.513934790821299,36.27783874514426,-12.31453934557566,2026-06-05,2007-09-19,6.739999771118164,6.739999771118164,-12.31453934557566,-12.31453934557566,2026-06-05,6.460000038146973,-12.31453934557566,-12.31453934557566,6,4.247775014042855,True,2026-06-05,3.8145500099658967,True,2026-05-08,-5.923984016009477,-5.38576104370625,14.77278699531732,29.46426285144665
2026-06-05,2026-05-29,LITHIUM,PMET.TO,PMET Resources Inc,8,8,8.0,0.0,4,6.380000114440918,-9.887003062264444,8,-11.51178806261659,10,28.62903357606524,4,36.61670257410379,7,70.58823791904696,11,183.55556064181857,10,129.49640935612834,13,137.1747203988273,9,15.162457732344926,2026-06-05,1.1643772475671823,-9.887003062264444,-12.146717146127408,-17.357509224977154,2026-06-05,2010-03-15,7.71999979019165,493.5,-17.357509224977154,-98.7071934925145,2026-06-05,7.079999923706056,-14.70588104047652,-14.70588104047652,6,5.028349995613098,True,2026-06-05,4.757499990463256,True,2026-05-08,-7.2970522874526225,-11.306488903881853,20.53279941299739,7.503752466053749
2026-06-05,2026-05-29,LITHIUM,LIT,Global X Lithium & Battery Tech ETF,9,12,17.0,8.0,4,78.30000305175781,-10.1549034069645,9,-13.164018363344654,13,13.24848675581678,8,24.582346782392328,11,54.86550815863074,18,110.710450412477,16,91.81774531391258,16,80.66451955718881,15,18.153021002076763,2026-06-05,1.4852955132351642,-10.1549034069645,-8.347712126221914,-14.538309643656,2026-06-05,2010-07-23,91.62000274658205,96.30999755859376,-14.538309643656,-18.700025919820938,2026-06-05,87.1500015258789,-10.1549034069645,-10.1549034069645,6,68.11034978866577,True,2026-06-05,64.15349979400635,True,2026-05-08,-7.5649526321526785,-12.958719204609917,5.15225259274894,10.494315735785586
2026-06-05,2026-05-29,LITHIUM,LTR.AX,Liontown Resources,10,2,13.0,3.0,4,2.140000104904175,-11.570246386874915,10,-12.653058642697657,12,38.064527144417525,2,62.121213626379856,4,130.10753639200016,6,231.7829718119,6,224.2424272527597,5,229.2307974459868,3,32.098771518840394,2026-06-05,0.7516261984283521,-11.570246386874915,-14.255869819483223,-18.939393186810072,2026-06-05,2006-12-27,2.640000104904175,3.150000095367432,-18.939393186810072,-32.06349079000411,2026-06-05,2.4200000762939453,-14.39999580383301,-14.39999580383301,6,1.6112500041723252,True,2026-06-05,1.46185000538826,True,2026-05-08,-8.980295612063095,-12.447759483962916,29.968292981349684,24.44006625254921
2026-06-05,2026-05-29,LITHIUM,DLI.AX,Delta Lithium,11,24,12.0,1.0,4,0.1899999976158142,-11.62790955563626,11,-22.448982074329148,20,-13.636364252114095,22,-9.523807834335374,17,11.76470330429744,23,8.571429057997149,23,11.76470330429744,21,8.571429057997149,22,-15.555554378179814,2026-06-05,0.7316084540876598,-11.62790955563626,-4.003285325027392,-41.53846012770065,2026-06-05,2017-11-03,0.324999988079071,0.9354239702224731,-41.53846012770065,-79.68835483544149,2026-06-05,0.2150000035762786,-13.636364252114095,-13.636364252114095,6,0.2105249997973442,False,2026-06-05,0.20510000012815,True,2026-05-08,-9.03795878082444,-22.24368291559441,-21.732598415181936,-23.214259644470992
2026-06-05,2026-05-29,LITHIUM,ALB,Albermale,12,15,15.0,3.0,4,155.44000244140625,-11.89207343004729,12,-23.624214240231588,21,-5.179034108277181,19,24.16327135560061,12,90.6303663185346,8,165.0750410288129,12,109.4596474317027,15,53.74876833573323,17,7.996950150308568,2026-06-05,0.9835891828081372,-11.89207343004729,-8.733390639508047,-27.910209645944008,2026-06-05,1994-02-22,215.6199951171875,325.3800048828125,-27.910209645944008,-52.22816395943295,2026-06-05,176.4199981689453,-11.89207343004729,-11.89207343004729,6,142.62169998168946,True,2026-06-05,132.89499977111817,True,2026-05-08,-9.302122655235468,-23.41891508149685,-13.27526827134502,0.3382448840173913
2026-06-05,2026-05-29,LITHIUM,EMH.AX,European Metals Holdings,13,16,22.0,9.0,4,0.2899999916553497,-12.121218141883071,13,-6.451616314521768,7,-4.918037752603988,18,-32.558142597318096,25,70.58822859117326,12,52.63157647072107,21,176.19047686626587,10,107.1428503004873,11,-19.444449963392817,2026-06-05,0.8481269661712392,-12.121218141883071,32.013735321030964,-34.090910630285265,2026-06-05,2012-07-19,0.4399999976158142,2.150000095367432,-34.090910630285265,-86.51162889340296,2026-06-05,0.3300000131130218,-12.121218141883071,-12.121218141883071,6,0.2834125010669231,True,2026-06-05,0.2685125009715557,True,2026-05-08,-9.531267367071251,-6.246317155787029,-13.014271915671827,-27.103155229683992
2026-06-05,2026-05-29,LITHIUM,SQM,Sociedad Quimica y Minera ADR,14,13,9.0,-5.0,4,75.43000030517578,-12.157915578757573,14,-17.463616578468244,15,6.811097948911571,11,23.13092127307772,13,64.47884714626377,14,133.52941822558466,14,88.90558409386853,17,98.4477864668666,12,8.174382150915838,2026-06-05,1.0778356956521258,-12.157915578757573,-15.137171126045812,-20.858249672282646,2026-06-05,1993-09-21,95.30999755859376,113.5199966430664,-20.858249672282646,-33.55355661051907,2026-06-05,85.87000274658203,-12.157915578757573,-12.157915578757573,6,67.0319500541687,True,2026-06-05,63.00980003356933,True,2026-05-08,-9.56796480394575,-17.258317419733505,-1.2851362141562683,0.5156768846246607
2026-06-05,2026-05-29,LITHIUM,LAC.TO,Lithium Americas,15,20,10.0,-5.0,4,6.320000171661377,-12.222217512719302,15,-17.169068455191372,14,0.636942046443778,15,-14.130434007973667,18,57.6059803224418,17,71.27371473327293,19,53.771288719088986,19,27.41935731965221,20,-3.511450570624819,2026-06-05,1.3844479609687206,-12.222217512719302,-12.179379778009633,-55.20906927399834,2026-06-05,2023-10-04,14.109999656677246,16.010000228881836,-55.20906927399834,-60.524671572082944,2026-06-05,7.199999809265137,-20.403021081667248,-20.403021081667248,6,6.897500025033951,False,2026-06-05,6.593250024318695,True,2026-05-08,-9.63226673790748,-16.963769296456633,-7.459292116624061,-11.170155836915995
2026-06-05,2026-05-29,LITHIUM,VULG.DE,Vulcan Energy Resources,16,23,5.0,-11.0,4,2.0920000076293945,-12.395309983089051,16,-9.82758328336304,8,-4.036699836377055,17,-17.702597871434232,20,15.115071331591713,21,7.216949852141874,24,2.219916103676578,24,-31.159163489537345,24,-18.408732592258183,2026-06-05,1.8072337932823004,-12.395309983089051,-26.58516277364509,-38.355549707282286,2026-06-05,2022-02-15,3.3936550617218018,6.09117603302002,-38.355549707282286,-65.65523642251108,2026-06-05,2.388000011444092,-16.185898859516712,-16.185898859516712,6,2.3991629481315613,False,2026-06-05,2.355430884361267,False,2026-05-08,-9.805359208277231,-9.6222841246283,-12.132933999444894,-26.06743785854936
2026-06-05,2026-05-29,LITHIUM,1772.HK,Ganfeng Lithium,17,17,24.0,7.0,4,55.79999923706056,-12.880567402987564,17,-32.93269076467258,24,-5.583755198412654,20,16.44407631305358,14,59.519725463933405,16,179.2792818593576,11,141.55843426661582,12,142.6086923350459,8,3.1423305192007867,2026-06-05,0.8887027653558316,-12.880567402987564,-62.368847231732296,-37.30337164375218,2026-06-05,2018-10-11,89.0,128.0000457763672,-37.30337164375218,-56.40626618638056,2026-06-05,64.05000305175781,-12.880567402987564,-12.880567402987564,6,56.48660003662109,False,2026-06-05,52.56725008964538,True,2026-05-08,-10.290616628175744,-32.72739160593784,-13.679989361480494,-4.51637474709039
2026-06-05,2026-05-29,LITHIUM,CRML.O,Critical Metals,18,11,18.0,0.0,4,9.739999771118164,-13.035714848309157,18,-22.26656042546814,19,1.1422601803741772,14,-3.5643623441049543,16,67.64199426925444,13,585.9154975690958,1,310.9704743222172,1,28.66578005612568,19,19.950737788065133,2026-06-05,0.7643405667666494,-13.035714848309157,-28.955535264872868,-67.50083418661252,2026-06-05,2022-02-07,29.96999931335449,29.96999931335449,-67.50083418661252,-67.50083418661252,2026-06-05,11.199999809265137,-19.967134674955343,-19.967134674955343,6,10.45027500629425,False,2026-06-05,9.813325003385543,True,2026-05-08,-10.445764073497331,-22.0612612667334,-6.953973982693662,12.292032521773956
2026-06-05,2026-05-29,LITHIUM,SLI,Standard Lithium,19,21,6.0,-13.0,4,3.470000028610229,-13.681590918553256,19,-11.704835377433898,11,-17.380947947772263,24,-23.903507189627383,23,13.029319350665824,22,106.5476271993316,18,153.2846727396113,11,114.19753199978362,10,-27.4058603284171,2026-06-05,0.9399301237074568,-13.681590918553256,20.64102702115248,-38.58407132673566,2026-06-05,2017-06-20,5.650000095367432,12.369999885559082,-38.58407132673566,-71.94826143320213,2026-06-05,4.019999980926514,-16.3855434007405,-16.3855434007405,6,4.026850004196167,False,2026-06-05,3.910050002336502,True,2026-05-08,-11.091640143741431,-11.49953621869916,-25.477182110840104,-35.06456559470828
2026-06-05,2026-05-29,LITHIUM,ABAT.O,American Battery Technology,20,14,4.0,-16.0,4,3.1099998950958248,-13.850415914949156,20,-1.8927501499705568,4,-8.529417415803554,21,-25.060245213790232,24,29.583323813147345,19,114.482744332585,15,204.90195620110367,9,249.438196076782,1,-15.945949864439724,2026-06-05,1.4138465716754902,-13.850415914949156,17.38180097357711,-72.55075096171281,2026-06-05,2016-02-24,11.329999923706056,61.125,-72.55075096171281,-94.91206561129518,2026-06-05,3.6099998950958248,-21.065993656613603,-21.065993656613603,6,3.855974998474121,False,2026-06-05,3.767900000810623,False,2026-05-08,-11.260465140137333,-1.687450991235817,-16.62565157887139,-23.6046551307309
2026-06-05,2026-05-29,LITHIUM,ELV.AX,Elevra Lithium,21,3,25.0,4.0,4,11.029999732971191,-14.429794886041837,21,-18.356776120616715,16,49.25575009809362,1,96.2633444408677,1,206.3888895879557,1,332.549017224574,4,250.1587110804388,4,145.11110517713757,7,39.26767205452513,2026-06-05,0.7427469994004668,-14.429794886041837,-27.4950494009227,-20.07246680781507,2026-06-05,2004-03-30,13.800000190734863,256.91192626953125,-20.07246680781507,-95.70669999904972,2026-06-05,12.890000343322754,-14.429794886041837,-14.429794886041837,6,7.235000020265579,True,2026-06-05,6.4194500207901,True,2026-05-08,-11.839844111230017,-18.151476961881976,41.15951593502578,31.60896678823395
2026-06-05,2026-05-29,LITHIUM,LAR.TO,Lithium Argentina AG,22,5,3.0,-19.0,4,11.989999771118164,-16.329380077084576,22,-25.062501430511475,22,29.20258745825748,3,68.87323848124274,3,145.19427604269612,5,354.1666399499393,2,257.91045111785576,3,169.4382086523767,5,46.21951280499697,2026-06-05,0.524800582383179,-16.329380077084576,2.23429487088155,-25.804456161314484,2026-06-05,2008-07-16,16.15999984741211,21.016979217529297,-25.804456161314484,-42.950889150055126,2026-06-05,14.329999923706056,-20.119922796221346,-20.119922796221346,6,8.78409999370575,True,2026-06-05,7.861949998140335,True,2026-05-08,-13.739429302272754,-24.85720227177673,21.10635329518964,38.56080753870579
2026-06-05,2026-05-29,LITHIUM,ATLX.O,Atlas Lithium,23,26,20.0,-3.0,4,3.5299999713897705,-16.350707419597853,23,-45.35603791726388,26,-29.96031749786133,26,-23.093685097166738,22,-29.540921953657907,25,-27.959185659463348,25,-35.110295326110595,26,-50.83565381913699,26,-19.40639545302033,2026-06-05,1.284830637859059,-16.350707419597853,-19.6948971085909,-52.6174488353716,2026-06-05,2013-02-28,7.449999809265136,412500.0,-52.6174488353716,-99.9991442424312,2026-06-05,4.21999979019165,-22.41758629861407,-22.41758629861407,6,4.948650010824204,False,2026-06-05,5.04660001039505,True,2026-05-08,-13.760756644786031,-45.15073875852914,-38.05655166092917,-27.06510071931151
2026-06-05,2026-05-29,LITHIUM,LTBR.O,Lightbridge,24,25,16.0,-8.0,4,9.414999961853027,-17.98780194011257,24,-29.895757647715115,23,-22.510285946890296,25,-45.070009935127885,26,-33.836962299905984,26,-35.90877991293063,26,-7.786484557528272,25,65.03067638495075,16,-33.27427221163973,2026-06-05,1.5171505089611608,-17.98780194011257,-17.299878647975028,-66.0353528316387,2026-06-05,2000-11-10,27.71999931335449,4050.0,-66.0353528316387,-99.76753086513943,2026-06-05,11.479999542236328,-22.44646049757759,-22.44646049757759,6,15.507600002288818,False,2026-06-05,15.799449996948242,False,2026-05-08,-15.397851165300748,-29.690458488980376,-30.606520109958133,-40.93297747793091
2026-06-05,2026-05-29,LITHIUM,GLN.AX,Galan Lithium,25,7,1.0,-24.0,4,0.4050000011920929,-20.588233575413906,25,-21.359220885097752,18,5.194808110195237,13,72.34042647630723,2,161.2903213401739,2,326.3157960780771,5,285.71429889218393,2,237.500008537124,2,20.89551973247304,2026-06-05,1.1567377993510963,-20.588233575413906,-30.540931774153524,-25.68807545138486,2026-06-05,2011-06-08,0.5450000166893005,2.1742498874664307,-25.68807545138486,-81.3728861835645,2026-06-05,0.5099999904632568,-20.588233575413906,-20.588233575413906,6,0.3014750003069639,True,2026-06-05,0.274725000411272,True,2026-05-08,-17.998282800602084,-21.153921726363013,-2.901426052872602,13.236814466181857
2026-06-05,2026-05-29,LITHIUM,SGML.O,Sigma Lithium,26,19,2.0,-24.0,4,13.279999732971191,-20.81097572765292,26,-38.8300308936021,25,7.530358888869815,9,40.82714001273455,6,106.53188316495594,7,158.3657602709474,13,8.852458529432617,22,9.842841731714769,21,-6.544688970296841,2026-06-05,0.5504095336444464,-20.81097572765292,-35.098062382684745,-43.847780350211806,2026-06-05,2018-07-03,23.64999961853028,42.400001525878906,-43.847780350211806,-68.67924703996597,2026-06-05,16.770000457763672,-20.81097572765292,-20.81097572765292,6,11.680924997329711,True,2026-06-05,10.69552500486374,True,2026-05-08,-18.22102495284109,-38.62473173486736,-0.5658752741980244,-14.203394236588018
2026-06-12,2026-06-05,LITHIUM,SGML.O,Sigma Lithium,1,5,26.0,25.0,4,15.979999542236328,20.33132427376228,1,-4.99405569458109,9,33.83584676577798,5,46.20310243421657,5,195.3789277809391,4,211.50095878658425,7,50.11741526588385,20,31.198679325531486,21,12.456013366205232,2026-06-12,0.7062486314379477,20.33132427376228,-13.723401352574829,-32.43129048629812,2026-06-12,2018-07-03,23.64999961853028,42.400001525878906,-32.43129048629812,-62.31132319067745,2026-06-12,13.279999732971191,-8.19787900130413,0.0,6,11.885524990558624,True,2026-06-12,11.007074992656708,True,2026-05-15,19.68504305248717,-5.30396945495768,22.463404900020304,4.101530104710106
2026-06-12,2026-06-05,LITHIUM,LAR.TO,Lithium Argentina AG,2,1,22.0,20.0,4,13.479999542236328,12.427020847050516,2,-1.3899088002721216,7,42.34423613660201,2,84.65752315109665,1,223.26137399538308,3,391.9707845006693,3,325.23656838506537,2,202.92135101152704,5,64.39024214372967,2026-06-12,0.7629829640429082,12.427020847050516,13.487962568256096,-16.584160460898524,2026-06-12,2008-07-16,16.15999984741211,21.016979217529297,-16.584160460898524,-35.861384251675524,2026-06-12,11.989999771118164,-6.16666475931803,0.0,6,8.979449992179871,True,2026-06-12,8.130699994564056,True,2026-05-15,11.780739625775414,-1.6998225606487116,30.97179427084433,56.03575888223454
2026-06-12,2026-06-05,LITHIUM,SQM,Sociedad Quimica y Minera ADR,3,8,14.0,11.0,4,84.12000274658203,11.520618329906029,3,-0.16615165689422,6,11.166915266431944,11,27.783685867830577,11,100.42887848449,10,152.2339028346805,12,103.63108194174455,17,113.99135031253635,10,20.636739849256823,2026-06-12,1.0064584021945395,11.520618329906029,-4.487150396574202,-11.740630677419183,2026-06-12,1993-09-21,95.30999755859376,113.5199966430664,-11.740630677419183,-25.89851547381989,2026-06-12,75.43000030517578,-3.539703245582637,0.0,6,67.82655010223388,True,2026-06-12,64.27155004501343,True,2026-05-15,10.874337108630924,-0.4760654172708101,-0.2055265993257329,12.282256587761696
2026-06-12,2026-06-05,LITHIUM,PLS.AX,Pilbara Minerals,4,3,7.0,3.0,4,6.519999980926514,10.321491527305437,4,8.4858524562746,2,36.40166725406751,3,59.02439347765838,3,229.2929251575188,2,386.56715063561234,4,280.1749186022999,4,176.27119791298878,6,51.27610365399988,2026-06-12,0.9212358732670544,6.188927079870155,34.10713151496626,-3.264091953450498,2026-06-12,2007-09-19,6.739999771118164,6.739999771118164,-3.264091953450498,-3.264091953450498,2026-06-12,5.9099998474121085,-2.5380646768705883,0.0,5,4.324375016093254,True,2026-06-12,3.929450013041496,True,2026-05-15,9.675210306030332,8.17593869589801,25.02922538830983,42.92162039250476
2026-06-12,2026-06-05,LITHIUM,ALB,Albermale,5,10,12.0,7.0,4,170.4199981689453,9.637156132434988,5,-5.521680033403875,11,3.984379036924524,14,28.38631242765899,10,124.29585501379626,8,172.7592820383134,11,134.06126065558516,13,64.97579199833854,17,18.404784854561782,2026-06-12,1.3013494472099727,9.637156132434988,-2.120566953117514,-20.96280399397857,2026-06-12,1994-02-22,215.6199951171875,325.3800048828125,-20.96280399397857,-47.62431753287266,2026-06-12,155.44000244140625,-5.288214804166447,0.0,6,144.51224990844727,True,2026-06-12,135.91874992370606,True,2026-05-15,8.990874911159885,-5.831593793780465,-7.388062828833152,10.050301593066656
2026-06-12,2026-06-05,LITHIUM,1772.HK,Ganfeng Lithium,6,16,17.0,11.0,4,60.79999923706056,8.96057359921818,6,-16.939888289816917,24,0.6622478494644923,17,20.39603809318922,14,79.98816291942477,13,182.79069412586307,10,174.49210060571022,10,169.0265407557776,7,12.384474957322666,2026-06-12,1.325264450483797,8.96057359921818,-27.08450446255416,-31.6853941156623,2026-06-12,2018-10-11,89.0,128.0000457763672,-31.6853941156623,-52.50001758336391,2026-06-12,55.79999923706056,-3.2258051284435374,0.0,6,57.06940004348755,True,2026-06-12,53.90875007629395,True,2026-05-15,8.314292377943076,-17.24980205019351,-10.710194016293183,4.02999169582754
2026-06-12,2026-06-05,LITHIUM,ABAT.O,American Battery Technology,7,11,20.0,13.0,4,3.380000114440918,8.681679371464224,7,7.987220155250863,3,-1.1695895017748923,18,-17.359413487985563,21,45.689664297382,19,146.71533596179663,13,239.153141537471,8,246.13417326341263,2,-8.648646732940591,2026-06-12,4.538873748152101,8.681679371464224,27.371900010740635,-70.16769517033399,2026-06-12,2016-02-24,11.329999923706056,61.125,-70.16769517033399,-94.47034746103736,2026-06-12,3.1099998950958248,-19.078945098161004,-11.052627451201836,6,3.876474999189377,False,2026-06-12,3.7812750017642975,False,2026-05-15,8.03539815018912,7.677306394874273,-12.542031367532568,-17.003129994435717
2026-06-12,2026-06-05,LITHIUM,ELV.AX,Elevra Lithium,8,2,21.0,13.0,4,11.979999542236328,8.61287245932898,8,8.810166150677755,1,61.238220982773605,1,74.89050670109361,2,348.68910861100017,1,399.1666277580806,2,280.3174342710272,3,149.58331387904033,8,51.26261902565794,2026-06-12,1.0513509012061817,3.5436461385173423,-13.52859334692795,-13.188410314084342,2026-06-12,2004-03-30,13.800000190734863,256.91192626953125,-13.188410314084342,-95.3369235456715,2026-06-12,11.029999732971191,-5.167721746360154,0.0,5,7.375750013589859,True,2026-06-12,6.600250016450882,True,2026-05-15,7.966591238053877,8.500252390301165,49.86577911701593,42.908135764162814
2026-06-12,2026-06-05,LITHIUM,ATLX.O,Atlas Lithium,9,24,23.0,14.0,4,3.7300000190734863,5.665723776336895,9,-13.053611835876431,21,-26.86274335641941,26,-12.235293668859148,18,-18.55895019196342,25,-11.820330915968103,25,-30.92592679260524,26,-49.89926214815487,26,-14.840184437995164,2026-06-12,1.006040820456167,5.665723776336895,-6.215290681518067,-49.93288436820227,2026-06-12,2013-02-28,7.449999809265136,412500.0,-49.93288436820227,-99.99909575757113,2026-06-12,3.5299999713897705,-5.027928273034288,0.0,6,4.907175011634827,False,2026-06-12,5.054025011062622,False,2026-05-15,5.019442555061793,-13.363525596253025,-38.23518522217709,-23.19466769949029
2026-06-12,2026-06-05,LITHIUM,LIT,Global X Lithium & Battery Tech ETF,10,12,9.0,-1.0,4,82.37000274658203,5.197955984923608,10,-2.033776221732997,8,15.769502431594674,10,28.965091786563057,9,64.70706960834936,14,119.06916513114956,15,105.10458929170024,16,85.47625091104783,13,24.29456302862225,2026-06-12,2.513008206925198,5.197955984923608,-29.449108773975603,-10.096048594961538,2026-06-12,2010-07-23,91.62000274658205,96.30999755859376,-10.096048594961538,-14.474089051378924,2026-06-12,78.30000305175781,-2.6332523581632183,0.0,6,68.94069978713989,True,2026-06-12,65.27549982070923,True,2026-05-15,4.5516747636485055,-2.343689982109587,4.397060565836998,15.940079767127123
2026-06-12,2026-06-05,LITHIUM,CXO.AX,Core Lithium,11,6,6.0,-5.0,4,0.2800000011920929,3.70370002440481,11,-13.846150319251649,22,24.444448270915583,7,21.739128744669856,13,179.99999701976782,6,204.3478267911703,8,278.378375112967,5,221.83909109080108,4,1.8181800448205496,2026-06-12,1.0943811928585332,-5.084741139541837,-52.593685902083074,-26.31578823536055,2026-06-12,2011-02-11,0.3799999952316284,1.8650000095367432,-26.31578823536055,-84.98659518711513,2026-06-12,0.270000010728836,-11.111116630059492,0.0,5,0.2233149987831711,True,2026-06-12,0.2065899989381432,True,2026-05-15,3.057418803129708,-14.15606407962824,13.07200640515791,-6.536303216674576
2026-06-12,2026-06-05,LITHIUM,SLI,Standard Lithium,12,17,19.0,7.0,4,3.5799999237060547,3.1700257691318123,12,-7.012986691288791,13,-17.70114937488839,23,-22.51082224274067,24,23.44826917160725,20,105.74712092439542,17,171.2121046552761,11,129.4871830140817,9,-25.10460739394837,2026-06-12,0.7447632899024299,3.1700257691318123,12.841473519976809,-36.637170561441565,2026-06-12,2017-06-20,5.650000095367432,12.369999885559082,-36.637170561441565,-71.05901409194514,2026-06-12,3.470000028610229,-5.475505926625468,0.0,6,4.042000006437302,False,2026-06-12,3.947150002717972,False,2026-05-15,2.52374454785671,-7.322900451665381,-29.073591240646067,-33.459090655443504
2026-06-12,2026-06-05,LITHIUM,LTR.AX,Liontown Resources,13,4,10.0,-3.0,4,2.180000066757202,1.869157004308586,13,-7.234035947841722,14,34.56790495929039,4,47.29729990962648,4,174.213839118595,7,215.94203975215177,6,260.3305781867105,6,260.3305781867105,1,34.56790495929039,2026-06-12,1.2537244776970722,-4.38596078453517,-17.666541278418805,-17.424243176826295,2026-06-12,2006-12-27,2.640000104904175,3.150000095367432,-17.424243176826295,-30.79365076962273,2026-06-12,2.140000104904175,-10.981314111894736,0.0,5,1.6345750042796134,True,2026-06-12,1.502125004529953,True,2026-05-15,1.2228757830334835,-7.543949708218312,23.195463093532712,26.213421697795265
2026-06-12,2026-06-05,LITHIUM,CRML.O,Critical Metals,14,13,18.0,4.0,4,9.899999618530272,1.6427089442707432,14,-11.449021929390568,19,6.223175350833454,13,7.84312951436994,16,59.1639863741094,16,514.9068031408167,1,362.6167819264465,1,43.27061992972343,18,21.921179286428423,2026-06-12,0.3698990637309272,1.6427089442707432,-13.110660886416987,-66.96696748298262,2026-06-12,2022-02-07,29.96999931335449,29.96999931335449,-66.96696748298262,-66.96696748298262,2026-06-12,9.739999771118164,-9.297721189955444,-2.0771517831682407,6,10.534974999427796,False,2026-06-12,10.007175005674362,True,2026-05-15,0.9964277229956408,-11.758935689767158,-5.149266514924221,13.5666960249333
2026-06-12,2026-06-05,LITHIUM,MIN.AX,Mineral Resources,15,7,5.0,-10.0,4,68.18000030517578,0.9027684077350884,15,5.264789005472981,4,17.047210824336112,9,31.03978840050463,8,82.05607187235833,11,187.6793169213366,9,222.97488552294428,9,84.71958977793422,14,22.979801576562696,2026-06-12,0.9864323187672916,-4.228124782981835,-5.7283232018327785,-8.273915477437088,2026-06-12,2006-07-28,74.33000183105469,96.27999877929688,-8.273915477437088,-29.185707135845384,2026-06-12,67.56999969482422,-5.01701850667332,0.0,5,53.58510011672973,True,2026-06-12,50.35140009880066,True,2026-05-15,0.256487186459986,4.954875245096391,5.674768958578436,14.62531831506757
2026-06-12,2026-06-05,LITHIUM,LAC.TO,Lithium Americas,16,18,15.0,-1.0,4,6.349999904632568,0.4746793062713639,16,-8.104196167084831,16,2.2544261775458985,15,-9.801137229535462,17,60.35353140056945,15,77.37430279213469,19,53.01204237852804,18,35.106386432501054,19,-3.053439393562163,2026-06-12,0.941868835963088,0.4746793062713639,-0.5441416093855179,-54.996455994755664,2026-06-12,2023-10-04,14.109999656677246,16.010000228881836,-54.996455994755664,-60.33729035695296,2026-06-12,6.320000171661377,-9.119495464311557,-0.1572362998726872,6,6.954250026941299,False,2026-06-12,6.675300022363663,True,2026-05-15,-0.1716019150037384,-8.414109927461421,-9.118015688211775,-11.40792265505729
2026-06-12,2026-06-05,LITHIUM,LTBR.O,Lightbridge,17,25,24.0,7.0,4,9.399999618530272,-0.1593238808659913,17,-17.796245967734215,25,-20.406441282452093,24,-39.15857776973414,26,-32.712960351793186,26,-30.882357684798613,26,8.922357982369933,22,80.42225623233479,15,-33.380582230688226,2026-06-12,1.2531386957293225,-0.1593238808659913,-0.7140906014605888,-66.08946662562978,2026-06-12,2000-11-10,27.71999931335449,4050.0,-66.08946662562978,-99.76790124398693,2026-06-12,9.414999961853027,-8.21052350495991,-1.0526355944181942,6,15.365299997329712,False,2026-06-12,15.762625002861023,False,2026-05-15,-0.8056051021410937,-18.106159728110804,-31.77888314820977,-41.73506549218335
2026-06-12,2026-06-05,LITHIUM,IGO.AX,IGO Limited,18,13,3.0,-15.0,4,8.859999656677246,-1.3363016890443835,18,4.112801626109919,5,17.350985865536494,8,24.43819942535763,12,104.14745034960733,9,109.4562557145777,16,131.93716784062858,14,73.04687216237646,16,7.917169494642051,2026-06-12,0.949342163894328,-4.319660500190858,13.012944604359644,-11.66500605625994,2026-06-12,2002-01-17,10.029999732971191,16.393840789794922,-11.66500605625994,-45.95531474117677,2026-06-12,8.979999542236328,-6.013362910690622,-1.3363016890443835,5,7.275549986362457,True,2026-06-12,6.901749997138977,True,2026-05-15,-1.9825829103194856,3.8028878657333287,5.978543999778818,-0.4373137668530749
2026-06-12,2026-06-05,LITHIUM,PMET.TO,PMET Resources Inc,19,13,8.0,-11.0,4,6.1599998474121085,-3.448279985620162,19,-9.14454783495894,17,30.50847714469896,6,34.79211413623871,7,81.71090433008213,12,142.51968267425292,14,156.66665010982146,12,113.1487759103856,11,11.191333751412213,2026-06-12,0.9144834052986394,-3.448279985620162,-29.970862647135544,-20.207253693990246,2026-06-12,2010-03-15,7.71999979019165,493.5,-20.207253693990246,-98.75177308056492,2026-06-12,6.380000114440918,-15.360501590827392,-3.448279985620162,6,5.081199996471405,True,2026-06-12,4.8332999897003175,True,2026-05-15,-4.094561206895264,-9.454461595335529,19.13603527894128,2.8368504899170865
2026-06-12,2026-06-05,LITHIUM,VULG.DE,Vulcan Energy Resources,20,23,16.0,-4.0,4,2.0160000324249268,-3.632885990788748,20,-10.717443561420437,18,-1.7543865764301114,19,-13.846149300368804,19,10.8309776920944,22,6.3312467517018245,23,-2.608511467091301,24,-34.84409023594148,25,-21.37285031562101,2026-06-12,1.0776253253036707,-3.632885990788748,-29.239309118390576,-40.59502230606517,2026-06-12,2022-02-15,3.3936550617218018,6.09117603302002,-40.59502230606517,-66.90294252708719,2026-06-12,2.0920000076293945,-8.230842859267973,-4.635763755392475,6,2.40610545873642,False,2026-06-12,2.3639478236436844,False,2026-05-15,-4.27916721206385,-11.027357321797028,-13.126828442187788,-29.72733357711614
2026-06-12,2026-06-05,LITHIUM,GLN.AX,Galan Lithium,21,9,25.0,4.0,4,0.3899999856948852,-3.703707519273103,21,-14.285719899966375,23,1.298700092333016,16,44.44443340654771,6,188.88886681309543,5,302.06182906371566,5,254.5454434619463,7,224.9999953433872,3,16.417903277677137,2026-06-12,0.9612927306683368,-6.024097942928764,-24.95917258434521,-28.44037178860848,2026-06-12,2011-06-08,0.5450000166893005,2.1742498874664307,-28.44037178860848,-82.06277999860738,2026-06-12,0.4050000011920929,-8.64197440017309,-3.703707519273103,5,0.30635000012815,True,2026-06-12,0.2831750005483627,True,2026-05-15,-4.349988740548206,-14.595633660342964,-10.07374177342466,8.063420016182011
2026-06-12,2026-06-05,LITHIUM,EMH.AX,European Metals Holdings,22,20,13.0,-9.0,4,0.2750000059604644,-5.172409009139556,22,-12.698410145429673,20,-1.785712575121834,20,-34.5238060603876,25,57.14286322496387,17,44.73684705855776,21,52.77777501830363,19,89.65518198172093,12,-23.611112490848207,2026-06-12,0.9178369690001535,-11.29032134017388,25.83971736629918,-37.49999830668623,2026-06-12,2012-07-19,0.4399999976158142,2.150000095367432,-37.49999830668623,-87.20930261570675,2026-06-12,0.2899999916553497,-6.8965453455194,-5.172409009139556,5,0.2852625011652708,False,2026-06-12,0.2724375010281801,True,2026-05-15,-5.818690230414658,-13.008323905806265,-13.15815444087951,-31.965595752343333
2026-06-12,2026-06-05,LITHIUM,LI.V,American Lithium,23,22,2.0,-21.0,4,0.5199999809265136,-5.454550971669503,23,-5.454550971669503,10,-11.86440609474696,22,-18.75000116415326,22,10.63829409477124,23,48.57142565201731,20,25.30120274276164,21,-13.3333399560714,23,-24.63768366329113,2026-06-12,0.6325909802627422,-5.454550971669503,-37.4624515472275,-55.55555555555556,2026-06-12,1985-02-11,1.1699999570846558,1050.0,-55.55555555555556,-99.95047619229273,2026-06-12,0.550000011920929,-7.272731016490008,-5.454550971669503,6,0.663474999666214,False,2026-06-12,0.6504749995470047,False,2026-05-15,-6.100832192944606,-5.764464732046093,-23.23684796050464,-32.99216692478626
2026-06-12,2026-06-05,LITHIUM,INR.AX,Ioneer Ltd,24,21,1.0,-23.0,4,0.1400000005960464,-6.666669978035678,24,-6.666669978035678,12,7.692312100935417,12,-22.222224981696403,23,16.66666977107536,21,27.27272850422821,22,-9.677419664956568,25,-17.647059339140526,24,-30.000000745058063,2026-06-12,0.8229626516597066,-6.666669978035678,-6.37776653193878,-48.148149987797616,2026-06-12,2007-12-19,0.270000010728836,0.8500000238418579,-48.148149987797616,-83.52941215657033,2026-06-12,0.1500000059604644,-13.333339956071343,-6.666669978035678,5,0.1601500008627772,False,2026-06-12,0.1580500007048249,False,2026-05-15,-7.31295119931078,-6.976583738412268,-3.680129764822259,-38.35448400655319
2026-06-12,2026-06-05,LITHIUM,AVL.TO,Avalon Advanced Materials,25,19,4.0,-21.0,4,10.799999237060549,-7.692305184288195,25,-7.692305184288195,15,-7.692305184288195,21,9.09090558797303,15,49.99999337726153,18,100.00000000000004,18,118.18181117594602,15,33.33331763499143,20,9.09090558797303,2026-06-12,1.182681668463337,-7.692305184288195,-15.906941255893564,-55.55556078833619,2026-06-12,1984-05-31,24.30000114440918,7740.0,-55.55556078833619,-99.86046512613616,2026-06-12,11.69999885559082,-15.384610368576425,-7.692305184288195,6,11.351249549388886,False,2026-06-12,10.939499616622925,True,2026-05-15,-8.338586405563298,-8.002218944664785,-19.06474705004587,0.7364223264779035
2026-06-12,2026-06-05,LITHIUM,DLI.AX,Delta Lithium,26,26,11.0,-15.0,4,0.1700000017881393,-10.526313725600945,26,-22.727271495771816,26,-20.9302330416818,25,-17.073169136104084,20,0.0,24,0.0,24,0.0,23,-10.526313725600945,22,-24.444441648177097,2026-06-12,1.3041737462155918,-17.073169136104084,-27.41525385131316,-47.692305223476176,2026-06-12,2017-11-03,0.324999988079071,0.9354239702224731,-47.692305223476176,-81.82642232829377,2026-06-12,0.1899999976158142,-10.526313725600945,-10.526313725600945,5,0.2107124997675419,False,2026-06-12,0.2071500000357627,True,2026-05-15,-11.172594946876046,-23.037185256148405,-32.30267490743948,-32.79892490967222
2026-06-19,2026-06-12,LITHIUM,DLI.AX,Delta Lithium,1,18,26.0,25.0,4,0.1949999928474426,14.705876939024565,1,-4.878051439826514,10,11.428569239013031,16,-2.5000050291418274,17,11.428569239013031,20,11.428569239013031,24,18.181809150811755,20,18.181809150811755,22,-13.333334216365134,2026-06-19,1.3429881264134176,14.705876939024565,19.591082716868204,-40.0,2026-06-19,2017-11-03,0.324999988079071,0.9354239702224731,-40.0,-79.15383836047461,2026-06-19,0.1700000017881393,-2.5000050291418274,-2.5000050291418274,6,0.2110874997079372,False,2026-06-19,0.2083249998837709,False,2026-05-22,13.775775484521402,-5.240799433755816,-2.104938145859148,-22.69562410269481
2026-06-19,2026-06-12,LITHIUM,EMH.AX,European Metals Holdings,2,12,22.0,20.0,4,0.3149999976158142,14.54545119577213,2,-7.352942852206656,14,12.499998669539192,15,-18.181816774388505,21,65.78947450975963,12,85.29411429558668,17,85.29411429558668,16,109.99999006589304,12,-12.500004139211264,2026-06-19,1.1892453413626576,14.54545119577213,2.691516594966675,-28.409091063028523,2026-06-19,2012-07-19,0.4399999976158142,2.150000095367432,-28.409091063028523,-85.34883797007548,2026-06-19,0.2750000059604644,-5.084741139541837,0.0,6,0.2874375011771917,True,2026-06-19,0.2768375011533499,True,2026-05-22,13.615349741268968,-7.715690846135958,-1.033508715332987,-21.86229402554094
2026-06-19,2026-06-12,LITHIUM,CXO.AX,Core Lithium,3,1,11.0,8.0,4,0.3050000071525573,8.928573519295547,3,3.389837528843853,1,45.2381031786236,4,22.000002861022928,9,190.4762063572472,3,246.59091909685424,6,291.02564212779794,3,281.25001746229884,1,10.909091106131052,2026-06-19,0.8159556106929923,8.928573519295547,-23.111089895746566,-19.736839215841297,2026-06-19,2011-02-11,0.3799999952316284,1.8650000095367432,-19.736839215841297,-83.64611230064723,2026-06-19,0.2800000011920929,-8.33333498901785,0.0,6,0.2277899987995624,True,2026-06-19,0.2118699987977743,True,2026-05-22,7.998472064792384,3.027089534914551,31.704595793751423,1.5468012198013756
2026-06-19,2026-06-12,LITHIUM,GLN.AX,Galan Lithium,4,2,21.0,17.0,4,0.4199999868869781,7.692308280124727,4,-3.448279405745791,7,31.24999883584674,10,58.49056964499473,3,223.0769248403742,2,361.53845650003,3,300.0000000000001,2,265.21737327647844,3,25.37312729105348,2026-06-19,1.327465435471843,7.692308280124727,16.067601009598317,-22.935784582477137,2026-06-19,2011-06-08,0.5450000166893005,2.1742498874664307,-22.935784582477137,-80.68299373921606,2026-06-19,0.3899999856948852,-6.666667108182567,-6.666667108182567,6,0.3135000000149011,True,2026-06-19,0.2904750004410744,True,2026-05-22,6.762206825621564,-3.811027399675093,17.71649145097456,16.0108374047238
2026-06-19,2026-06-12,LITHIUM,ATLX.O,Atlas Lithium,5,24,9.0,4.0,4,3.910000085830689,4.825739030476295,5,-6.682576791550576,12,-12.331837390404951,26,-1.7587922841038828,16,-13.111109203762473,25,0.7731951161061623,25,-31.40350497073474,26,-38.61852188263397,26,-10.73059398013787,2026-06-18,0.7316508704635178,9.523813976070672,-1.0650870154879604,-47.5167760277249,2026-06-18,2013-02-28,7.449999809265136,412500.0,-47.5167760277249,-99.99905212119133,2026-06-18,3.7300000190734863,-4.488785409021601,-2.493769011056424,5,4.8789250123500825,False,2026-06-18,5.026625008583069,False,2026-05-22,3.895637575973132,-7.045324785479878,-25.86534477527713,-20.092883866467545
2026-06-19,2026-06-12,LITHIUM,LTBR.O,Lightbridge,6,23,17.0,11.0,4,9.829999923706056,4.574471517297951,6,-12.388594565433486,22,-7.569349204051868,23,-29.78571483067104,24,-46.16648521089313,26,-26.2565642913141,26,-0.8072646310579468,23,116.99778075996892,10,-30.333095939841325,2026-06-18,1.193623988649419,7.314411435096635,17.658682025390153,-64.53823893505539,2026-06-18,2000-11-10,27.71999931335449,4050.0,-64.53823893505539,-99.75728395250108,2026-06-18,9.399999618530272,-6.970919056009772,-1.4042160438625162,5,15.250324993133544,False,2026-06-18,15.68857500076294,False,2026-05-22,3.644370062794789,-12.751342559362788,-21.10285658892405,-39.695385826171005
2026-06-19,2026-06-12,LITHIUM,CRML.O,Critical Metals,7,7,14.0,7.0,4,10.149999618530272,2.5252526225562955,7,-7.55919816310856,15,20.68965282625525,11,34.794147884739644,6,41.36490057380511,17,307.63050520705207,5,445.69890002512994,1,64.77272516158277,18,24.99999706381053,2026-06-18,0.3760044250265959,4.20944411752322,1.7118049823501873,-66.13279996303677,2026-06-18,2022-02-07,29.96999931335449,29.96999931335449,-66.13279996303677,-66.13279996303677,2026-06-18,9.899999618530272,-8.778617965696112,-3.148854371377552,5,10.61137499332428,False,2026-06-18,10.1757750082016,True,2026-05-22,1.5951511680531327,-7.921946157037862,7.156145441383076,15.637707177480856
2026-06-19,2026-06-12,LITHIUM,VULG.DE,Vulcan Energy Resources,8,22,20.0,12.0,4,2.063999891281128,2.3809453414772586,8,-4.70914142669423,9,14.6029923583602,14,-7.5268912536810895,20,-6.5593257366525215,24,23.650783754535908,23,-11.008859698870788,24,-28.456105803447905,25,-19.50078085807445,2026-06-19,0.2472311605568759,2.3809453414772586,-13.540638907052802,-39.180622257055816,2026-06-19,2022-02-15,3.3936550617218018,6.09117603302002,-39.180622257055816,-66.11491967901982,2026-06-19,2.0160000324249268,-3.554722862378956,-3.461184273473472,6,2.412406153678894,False,2026-06-19,2.373058466911316,False,2026-05-22,1.4508438869740958,-5.071889420623532,1.069484973488022,-28.863070744404126
2026-06-19,2026-06-12,LITHIUM,MIN.AX,Mineral Resources,9,5,15.0,6.0,4,69.1500015258789,1.4227063895003944,9,-0.732130504477535,4,34.48075454744275,8,31.33903043077748,7,77.94647565563513,10,213.60545994783985,7,189.57288088807053,7,109.3551440553548,13,24.72944307138736,2026-06-19,0.8316278003761672,1.4227063895003944,-23.7645914738589,-6.968922612096051,2026-06-19,2006-07-28,74.33000183105469,96.27999877929688,-6.968922612096051,-28.17822766658753,2026-06-19,68.18000030517578,-3.918298800880116,-3.918298800880116,6,54.43445011138916,True,2026-06-19,51.23190010070801,True,2026-05-22,0.4926049349972317,-1.0948784984068372,20.94724716257057,15.36715318505768
2026-06-19,2026-06-12,LITHIUM,INR.AX,Ioneer Ltd,10,19,24.0,14.0,4,0.1400000005960464,0.0,10,-3.4482726727597,6,33.33333806386085,9,-22.222224981696403,23,7.692312100935417,21,45.83333268658154,21,-17.647059339140526,25,0.0,23,-30.000000745058063,2026-06-19,0.8078219159550467,0.0,4.383806178812288,-48.148149987797616,2026-06-19,2007-12-19,0.270000010728836,0.8500000238418579,-48.148149987797616,-83.52941215657033,2026-06-19,0.1400000005960464,-6.896545345519389,-3.4482726727597,6,0.1608000008389353,False,2026-06-19,0.1589250006899237,False,2026-05-22,-0.9301014545031628,-3.8110206666890014,19.79983067898867,-39.36229063138774
2026-06-19,2026-06-12,LITHIUM,LIT,Global X Lithium & Battery Tech ETF,11,9,10.0,-1.0,4,82.1500015258789,-0.2670890049378482,11,-3.670259496037676,8,19.508298048954885,12,28.17913281313613,8,55.43993168912782,13,126.68321666963682,15,98.0472575517534,14,96.0620490076598,14,23.96258591703726,2026-06-18,0.6333662378195559,1.746350878641878,-25.95938435243778,-10.336172164169056,2026-06-18,2010-07-23,91.62000274658205,96.30999755859376,-10.336172164169056,-14.702519355895626,2026-06-18,82.37000274658203,-2.295433233997557,-2.295433233997557,5,69.66624979019166,True,2026-06-18,66.32689977645875,True,2026-05-22,-1.197190459441011,-4.033007489966978,5.974790664082706,14.600296030707582
2026-06-19,2026-06-12,LITHIUM,ELV.AX,Elevra Lithium,12,4,8.0,-4.0,4,11.850000381469728,-1.08513493934852,12,-13.692638189705198,23,83.15302574559611,1,62.10670963376104,2,251.6320707382997,1,464.285758076884,1,276.1904769113184,4,229.16668598298727,4,49.62121549643688,2026-06-19,2.0872119924818127,-1.08513493934852,-11.52304204992393,-14.130433205170087,2026-06-19,2004-03-30,13.800000190734863,256.91192626953125,-14.130433205170087,-95.38752421752594,2026-06-19,11.979999542236328,-9.541984454963492,-9.541984454963492,6,7.581600013971329,True,2026-06-19,6.818150016069413,True,2026-05-22,-2.015236393851682,-14.0553861836345,69.61951836072393,40.2589256101072
2026-06-19,2026-06-12,LITHIUM,PMET.TO,PMET Resources Inc,13,10,19.0,6.0,4,5.980000019073486,-2.922075207749275,13,-9.53101515454826,19,50.62972231682561,3,12.830184978622404,11,50.25125604058627,14,197.51244017146684,9,98.6710976086458,13,69.886365098771,16,7.942239354696445,2026-06-19,0.7218274615134297,-2.922075207749275,-36.66977916623437,-22.53885775138044,2026-06-19,2010-03-15,7.71999979019165,493.5,-22.53885775138044,-98.78824720991418,2026-06-19,6.1599998474121085,-6.416273176506393,-6.416273176506393,6,5.138999996185302,True,2026-06-19,4.888949991464615,True,2026-05-22,-3.852176662252438,-9.893763148477564,37.09621493195343,-1.4200505316332317
2026-06-19,2026-06-12,LITHIUM,LAC.TO,Lithium Americas,14,21,16.0,2.0,4,6.139999866485596,-3.3070872645804217,14,-9.30576242564034,18,11.030734783613806,17,-6.116209444963006,19,35.540829627143886,18,71.98879499441189,20,41.149425312555806,19,45.49763440170098,19,-6.259546752826406,2026-06-19,0.8090510885677278,-3.3070872645804217,9.239018800139908,-56.48476246716295,2026-06-19,2023-10-04,14.109999656677246,16.010000228881836,-56.48476246716295,-61.64897077634568,2026-06-19,6.349999904632568,-4.510108391837353,-4.510108391837353,6,7.009750024080277,False,2026-06-19,6.736700023412705,True,2026-05-22,-4.237188719083584,-9.668510419569644,-2.502772601258373,-15.621836639156085
2026-06-19,2026-06-12,LITHIUM,LI.V,American Lithium,15,26,23.0,8.0,4,0.5,-3.84615031925164,15,-10.714286094417355,20,-9.090911061310525,25,-30.555558315029728,25,1.0101000370632551,22,44.92753673265821,22,4.166668994973177,22,-1.960782480441492,24,-27.53623163367089,2026-06-19,0.7077464316300244,-3.84615031925164,-47.590213198857576,-57.26495569744519,2026-06-19,1985-02-11,1.1699999570846558,1050.0,-57.26495569744519,-99.95238095238096,2026-06-19,0.5199999809265136,-7.692306369719359,-3.84615031925164,6,0.6642499993741512,False,2026-06-19,0.6536249996721745,False,2026-05-22,-4.776251773754803,-11.07703408834666,-22.624418446182705,-36.89852152000057
2026-06-19,2026-06-12,LITHIUM,SLI,Standard Lithium,16,19,12.0,-4.0,4,3.4100000858306885,-4.748598924532388,16,-8.333331731057946,17,-7.336955870341488,22,-33.2681018251665,26,11.803283250578644,19,77.60417510677766,19,162.3077085314424,10,145.3237497068009,9,-28.66108920176365,2026-06-18,1.522797087037038,-0.872092177056838,-11.587198316089488,-39.64601719871425,2026-06-18,2017-06-20,5.650000095367432,12.369999885559082,-39.64601719871425,-72.43330543752411,2026-06-18,3.5799999237060547,-4.748598924532388,-4.748598924532388,5,4.05340000629425,False,2026-06-18,3.977200003862381,False,2026-05-22,-5.678700379035551,-8.696079724987248,-20.870463255213668,-38.023379088093336
2026-06-19,2026-06-12,LITHIUM,SQM,Sociedad Quimica y Minera ADR,17,11,3.0,-14.0,4,79.69000244140625,-5.266286448565028,17,-0.6111223022007173,3,6.737206713866861,18,15.895869641657034,10,83.32183161626621,9,148.41021787057142,13,75.52863383932127,18,111.716269217906,11,14.28366356658477,2026-06-18,1.0592993102105277,-0.9323719259535236,-15.758658145782828,-16.388621883643218,2026-06-18,1993-09-21,95.30999755859376,113.5199966430664,-16.388621883643218,-29.80091191160763,2026-06-18,84.12000274658203,-5.266286448565028,-5.266286448565028,5,68.56425010681153,True,2026-06-18,65.38470003128052,True,2026-05-22,-6.196387903068191,-0.9738702961300194,-6.7963006710053175,4.921373680255094
2026-06-19,2026-06-12,LITHIUM,LAR.TO,Lithium Argentina AG,18,3,2.0,-16.0,4,12.760000228881836,-5.341241378373551,18,0.3144651023059275,2,55.042538743745496,2,71.27517524246052,1,182.3008912107624,4,362.3188504699999,2,260.45198775094224,5,223.85786912611363,5,55.60976250834029,2026-06-19,0.377852498912494,-5.341241378373551,15.73261828394192,-21.039601798478703,2026-06-19,2008-07-16,16.15999984741211,21.016979217529297,-21.039601798478703,-39.28718253554104,2026-06-19,13.479999542236328,-6.793275237452024,-6.793275237452024,6,9.19529999256134,True,2026-06-19,8.312999994754792,True,2026-05-22,-6.271342832876714,-0.0482828916233746,41.50903135887332,46.24747262201061
2026-06-19,2026-06-12,LITHIUM,ALB,Albermale,19,13,5.0,-14.0,4,160.35000610351565,-5.908926284253802,19,-6.545049310931117,11,-1.7824258858458064,21,9.9191121033531,13,95.93110126921664,8,183.00389434406168,11,101.72350033060071,12,80.33064485545252,15,11.4083334004764,2026-06-18,1.3941220998774215,0.8110200960154579,-5.767255656422796,-25.633053643115566,2026-06-18,1994-02-22,215.6199951171875,325.3800048828125,-25.633053643115566,-50.71915800073006,2026-06-18,170.4199981689453,-5.908926284253802,-5.908926284253802,5,146.13654991149903,True,2026-06-18,138.50159996032716,True,2026-05-22,-6.839027738756965,-6.907797304860419,-15.315933270717984,2.0460435141467244
2026-06-19,2026-06-12,LITHIUM,ABAT.O,American Battery Technology,20,15,7.0,-13.0,4,3.119999885559082,-7.692314203511275,20,-3.4055768688805554,5,2.9702942250534603,19,-21.41058279409397,22,-5.454547556307066,23,145.66928601706928,14,186.23851284556605,8,181.0810671486588,6,-15.675679855402358,2026-06-18,0.9451856459443014,-8.771935205918357,32.96604391901072,-72.46248979198116,2026-06-18,2016-02-24,11.329999923706056,61.125,-72.46248979198116,-94.8957057086968,2026-06-18,3.380000114440918,-8.554577914380445,-7.964607993801964,5,3.8899249982833854,False,2026-06-18,3.802475000619888,False,2026-05-22,-8.622415658014438,-3.7683248628098576,-10.56321315981872,-25.037969741732034
2026-06-19,2026-06-12,LITHIUM,IGO.AX,IGO Limited,21,17,18.0,-3.0,4,8.170000076293945,-7.787805949442561,21,-11.292073371828916,21,16.54778615602328,13,6.380211704527095,15,67.76181249039226,11,101.72838744512543,16,88.2488430656453,15,66.73469218945615,17,-0.4872102517316845,2026-06-19,0.8907033380787864,-7.787805949442561,11.1212968455475,-18.54436397005025,2026-06-19,2002-01-17,10.029999732971191,16.393840789794922,-18.54436397005025,-50.16420995512091,2026-06-19,8.859999656677246,-9.22222137451172,-9.22222137451172,6,7.367199990749359,True,2026-06-19,7.001899991035462,True,2026-05-22,-8.717907403945723,-11.654821365758217,3.014278771151103,-9.849500138061362
2026-06-19,2026-06-12,LITHIUM,1772.HK,Ganfeng Lithium,22,16,6.0,-16.0,4,56.0,-7.89473568633653,22,-17.88855937559779,25,0.8100823926550538,20,8.422068432934227,14,50.13405132823565,15,173.8386205905972,12,133.82045184171827,11,173.8386205905972,8,3.512017706964965,2026-06-18,0.9987222289109556,-3.862660944206009,-32.34729486867189,-37.07865168539326,2026-06-18,2018-10-11,89.0,128.0000457763672,-37.07865168539326,-56.25001564621365,2026-06-18,60.79999923706056,-9.458364783256725,-9.458364783256725,5,57.62865003585816,False,2026-06-18,54.926250066757206,True,2026-05-22,-8.824837140839692,-18.25130736952709,-12.723424992217126,-5.850272179364712
2026-06-19,2026-06-12,LITHIUM,LTR.AX,Liontown Resources,23,8,13.0,-10.0,4,1.9800000190734863,-9.174313832990856,23,-14.6551691358919,24,37.0242177994065,7,35.15358184034889,5,109.52381312802086,7,204.6153987229934,8,169.3877524540489,9,266.66665562876994,2,22.222223039844224,2026-06-19,1.4753389740574676,-9.174313832990856,-14.229897262311397,-25.000002257751607,2026-06-19,2006-12-27,2.640000104904175,3.150000095367432,-25.000002257751607,-37.1428584403732,2026-06-19,2.180000066757202,-11.607142381978274,-11.607142381978274,6,1.6642000046372414,True,2026-06-19,1.5379750043153764,True,2026-05-22,-10.104415287494016,-15.017917129821202,23.49071041453432,12.859933153514548
2026-06-19,2026-06-12,LITHIUM,PLS.AX,Pilbara Minerals,24,6,4.0,-20.0,4,5.880000114440918,-9.81594890119386,24,-7.255520931796944,13,42.37288018179388,5,49.618320981168296,4,154.54546580489185,5,354.0540779382076,4,194.0000057220459,6,176.0563285689916,7,36.42691861960618,2026-06-19,0.9843725222795052,-9.81594890119386,21.18188834695693,-12.759639256405675,2026-06-19,2007-09-19,6.739999771118164,6.739999771118164,-12.759639256405675,-12.759639256405675,2026-06-19,6.519999980926514,-9.81594890119386,-9.81594890119386,6,4.420825018286705,True,2026-06-19,4.0390250146389,True,2026-05-22,-10.746050355697022,-7.618268925726246,28.8393727969217,27.064628733276507
2026-06-19,2026-06-12,LITHIUM,SGML.O,Sigma Lithium,25,14,1.0,-24.0,4,13.649999618530272,-14.580725847630305,25,-8.266132301416729,16,38.018191553917234,6,11.977031077970413,12,125.2475205844544,6,186.7646840793697,10,12.530910880040103,21,25.229358681122616,20,-3.94088964189564,2026-06-18,0.7204490317581963,-7.331975269987612,-24.01484363190998,-42.28329877927269,2026-06-18,2018-07-03,23.64999961853028,42.400001525878906,-42.28329877927269,-67.8066058318442,2026-06-18,15.979999542236328,-14.580725847630305,-14.580725847630305,5,12.049074988365174,True,2026-06-18,11.257324995994567,True,2026-05-22,-15.510827302133467,-8.62888029534603,24.484684169045053,-13.303179528225316
2026-06-19,2026-06-12,LITHIUM,AVL.TO,Avalon Advanced Materials,26,25,25.0,-1.0,4,9.0,-16.66666077978777,26,-23.07691555286462,26,-9.090905587972976,24,-4.761902839658683,18,42.85714934472353,16,81.81818882405403,18,81.81818882405403,17,25.000003311369245,21,-9.090905587972976,2026-06-19,1.0762341809912248,-16.66666077978777,-16.846400217658307,-62.96296470722318,2026-06-19,1984-05-31,24.30000114440918,7740.0,-62.96296470722318,-99.88372093023256,2026-06-19,10.799999237060549,-16.66666077978777,-16.66666077978777,6,11.402999539375305,False,2026-06-19,11.029499599933624,True,2026-05-22,-17.59676223429093,-23.439663546793923,-22.62441297284516,-18.453195474302653
2026-06-26,2026-06-19,LITHIUM,AVL.TO,Avalon Advanced Materials,1,10,26.0,25.0,4,9.899999618530272,9.999995761447456,1,-21.428570887939724,11,-8.333330389893911,19,4.761902839658672,8,37.499998344315344,13,83.33333922021222,16,119.99999152289492,11,57.14285822412055,12,0.0,2026-06-26,0.4322095238458765,9.999995761447456,-12.731360954701756,-59.259262747779694,2026-06-26,1984-05-31,24.30000114440918,7740.0,-59.259262747779694,-99.87209302818437,2026-06-26,9.0,-9.090905587972976,0.0,6,11.465999536514282,False,2026-06-26,11.141999583244324,True,2026-05-29,11.589362235152777,-18.44653595265935,-21.8710512757229,-7.225369348619237
2026-06-26,2026-06-19,LITHIUM,INR.AX,Ioneer Ltd,2,13,10.0,8.0,4,0.1500000059604644,7.142860944173735,2,11.111111111111072,1,20.000004768371515,5,-23.0769171987528,19,-16.666666666666675,19,54.639176841445504,19,-3.225803350434797,22,-6.249994179233831,22,-24.999998137354908,2026-06-26,2.600407703409511,7.142860944173735,43.18589618123477,-44.444444444444464,2026-06-26,2007-12-19,0.270000010728836,0.8500000238418579,-44.444444444444464,-82.35294097022616,2026-06-26,0.1400000005960464,-9.677419664956568,-3.225803350434797,6,0.1611250009387731,False,2026-06-26,0.1592500008270144,False,2026-05-29,8.732227417879058,14.093146046391446,6.462283882542529,-32.22536748597415
2026-06-26,2026-06-19,LITHIUM,ATLX.O,Atlas Lithium,3,21,5.0,2.0,4,3.6800000667572017,-2.1276575507703344,3,-12.796202613316352,3,-8.910888576610388,20,-23.173275656278257,20,-32.35294066085949,22,-7.070706280113903,25,-33.931778216452734,26,-43.90243751743164,26,-15.981735830914868,2026-06-26,0.5325931990408717,-5.882353299862475,-17.30826217998967,-50.60402468493224,2026-06-26,2013-02-28,7.449999809265136,412500.0,-50.60402468493224,-99.9991078787717,2026-06-26,3.759999990463257,-6.117021799384337,-2.1276575507703344,5,4.845075011253357,False,2026-06-26,4.9910250091552735,False,2026-05-29,-0.5382910770650118,-9.81416767803598,-22.44860946243937,-23.207105179534103
2026-06-26,2026-06-19,LITHIUM,CRML.O,Critical Metals,4,1,7.0,3.0,4,9.989999771118164,-4.401914320985245,4,-10.803571953153137,2,34.45491254273645,2,29.069768301491216,2,53.92912362764204,9,172.95080701755757,7,623.9130293939875,1,46.05262497455473,17,23.029555565447257,2026-06-26,0.4499741824718897,-1.5763532357184085,-13.010979439640296,-66.66666666666666,2026-06-26,2022-02-07,29.96999931335449,29.96999931335449,-66.66666666666666,-66.66666666666666,2026-06-26,10.449999809265137,-11.387556000988884,-4.401914320985245,5,10.708024995326996,False,2026-06-26,10.313325002193451,True,2026-05-29,-2.8125478472799226,-7.821537017872759,20.917191656907463,15.80418621682802
2026-06-26,2026-06-19,LITHIUM,PMET.TO,PMET Resources Inc,5,7,13.0,8.0,4,5.590000152587891,-6.521736876951056,5,-21.04519473410133,9,35.024162629579635,1,-2.1015741638773178,11,33.73206655871286,15,144.10481422299068,9,104.01460339896138,13,51.081083258022055,14,0.9025305248944182,2026-06-26,0.6186563626130492,-6.521736876951056,-46.3305381484511,-27.59066963071617,2026-06-26,2010-03-15,7.71999979019165,493.5,-27.59066963071617,-98.86727453848268,2026-06-26,5.980000019073486,-10.702876226789224,-10.702876226789224,6,5.197799998521805,True,2026-06-26,4.95254998922348,True,2026-05-29,-4.932370403245734,-18.06315979882095,21.48644174375065,-6.322838823724819
2026-06-26,2026-06-19,LITHIUM,ABAT.O,American Battery Technology,6,17,20.0,14.0,4,2.720000028610229,-7.167236633526497,6,-24.653736630149435,19,-0.366300014409926,14,-28.795809525022133,21,-37.8995443483585,24,101.48148004246671,14,169.30693606864753,7,-13.37579816121577,23,-26.486486660641773,2026-06-26,0.6660068042747345,-12.82050870579362,15.192923438058434,-75.99293868555903,2026-06-26,2016-02-24,11.329999923706056,61.125,-75.99293868555903,-95.55010220268264,2026-06-26,2.930000066757202,-7.849829823657329,-7.167236633526497,5,3.898124997615814,False,2026-06-26,3.830924999713898,False,2026-05-29,-5.577870159821174,-21.67170169486906,-13.904020900238912,-33.71185600926101
2026-06-26,2026-06-19,LITHIUM,LI.V,American Lithium,7,20,15.0,8.0,4,0.4600000083446502,-7.999998331069957,7,-13.207540910156236,5,-14.81481665446428,21,-30.303031808198043,22,-33.33333189360762,23,31.42857605097252,22,8.235293045175961,20,-19.29824313738777,24,-33.33333189360762,2026-06-26,0.8455531776644925,-7.999998331069957,-55.56703478521175,-60.683758528431575,2026-06-26,1985-02-11,1.1699999570846558,1050.0,-60.683758528431575,-99.95619047539574,2026-06-26,0.5,-10.000002384185802,-7.999998331069957,6,0.6647749994695187,False,2026-06-26,0.6571749997138977,False,2026-05-29,-6.410631857364635,-10.225505974875858,-28.352537540293262,-40.55870124222686
2026-06-26,2026-06-19,LITHIUM,LIT,Global X Lithium & Battery Tech ETF,8,8,11.0,3.0,4,75.93000030517578,-8.04166091097207,8,-12.874355736381004,4,7.91642928724583,9,11.842688154086575,6,36.687671193555246,14,95.9483878843246,15,88.3651642728204,14,79.29162465395248,11,14.576737817173344,2026-06-26,0.5626669247769542,-7.571516865698047,-40.763987121621376,-17.12508401118946,2026-06-26,2010-07-23,91.62000274658205,96.30999755859376,-17.12508401118946,-21.16083248887952,2026-06-26,82.56999969482422,-8.04166091097207,-8.04166091097207,5,70.4090497970581,True,2026-06-26,67.16284976959228,True,2026-05-29,-6.452294437266748,-9.892320801100633,-5.621291598583156,7.351368468554108
2026-06-26,2026-06-19,LITHIUM,MIN.AX,Mineral Resources,9,3,9.0,0.0,4,63.13999938964844,-8.691253801319544,9,-14.060162868411377,7,14.053465848123793,8,14.820871908380106,5,52.91837730597937,10,202.1052657516199,5,157.50407100688557,8,84.29656299767967,10,13.888890609080718,2026-06-26,0.9925463694509924,-8.691253801319544,-34.18219403631349,-15.054489661980774,2026-06-26,2006-07-28,74.33000183105469,96.27999877929688,-15.054489661980774,-34.42044018469031,2026-06-26,69.1500015258789,-8.691253801319544,-8.691253801319544,6,55.13020008087158,True,2026-06-26,52.11645011901855,True,2026-05-29,-7.101887327614222,-11.078127933131,0.5157449622948072,6.663521260461481
2026-06-26,2026-06-19,LITHIUM,SQM,Sociedad Quimica y Minera ADR,10,10,17.0,7.0,4,71.58999633789062,-8.976484489533377,10,-16.629796147595687,8,-7.470603856152436,18,-0.0697976719483906,9,61.82186623364452,8,103.09218819259752,13,72.00864530307824,17,91.31480449216816,8,2.667421327138197,2026-06-26,0.6815952332039514,-10.164394347297613,-57.9504685066303,-24.88721207459982,2026-06-26,1993-09-21,95.30999755859376,113.5199966430664,-24.88721207459982,-36.93622405311865,2026-06-26,78.6500015258789,-8.976484489533377,-8.976484489533377,5,69.3376501083374,True,2026-06-26,66.19340007781983,True,2026-05-29,-7.3871180158280545,-13.647761212315311,-21.008324741981426,-4.55794802148104
2026-06-26,2026-06-19,LITHIUM,VULG.DE,Vulcan Energy Resources,11,24,8.0,-3.0,4,1.8600000143051147,-9.88371549038165,11,-22.11055253804963,13,-1.430840006031853,15,-31.314621407048225,24,-28.057635923978363,21,4.563466866087773,23,-23.712461680974684,24,-34.0741597997838,25,-27.457094650041213,2026-06-26,0.5933209716005454,-9.88371549038165,-46.428648695126384,-45.19183651618892,2026-06-26,2022-02-15,3.3936550617218018,6.09117603302002,-45.19183651618892,-69.46402461163281,2026-06-26,2.063999891281128,-9.88371549038165,-9.88371549038165,6,2.415920788645744,False,2026-06-26,2.384644591808319,True,2026-05-29,-8.294349016676328,-19.128517602769257,-14.968560891860838,-34.68246399866045
2026-06-26,2026-06-19,LITHIUM,IGO.AX,IGO Limited,12,16,21.0,9.0,4,7.309999942779541,-10.526317325378963,12,-23.695198319462584,16,-4.193973353365077,17,-9.079602270361686,12,43.05283271591789,12,82.29425250725957,17,77.8588736085724,15,50.72165126843111,15,-10.9622422799716,2026-06-26,1.183851796335063,-10.526317325378963,-10.272817954157318,-27.11864269796849,2026-06-26,2002-01-17,10.029999732971191,16.393840789794922,-27.11864269796849,-55.410083356854514,2026-06-26,8.170000076293945,-10.526317325378963,-10.526317325378963,6,7.441599991321564,False,2026-06-26,7.102949993610382,True,2026-05-29,-8.936950851673643,-20.71316338418221,-17.731694239194063,-18.18761162859084
2026-06-26,2026-06-19,LITHIUM,SGML.O,Sigma Lithium,13,14,25.0,12.0,4,11.710000038146973,-11.95488819387782,13,-30.17292952591525,24,20.72165225160052,4,-19.241379047262253,18,66.57183056422993,7,151.28756269487909,8,1.649301847512108,21,4.9283171886638,20,-17.593244147000075,2026-06-26,0.4822203271627969,-14.212451535527473,-40.11869010016774,-50.48625696817373,2026-06-26,2018-07-03,23.64999961853028,42.400001525878906,-50.48625696817373,-72.38207637563467,2026-06-26,13.300000190734863,-11.95488819387782,-11.95488819387782,5,12.207574985027314,False,2026-06-26,11.454725000858309,True,2026-05-29,-10.3655217201725,-27.190894590634883,7.183931365771535,-24.81861349561931
2026-06-26,2026-06-19,LITHIUM,LAC.TO,Lithium Americas,14,22,14.0,0.0,4,5.389999866485596,-12.214983978970084,14,-25.13888876011342,20,0.1858689931592438,13,-13.064515608034313,16,-39.02715188406772,25,43.35106064246326,21,32.107842335193126,18,20.312496507540367,19,-17.7099280987826,2026-06-26,0.846785608940157,-12.214983978970084,-33.0298795059919,-61.80014176020978,2026-06-26,2023-10-04,14.109999656677246,16.010000228881836,-61.80014176020978,-66.33354285178518,2026-06-26,6.139999866485596,-12.214983978970084,-12.214983978970084,6,7.052900021076202,False,2026-06-26,6.8164000248909,True,2026-05-29,-10.625617505264762,-22.15685382483305,-13.351851892669742,-24.93529744740184
2026-06-26,2026-06-19,LITHIUM,LTBR.O,Lightbridge,15,25,6.0,-9.0,4,8.65999984741211,-12.96482398574338,15,-24.564458251492905,18,-21.12932414887604,23,-37.01818292791194,25,-59.608210673056526,26,-36.135696316911314,26,8.589341078005951,19,53.54610022018209,13,-38.62508817770272,2026-06-26,1.3391560367350777,-11.902340644707133,-2.951765044747323,-68.75901853561722,2026-06-26,2000-11-10,27.71999931335449,4050.0,-68.75901853561722,-99.78617284327376,2026-06-26,9.949999809265137,-12.96482398574338,-12.96482398574338,5,15.121874995231629,False,2026-06-26,15.62602499485016,False,2026-05-29,-11.375457512038055,-21.58242331621253,-34.667045034705026,-45.850457526321954
2026-06-26,2026-06-19,LITHIUM,LAR.TO,Lithium Argentina AG,16,2,18.0,2.0,4,11.039999961853027,-13.479625675363591,16,-22.95882749036444,14,16.088324880630232,7,47.39653269982536,1,123.481778015703,3,279.38143079819014,3,240.74073856041537,2,171.25305887509316,3,34.63414900789375,2026-06-26,0.4861239842258482,-13.479625675363591,-32.77992751806826,-31.68316790782029,2026-06-26,2008-07-16,16.15999984741211,21.016979217529297,-31.68316790782029,-47.47104306671688,2026-06-26,12.760000228881836,-13.479625675363591,-13.479625675363591,6,9.375299990177156,True,2026-06-26,8.553149995803834,True,2026-05-29,-11.89025920165827,-19.976792555084067,2.5506039948012464,27.408779659274508
2026-06-26,2026-06-19,LITHIUM,PLS.AX,Pilbara Minerals,17,5,24.0,7.0,4,5.039999961853027,-14.285716602707232,17,-21.98142519982504,12,1.4084542176344472,12,16.93735565580323,4,109.99999006589287,5,283.26994239879906,2,173.91303643612437,6,130.1369785464654,7,16.93735565580323,2026-06-26,0.7293789778415853,-14.285716602707232,11.495711148858966,-25.22254995541502,2026-06-26,2007-09-19,6.739999771118164,6.739999771118164,-25.22254995541502,-25.22254995541502,2026-06-26,5.880000114440918,-14.285716602707232,-14.285716602707232,6,4.498400017023086,True,2026-06-26,4.144225016236305,True,2026-05-29,-12.69635012900191,-18.99939026454465,-12.12926666819454,9.711986307183992
2026-06-26,2026-06-19,LITHIUM,1772.HK,Ganfeng Lithium,18,14,22.0,4.0,4,48.900001525878906,-14.585150173137285,18,-23.65339703986653,15,-28.08823305017808,26,-10.766419330881217,14,31.239945595002183,16,116.3716845154267,11,123.79863007851206,10,139.11980294151388,5,-9.611824574689432,2026-06-26,0.9745252433005248,-12.678568703787665,-20.733214639990944,-45.05617806081021,2026-06-26,2018-10-11,89.0,128.0000457763672,-45.05617806081021,-61.79688747040481,2026-06-26,57.25,-14.585150173137285,-14.585150173137285,5,58.21490003585816,False,2026-06-26,55.70290007591248,True,2026-05-29,-12.995783699431962,-20.671362104586155,-41.625953936007065,-16.837193923308668
2026-06-26,2026-06-19,LITHIUM,ALB,Albermale,19,18,19.0,0.0,4,133.6999969482422,-14.672286128632306,19,-24.2149425598526,17,-23.381090574073248,24,-10.872607263411703,15,51.75936352316266,11,109.72548540900738,12,76.57157262655505,16,49.971951385139455,16,-7.107619153836331,2026-06-26,1.2674302110389009,-16.619899058855836,-37.466629577960646,-37.99276506078323,2026-06-26,1994-02-22,215.6199951171875,325.3800048828125,-37.99276506078323,-58.90958419636295,2026-06-26,156.69000244140625,-14.672286128632306,-14.672286128632306,5,147.8053498840332,False,2026-06-26,140.50469997406006,True,2026-05-29,-13.082919654926984,-21.232907624572228,-36.91881145990223,-14.332988502455567
2026-06-26,2026-06-19,LITHIUM,SLI,Standard Lithium,20,23,16.0,-4.0,4,2.8199999332427974,-16.071427937875782,20,-29.85074759645012,23,-19.42857333592008,22,-38.02198208727231,26,-24.80000178019208,20,46.11399014935933,20,108.88888025480055,12,84.31372457355405,9,-41.00418808651342,2026-06-26,0.8848308891791278,-17.302056825144184,-55.19361620845158,-50.08849759923045,2026-06-26,2017-06-20,5.650000095367432,12.369999885559082,-50.08849759923045,-77.20291059553762,2026-06-26,3.3599998950958248,-16.071427937875782,-16.071427937875782,5,4.057700006961823,False,2026-06-26,4.000300003290176,True,2026-05-29,-14.48206146417046,-26.86871266116973,-32.96629422174906,-48.22955743513266
2026-06-26,2026-06-19,LITHIUM,LTR.AX,Liontown Resources,21,12,23.0,2.0,4,1.6599999666213987,-16.161618655025435,21,-31.404962219523224,26,-2.9239807257405825,16,-0.895521559516621,10,77.54010292925275,6,137.1428564130043,10,155.38461961689802,9,201.81816920761256,1,2.4691334404499887,2026-06-26,1.4181087035745796,-16.161618655025435,-28.14859578901266,-37.12121588413147,2026-06-26,2006-12-27,2.640000104904175,3.150000095367432,-37.12121588413147,-47.30158995668958,2026-06-26,1.9800000190734863,-16.161618655025435,-16.161618655025435,6,1.6871250042319297,False,2026-06-26,1.5737500035762786,True,2026-05-29,-14.572252181320112,-28.42292728424285,-16.461701611569566,-4.7562359081692485
2026-06-26,2026-06-19,LITHIUM,CXO.AX,Core Lithium,22,4,3.0,-19.0,4,0.2549999952316284,-16.39344614700927,22,-13.55931980792754,6,18.604646972091075,6,-10.52631633983976,13,121.73912226590431,4,186.5168435858625,6,235.5263203041958,4,196.5116122925912,2,-7.272731016489986,2026-06-26,0.643616226671402,-16.39344614700927,-17.58007488856024,-32.894737254879814,2026-06-26,2011-02-11,0.3799999952316284,1.8650000095367432,-32.894737254879814,-86.32707807358301,2026-06-26,0.3050000071525573,-16.39344614700927,-16.39344614700927,6,0.2321899988502264,True,2026-06-26,0.2162399987503886,True,2026-05-29,-14.80407967330395,-10.577284872647162,5.0669260862620895,-14.498100365109224
2026-06-26,2026-06-19,LITHIUM,GLN.AX,Galan Lithium,23,8,4.0,-19.0,4,0.3499999940395355,-16.66666548403478,23,-31.3725489050276,25,1.4492739851898806,11,6.060600039935138,7,141.37931317976924,2,257.14286040112887,4,218.1818144873156,5,159.25924454206367,4,4.477607558580488,2026-06-26,0.895289794459271,-16.66666548403478,-7.94547416936261,-35.779819574011626,2026-06-26,2011-06-08,0.5450000166893005,2.1742498874664307,-35.779819574011626,-83.90249455423098,2026-06-26,0.4199999868869781,-16.66666548403478,-16.66666548403478,6,0.3188249999284744,True,2026-06-26,0.2938750003278255,True,2026-05-29,-15.077299010329458,-28.39051396974722,-12.088446900639106,-2.7477617900387497
2026-06-26,2026-06-19,LITHIUM,EMH.AX,European Metals Holdings,24,19,2.0,-22.0,4,0.2599999904632568,-17.46031986312505,24,-21.212127232792167,10,3.999996185302712,10,-14.754103486558956,17,26.829264746897973,17,57.57574553441567,18,-27.77778329672616,25,44.44443340654773,18,-27.77778329672616,2026-06-26,1.1932222597029367,-17.46031986312505,-11.86635020709886,-40.909092756342325,2026-06-26,2012-07-19,0.4399999976158142,2.150000095367432,-40.909092756342325,-87.90697772416503,2026-06-26,0.3149999976158142,-17.46031986312505,-17.46031986312505,6,0.2899375010281801,False,2026-06-26,0.2801125012338161,True,2026-05-29,-15.870953389419729,-18.230092297511792,-9.537724700526272,-35.003152645345395
2026-06-26,2026-06-19,LITHIUM,DLI.AX,Delta Lithium,25,26,1.0,-24.0,4,0.1599999964237213,-17.948716773083873,25,-25.581398250090803,21,-23.80952313373413,25,-30.43478542555026,23,-3.030309050973967,18,-5.882356034843095,24,-8.571429057997083,23,-3.030309050973967,21,-28.888888594544948,2026-06-26,1.3498258544747337,-17.948716773083873,-7.672196491190958,-50.76923006385032,2026-06-26,2017-11-03,0.324999988079071,0.9354239702224731,-50.76923006385032,-82.89545687121228,2026-06-26,0.1949999928474426,-17.948716773083873,-17.948716773083873,6,0.2111624997854232,False,2026-06-26,0.2094749999046325,True,2026-05-29,-16.35935029937855,-22.59936331481043,-37.34724401956312,-36.11425794316418
2026-06-26,2026-06-19,LITHIUM,ELV.AX,Elevra Lithium,26,5,12.0,-14.0,4,9.569999694824215,-19.240511504209145,26,-25.75640465532149,22,23.483867029989906,3,19.326672675686503,3,159.3495812038807,1,355.7142918774873,1,235.7894742125619,3,136.296277632712,6,20.83332831610736,2026-06-26,1.0498429845235298,-19.240511504209145,-23.636765643823967,-30.6521770829439,2026-06-26,2004-03-30,13.800000190734863,256.91192626953125,-30.6521770829439,-96.27498815108171,2026-06-26,11.850000381469728,-19.240511504209145,-19.240511504209145,6,7.75860001206398,True,2026-06-26,7.037800022363663,True,2026-05-29,-17.651145030503823,-22.77436972004111,9.946146144160917,13.607958967488122
2026-07-03,2026-06-26,LITHIUM,CXO.AX,Core Lithium,1,3,22.0,21.0,4,0.2899999916553497,13.725489050275907,1,7.407400048809576,1,3.571425150243601,8,0.0,11,176.19047686626587,2,163.63635747885908,7,320.2898535075444,3,211.8279406219185,1,5.454540134461583,2026-07-03,0.9172337229238516,13.725489050275907,1.4439309997934022,-23.684211764639464,2026-07-03,2011-02-11,0.3799999952316284,1.8650000095367432,-23.684211764639464,-84.45040267171986,2026-07-03,0.2549999952316284,-3.921564960883028,0.0,6,0.2362249987199902,True,2026-07-03,0.2206649988144636,True,2026-06-05,11.968351940225098,6.059844516766644,-9.608135515312966,-3.654925970371293
2026-07-03,2026-06-26,LITHIUM,DLI.AX,Delta Lithium,2,19,25.0,23.0,4,0.1800000071525573,12.50000698491942,2,-5.26315294144224,11,-16.279067833272787,19,-19.999994701809243,17,0.0,17,9.090909090909062,23,5.882356034843106,23,5.882356034843106,21,-19.999994701809243,2026-07-03,1.0029146652671554,12.50000698491942,1.7368628267784725,-44.61538038310201,2026-07-03,2017-11-03,0.324999988079071,0.9354239702224731,-44.61538038310201,-80.75738778537527,2026-07-03,0.1599999964237213,-2.777783296726133,0.0,6,0.2112374998629093,False,2026-07-03,0.2105249997973442,False,2026-06-05,10.74286987486861,-6.610708473485172,-29.45862849882936,-29.10946080664212
2026-07-03,2026-06-26,LITHIUM,ELV.AX,Elevra Lithium,3,1,26.0,23.0,4,10.5600004196167,10.344835489680417,3,-4.2610999522471165,10,18.51852525770614,3,31.835207464043137,2,190.10989327690407,1,291.1111197451994,1,369.3333519829644,2,160.74073882205448,4,33.33333734711408,2026-07-03,0.9471278263191704,10.344835489680417,-11.117146030335984,-23.47825888649956,2026-07-03,2004-03-30,13.800000190734863,256.91192626953125,-23.47825888649956,-95.88964180334004,2026-07-03,9.569999694824215,-0.82644546677626,0.0,6,7.938350018262863,True,2026-07-03,7.235000020265579,True,2026-06-05,8.587698379629604,-5.608655484290049,5.338964592149575,24.22387124228121
2026-07-03,2026-06-26,LITHIUM,PMET.TO,PMET Resources Inc,4,6,5.0,1.0,4,6.1599998474121085,10.19677422656844,4,-3.448279985620162,7,36.28318303995714,1,8.833922499637747,6,50.24390221209414,11,130.7115981795179,10,177.4774670281608,9,71.58774358459749,12,11.191333751412213,2026-07-03,0.6734009031342161,6.574387955192806,-39.433423161324896,-20.207253693990246,2026-07-03,2010-03-15,7.71999979019165,493.5,-20.207253693990246,-98.75177308056492,2026-07-03,5.590000152587891,-1.4311256086284474,0.0,5,5.24509999871254,True,2026-07-03,5.028349995613098,True,2026-06-05,8.43963711651763,-4.795835517663094,23.10362237440058,2.0818676465793367
2026-07-03,2026-06-26,LITHIUM,LAR.TO,Lithium Argentina AG,5,2,16.0,11.0,4,11.649999618530272,5.525359228125004,5,-2.835697740436105,6,12.778312725782136,6,39.18757201693914,1,101.55707950945828,5,269.8412465340372,2,308.77193011808987,4,180.72287592318253,3,42.07316938430898,2026-07-03,0.4679844217887248,2.1929825295224914,-34.85397063701273,-27.908417521452368,2026-07-03,2008-07-16,16.15999984741211,21.016979217529297,-27.908417521452368,-44.56862949736591,2026-07-03,11.039999961853027,-3.324803110555641,-0.6820113114071269,5,9.518799986839294,True,2026-07-03,8.78409999370575,True,2026-06-05,3.7682221180741937,-4.183253272479037,-0.4012479397744304,32.96370327947611
2026-07-03,2026-06-26,LITHIUM,SGML.O,Sigma Lithium,6,12,13.0,7.0,4,12.289999961853027,4.953030929262359,6,-7.454817703499062,12,-15.29979484500591,18,-19.14473607847233,16,64.08545176788816,8,136.80153808004047,8,37.47204182000752,19,1.654258120272445,22,-13.51161204179926,2026-07-02,0.4707192785356924,1.1522662363646408,-43.01840549879167,-48.0338259615719,2026-07-02,2018-07-03,23.64999961853028,42.400001525878906,-48.0338259615719,-71.0141520764998,2026-07-02,11.710000038146973,-2.845847174176208,-2.845847174176208,5,12.343124985694883,False,2026-07-02,11.680924997329711,True,2026-06-05,3.195893819211548,-8.802373235541994,-28.47935551056248,-22.621078146632136
2026-07-03,2026-06-26,LITHIUM,GLN.AX,Galan Lithium,7,7,23.0,16.0,4,0.3650000095367431,4.285718786473236,7,-9.876541120398086,16,-6.410250532086104,14,5.797104579113888,7,143.3333300219644,3,217.3913068829954,4,151.72415175137468,10,160.7142914162607,5,8.955224013376363,2026-07-03,0.5156354852644507,4.285718786473236,8.758657009023633,-33.027523236788035,2026-07-03,2011-06-08,0.5450000166893005,2.1742498874664307,-33.027523236788035,-83.2126007391881,2026-07-03,0.3499999940395355,0.0,0.0,6,0.3240999999642372,True,2026-07-03,0.3014750003069639,True,2026-06-05,2.5285816764224256,-11.224096652441018,-19.58981119764267,-0.1542420914565134
2026-07-03,2026-06-26,LITHIUM,PLS.AX,Pilbara Minerals,8,5,17.0,9.0,4,5.230000019073486,3.769842433701176,8,-11.505919558295474,19,0.770712165934917,9,18.3257902443003,3,105.90551565433884,4,242.95082628454657,3,264.4599461755499,5,139.90825040905736,7,21.345709710163764,2026-07-03,0.7143718787720806,3.769842433701176,-36.63113872654666,-22.403557912794547,2026-07-03,2007-09-19,6.739999771118164,6.739999771118164,-22.403557912794547,-22.403557912794547,2026-07-03,5.039999961853027,-1.181101253556116,0.0,6,4.573550016880035,True,2026-07-03,4.247775014042855,True,2026-06-05,2.0127053236503656,-12.853475090338408,-12.40884849962165,12.236243605330888
2026-07-03,2026-06-26,LITHIUM,INR.AX,Ioneer Ltd,9,14,2.0,-7.0,4,0.1550000011920929,3.3333300219643647,9,3.3333300219643647,2,14.814811135515926,5,-31.11110875635964,22,-8.82352966957023,18,56.565658618158125,17,6.896555622182632,22,-6.060609070941525,23,-22.50000055879352,2026-07-03,0.8302191012454229,3.3333300219643647,36.5049120791295,-42.59259443224204,2026-07-03,2007-12-19,0.270000010728836,0.8500000238418579,-42.59259443224204,-81.76470625359293,2026-07-03,0.1500000059604644,-3.333339956071357,-3.124997089616888,6,0.161750000976026,False,2026-07-03,0.1598500008881092,False,2026-06-05,1.5761929119135545,1.9857744899214325,1.6352504699593595,-31.6094666636264
2026-07-03,2026-06-26,LITHIUM,ABAT.O,American Battery Technology,10,18,6.0,-4.0,4,2.809999942779541,3.3088203390680526,10,-9.646301042947147,15,0.3571425226269964,10,-39.69957006886919,24,-42.41803530979074,24,53.55190584055804,18,178.2178187438079,8,13.7651785518649,19,-24.054056579305595,2026-07-02,0.6966675660088136,4.074070116783601,24.82261452064316,-75.19858815797427,2026-07-02,2016-02-24,11.329999923706056,61.125,-75.19858815797427,-95.40286307929728,2026-07-02,2.720000028610229,-2.4734959409867696,-0.7067131259962167,5,3.90662499666214,False,2026-07-02,3.855974998474121,False,2026-06-05,1.5516832290172422,-10.99385657499008,-12.822418142929571,-33.16352268413847
2026-07-03,2026-06-26,LITHIUM,MIN.AX,Mineral Resources,11,4,9.0,-2.0,4,65.06999969482422,3.0566999110427595,11,-3.699866821505249,9,19.41640244165821,2,16.59200518487132,4,60.2709412324254,9,166.24385545388148,6,209.41510970156568,7,90.09640831147098,9,17.370132227016065,2026-07-03,1.1019189850654985,3.0566999110427595,-32.39213293822926,-12.457960323043729,2026-07-03,2006-07-28,74.33000183105469,96.27999877929688,-12.457960323043729,-32.4158698381535,2026-07-03,63.13999938964844,-1.6946463496476438,0.0,6,55.7639500617981,True,2026-07-03,52.99430011749268,True,2026-06-05,1.299562800991949,-5.047422353548181,6.236841776101644,8.260666122183189
2026-07-03,2026-06-26,LITHIUM,EMH.AX,European Metals Holdings,12,16,24.0,12.0,4,0.2675000131130218,2.884624201870856,12,-7.758613513709323,13,-4.464281437804541,13,-21.323526382549428,18,18.88889786637882,15,67.18751193257071,16,0.943406623808296,24,87.71930980330156,11,-25.6944437545759,2026-07-03,0.7841231425911137,2.884624201870856,-11.918582834249628,-39.20454214488671,2026-07-03,2012-07-19,0.4399999976158142,2.150000095367432,-39.20454214488671,-87.55813947685866,2026-07-03,0.2599999904632568,-6.140345098349254,-6.140345098349254,6,0.2921250010281801,False,2026-07-03,0.2834125010669231,True,2026-06-05,1.1274870918200453,-9.106169045752257,-17.64384210336111,-34.803909859408776
2026-07-03,2026-06-26,LITHIUM,IGO.AX,IGO Limited,13,15,12.0,-1.0,4,7.510000228881837,2.735982047439633,13,-16.369703655780043,23,-8.526185213308823,15,-9.626957284458992,14,44.42308662205796,12,73.84259098289934,15,112.74788356230864,13,53.57874098019586,15,-8.526185213308823,2026-07-03,1.125062827385558,2.735982047439633,16.20046173871077,-25.12462184625457,2026-07-03,2002-01-17,10.029999732971191,16.393840789794922,-25.12462184625457,-54.19011124252975,2026-07-03,7.309999942779541,0.0,0.0,6,7.51324999332428,False,2026-07-03,7.20614999294281,True,2026-06-05,0.978844937388823,-17.717259187822975,-21.70574587886539,-17.635651318141697
2026-07-03,2026-06-26,LITHIUM,LTR.AX,Liontown Resources,14,9,21.0,7.0,4,1.7050000429153442,2.710848024023416,14,-20.32710470396492,24,-1.1594191681209676,11,0.8875730879888577,10,74.8717949971958,6,131.97279043964224,9,247.9591856594634,6,199.12281830004832,2,5.246915919554329,2026-07-03,1.3799965541379504,2.710848024023416,-16.358226613698868,-35.416667607396505,2026-07-03,2006-12-27,2.640000104904175,3.150000095367432,-35.416667607396505,-45.87301614933874,2026-07-03,1.6599999666213987,-3.1884096230160086,-1.1594191681209676,6,1.7084750038385392,False,2026-07-03,1.6112500041723252,True,2026-06-05,0.9537109139726052,-21.67466023600785,-14.338979833677534,-3.862550185278547
2026-07-03,2026-06-26,LITHIUM,1772.HK,Ganfeng Lithium,15,13,18.0,3.0,4,49.700000762939446,1.635990208787952,15,-10.931897056496164,17,-35.49643245367062,25,-6.754218622235841,12,5.564993266751683,16,98.80000305175778,12,141.26213515823997,11,156.44996344248293,6,-8.133082874829277,2026-07-03,0.8962954565100638,-5.781989074996307,3.007112086061483,-44.15730251355119,2026-07-03,2018-10-11,89.0,128.0000457763672,-44.15730251355119,-61.17188828996839,2026-07-03,48.900001525878906,-4.413513796577151,-1.1928399268822163,5,58.58300003051758,False,2026-07-03,56.48660003662109,False,2026-06-05,-0.1211469012628585,-12.279452588539096,-48.67599311922719,-17.242548979662153
2026-07-03,2026-06-26,LITHIUM,SQM,Sociedad Quimica y Minera ADR,16,11,10.0,-6.0,4,72.69999694824217,1.5504968111921258,16,-3.619254071176614,8,-9.633312981958207,16,3.649839721800108,8,68.6383575016361,7,95.6931196829129,13,84.47093943091221,16,98.09263061829796,8,4.259276420948654,2026-07-02,0.7419427771978953,-0.5608038006927885,-45.89113497853237,-23.722590693018983,2026-07-02,1993-09-21,95.30999755859376,113.5199966430664,-23.722590693018983,-35.95842221804492,2026-07-02,71.58999633789062,-2.416532778370073,-2.04797123074818,5,69.94225009918213,True,2026-07-02,67.0319500541687,True,2026-06-05,-0.2066402988586846,-4.966809603219547,-22.812873647514778,-4.850189683884222
2026-07-03,2026-06-26,LITHIUM,ALB,Albermale,17,17,19.0,2.0,4,135.55999755859375,1.3911747590178436,17,-12.789503712409134,20,-21.655205158093327,23,-7.233290201211762,13,53.66129639860067,10,101.6961752792403,11,103.84962038886276,15,54.41393797117202,14,-5.815323798453786,2026-07-02,1.5182705773074157,-3.8922406057301018,-37.81620120131444,-37.13013605954395,2026-07-02,1994-02-22,215.6199951171875,325.3800048828125,-37.13013605954395,-58.33794470332728,2026-07-02,133.6999969482422,-2.976810634543092,-0.3821312944326194,5,148.96034984588624,False,2026-07-02,142.62169998168946,True,2026-06-05,-0.3659623510329668,-14.137059244452066,-34.834765823649896,-14.924789903286662
2026-07-03,2026-06-26,LITHIUM,LI.V,American Lithium,18,22,7.0,-11.0,4,0.4650000035762786,1.0869554654186375,18,-15.454546636786336,22,-17.69911406398502,20,-35.416668736272314,23,-35.416668736272314,22,34.78261019797464,20,22.36842352927888,20,-23.77049300466228,24,-32.60869490101268,2026-07-03,0.6824779121920473,2.197800038474451,-57.87460986808127,-60.25640849295917,2026-07-03,1985-02-11,1.1699999570846558,1050.0,-60.25640849295917,-99.95571428537367,2026-07-03,0.4600000083446502,-4.347828340440207,0.0,5,0.6641999994218349,False,2026-07-03,0.6607999996840954,False,2026-06-05,-0.6701816446321729,-16.80210216882927,-30.878674729541583,-41.71816100584556
2026-07-03,2026-06-26,LITHIUM,LIT,Global X Lithium & Battery Tech ETF,19,10,8.0,-11.0,4,76.52999877929686,0.7901994886205577,19,-2.260541766889768,5,4.663561138712113,7,13.529141999310944,5,29.976218395042583,13,92.52829881584115,14,106.44726034346884,14,88.1268392457702,10,15.482122613482762,2026-07-02,0.596539034302911,-2.447416499215471,-38.10861424198976,-16.470206848851166,2026-07-02,2010-07-23,91.62000274658205,96.30999755859376,-16.470206848851166,-20.53784579037396,2026-07-02,75.93000030517578,-2.235564674616264,-2.235564674616264,5,70.95424978256226,True,2026-07-02,68.11034978866577,True,2026-06-05,-0.9669376214302527,-3.6080972989327,-8.515999526844453,6.372656508649886
2026-07-03,2026-06-26,LITHIUM,LAC.TO,Lithium Americas,20,20,14.0,-6.0,4,5.420000076293944,0.5565901772073722,20,-14.24050745129717,21,-3.730018363735456,12,-24.617523878167656,19,-57.12025372564858,25,47.683922714442886,19,42.25722198672388,18,18.082786407710483,18,-17.251909641763554,2026-07-03,0.5196734330993559,-0.914071587120735,-51.67769905103334,-61.58752510153997,2026-07-03,2023-10-04,14.109999656677246,16.010000228881836,-61.58752510153997,-66.1461586582845,2026-07-03,5.389999866485596,-2.1978000864594893,-0.7326000288198409,5,7.077150022983551,False,2026-07-03,6.897500025033951,False,2026-06-05,-1.2005469328434382,-15.588062983340102,-16.909579029292022,-26.36137574659643
2026-07-03,2026-06-26,LITHIUM,VULG.DE,Vulcan Energy Resources,21,25,11.0,-10.0,4,1.8589999675750728,-0.053765952814555,21,-11.137669178039433,18,-10.019361989108011,17,-28.389830547390147,21,-35.034394095680256,21,3.726620902430411,24,-12.111421711735094,25,-33.7560050846009,25,-27.496098034301987,2026-07-03,0.5484822929609408,-0.053765952814555,-37.28028135874478,-45.22130464750616,2026-07-03,2022-02-15,3.3936550617218018,6.09117603302002,-45.22130464750616,-69.48044256975157,2026-07-03,1.8600000143051147,-3.4285707208353777,-3.4285707208353777,6,2.416001193523407,False,2026-07-03,2.3991629481315613,False,2026-06-05,-1.8109030628653653,-12.485224710082363,-23.19892265466457,-36.60556413913486
2026-07-03,2026-06-26,LITHIUM,LTBR.O,Lightbridge,22,26,15.0,-7.0,4,8.640000343322756,-0.2309411598353627,22,-8.231541387895437,14,-17.94871260756571,21,-44.65086141352374,26,-59.264494501332166,26,-32.39436209820591,26,15.817698379917022,21,31.008349024855363,17,-38.76682811091305,2026-07-02,1.2430162057735905,-3.030297516422231,-0.487274214113476,-68.83116682055501,2026-07-02,2000-11-10,27.71999931335449,4050.0,-68.83116682055501,-99.78666665818956,2026-07-02,8.65999984741211,-3.030297516422231,-3.030297516422231,5,15.010324997901916,False,2026-07-02,15.507600002288818,False,2026-06-05,-1.9880782698861728,-9.579096919938369,-31.128273273122275,-47.87629421574593
2026-07-03,2026-06-26,LITHIUM,ATLX.O,Atlas Lithium,23,23,3.0,-20.0,4,3.6400001049041752,-1.0869554654186264,23,3.1161511163156685,3,-22.55318611442022,24,-24.948449969506992,20,-39.43427676738376,23,-5.943146962695057,25,-27.199997901916497,26,-49.3741296810039,26,-16.894976945250594,2026-07-02,0.6297963646856074,3.1161511163156685,-18.7878602853172,-51.14093693831621,2026-07-02,2013-02-28,7.449999809265136,412500.0,-51.14093693831621,-99.99911757573214,2026-07-02,3.6800000667572017,-3.448272590982604,-3.448272590982604,5,4.824825010299683,False,2026-07-02,4.948650010824204,False,2026-06-05,-2.844092575469437,1.7685955842727363,-35.732746779976786,-26.00444305008347
2026-07-03,2026-06-26,LITHIUM,SLI,Standard Lithium,24,21,20.0,-4.0,4,2.720000028610229,-3.546095992902232,24,-21.61383267481939,25,-19.76401343836787,22,-43.80165407317441,25,-33.65853434442974,20,23.07692224706377,22,115.87301977757814,12,69.99999925494191,13,-43.09623620875771,2026-07-02,1.052974320037008,-7.167236633526497,-79.31327725910643,-51.85840738586144,2026-07-02,2017-06-20,5.650000095367432,12.369999885559082,-51.85840738586144,-78.0113172694076,2026-07-02,2.8199999332427974,-3.546095992902232,-3.546095992902232,5,4.054200006723404,False,2026-07-02,4.026850004196167,False,2026-06-05,-5.303233102953042,-22.96138820686232,-32.94357410392443,-52.205702313590585
2026-07-03,2026-06-26,LITHIUM,CRML.O,Critical Metals,25,8,4.0,-21.0,4,9.5600004196167,-4.304297911443655,25,-1.8480426666457768,4,18.02469098010164,4,1.7021362508464088,9,19.79950371888166,14,174.7126542304431,5,508.91720383610925,1,41.00295167818191,16,17.733996974785306,2026-07-02,0.371070057010855,3.239742800428491,-8.434077852102059,-68.10143263714788,2026-07-02,2022-02-07,29.96999931335449,29.96999931335449,-68.10143263714788,-68.10143263714788,2026-07-02,9.989999771118164,-6.913339888025449,-6.913339888025449,5,10.783425002098085,False,2026-07-02,10.45027500629425,False,2026-06-05,-6.061435021494465,-3.195598198688709,4.845130314545076,8.62453086995243
2026-07-03,2026-06-26,LITHIUM,AVL.TO,Avalon Advanced Materials,26,23,1.0,-25.0,4,8.100000381469727,-18.18181117594597,26,-30.769220737152825,26,-43.74999586078844,26,-18.18181117594597,15,-18.18181117594597,19,28.571440465326493,21,80.00000847710504,17,12.500008278423104,20,-18.18181117594597,2026-07-03,1.476458203738557,-9.999995761447478,-34.25022760703279,-66.66666666666667,2026-07-03,1984-05-31,24.30000114440918,7740.0,-66.66666666666667,-99.89534883228076,2026-07-03,9.899999618530272,-18.18181117594597,-18.18181117594597,5,11.501999542713165,False,2026-07-03,11.276999566555023,True,2026-06-05,-19.938948285996783,-32.11677626919575,-56.929556526345,-27.29127728077885
2026-07-10,2026-07-03,LITHIUM,AVL.TO,Avalon Advanced Materials,1,20,26.0,25.0,4,9.0,11.111105878330465,1,-16.66666077978777,13,-33.333333333333336,25,-37.499998344315365,19,-62.96296470722318,26,25.000003311369245,20,100.0,16,42.85714934472353,15,-9.090905587972976,2026-07-10,1.268128823673541,11.111105878330465,-12.006068813046666,-62.96296470722318,2026-07-10,1984-05-31,24.30000114440918,7740.0,-62.96296470722318,-99.88372093023256,2026-07-10,8.100000381469727,-5.555558826043461,0.0,6,11.546999554634096,False,2026-07-10,11.351249549388886,False,2026-06-12,10.607486474206883,-18.60342928204441,-44.46010792977853,-19.54396435205966
2026-07-10,2026-07-03,LITHIUM,LI.V,American Lithium,2,17,18.0,16.0,4,0.4799999892711639,3.2258033504347416,2,-7.692306369719359,4,-15.789474509759636,14,-45.45454637817116,22,-58.97435838654195,23,27.99999713897703,19,41.17646594773534,19,-21.311479013986776,24,-30.434783923227847,2026-07-10,0.6025104087920883,3.2258033504347416,-16.335249266256756,-58.97435838654195,2026-07-10,1985-02-11,1.1699999570846558,1050.0,-58.97435838654195,-99.9542857153075,2026-07-10,0.4650000035762786,-9.278353682890994,-3.0303061318608826,6,0.6634249994158745,False,2026-07-10,0.663474999666214,False,2026-06-12,2.722183946311163,-9.629074871975996,-26.91624910620484,-40.88784268731453
2026-07-10,2026-07-03,LITHIUM,SQM,Sociedad Quimica y Minera ADR,3,4,16.0,13.0,4,73.19000244140625,-0.4488495874969245,3,-12.993342782100523,11,-10.874330256336318,9,-5.877057059255075,6,79.5192583262995,5,87.09101339405385,9,119.65787248424031,13,90.74799186555802,8,4.961994719492013,2026-07-10,0.5735810919632038,0.6740103352589344,-39.53509898538609,-23.208473070822187,2026-07-10,1993-09-21,95.30999755859376,113.5199966430664,-23.208473070822187,-35.52677536493165,2026-07-10,73.5199966430664,-1.6659920175807197,-1.6659920175807197,5,70.70100008010864,True,2026-07-10,67.82655010223388,True,2026-06-12,-0.9524689916205032,-14.93011128435716,-22.00110485278152,-5.491064044594674
2026-07-10,2026-07-03,LITHIUM,SGML.O,Sigma Lithium,4,11,6.0,2.0,4,11.909999847412108,-3.718674554589008,4,-25.469335490698285,19,-19.79798288575293,16,-23.94636038658523,11,90.86538917096658,4,111.54528606248206,8,49.99999699724711,18,2.0565532951939858,21,-16.18578595749809,2026-07-10,0.4555370011580977,-3.091945611231928,-31.28927618423082,-49.640591799078216,2026-07-10,2018-07-03,23.64999961853028,42.400001525878906,-49.640591799078216,-71.91037872924882,2026-07-10,12.369999885559082,-6.790623770081994,-3.718674554589008,5,12.490374982357023,False,2026-07-10,11.885524990558624,True,2026-06-12,-4.222293958712586,-27.40610399295492,-30.924757482198128,-26.63884472158478
2026-07-10,2026-07-03,LITHIUM,EMH.AX,European Metals Holdings,5,10,12.0,7.0,4,0.2549999952316284,-4.672903651825977,5,-7.272731016489986,3,-15.000004967053515,11,-33.766233364110995,17,21.428572949098168,14,59.37500058207663,15,6.250000388051125,24,69.99999006589303,11,-29.16667080587793,2026-07-09,0.6744617835915171,-7.272731016489986,-9.665037727723792,-42.04545531514263,2026-07-09,2012-07-19,0.4399999976158142,2.150000095367432,-42.04545531514263,-88.13953563159961,2026-07-09,0.2675000131130218,-10.52631633983976,-10.52631633983976,5,0.293850000873208,False,2026-07-09,0.2852625011652708,False,2026-06-12,-5.176523055949556,-9.209499518746622,-26.126779563498715,-39.61972956996462
2026-07-10,2026-07-03,LITHIUM,LIT,Global X Lithium & Battery Tech ETF,6,5,19.0,13.0,4,72.31999969482422,-5.054481510662223,6,-12.20104736754406,8,-7.163031735244541,6,3.314285278320317,1,34.124633068841995,11,79.63239619943951,11,110.96850137142154,14,81.84560941011082,9,9.129324518218151,2026-07-10,0.4496905972959544,-5.501109566999684,-14.900874386254962,-21.065272291184066,2026-07-10,2010-07-23,91.62000274658205,96.30999755859376,-21.065272291184066,-24.90914595774373,2026-07-10,76.16999816894531,-5.317048076304765,-5.054481510662223,5,71.47594982147217,True,2026-07-10,68.94069978713989,True,2026-06-12,-5.558100914785801,-14.137815869800695,-18.28980633168974,-1.3237342458685362
2026-07-10,2026-07-03,LITHIUM,VULG.DE,Vulcan Energy Resources,7,22,21.0,14.0,4,1.7649999856948853,-5.056481093047227,7,-12.45039894310559,10,-20.85201925566789,17,-34.38661902785846,18,-42.92538320759043,18,-0.4023957951021839,23,-10.91734319976313,25,-42.30093425150567,25,-31.162244128918992,2026-07-10,0.8950404178107179,-5.056481093047227,-33.6906756429626,-47.991179021022944,2026-07-10,2022-02-15,3.3936550617218018,6.09117603302002,-47.991179021022944,-71.02365822089378,2026-07-10,1.8589999675750728,-5.107528380623205,-5.107528380623205,6,2.405836232304573,False,2026-07-10,2.40610545873642,False,2026-06-12,-5.560100497170805,-14.387167445362229,-31.978793852113096,-41.61530289300568
2026-07-10,2026-07-03,LITHIUM,DLI.AX,Delta Lithium,8,18,2.0,-6.0,4,0.1700000017881393,-5.55555831502973,8,0.0,2,-24.444441648177097,21,-27.659573523692828,13,-10.526313725600945,16,0.0,22,9.6774196649565,23,-10.526313725600945,23,-24.444441648177097,2026-07-10,0.1700651400353448,-5.55555831502973,13.038140481078472,-47.692305223476176,2026-07-10,2017-11-03,0.324999988079071,0.9354239702224731,-47.692305223476176,-81.82642232829377,2026-07-10,0.1800000071525573,-5.55555831502973,-5.55555831502973,6,0.2113374998420477,False,2026-07-10,0.2107124997675419,False,2026-06-12,-6.0591777191533085,-1.936768502256636,-35.57121624462229,-34.89750041226378
2026-07-10,2026-07-03,LITHIUM,LTBR.O,Lightbridge,9,23,22.0,13.0,4,8.420000076293945,-5.605381117975716,9,-10.425527468154872,5,-22.39631538931447,18,-49.00060593842765,24,-61.865941551685125,25,-30.58532566483797,26,11.671089109987864,21,40.80267641200612,16,-40.32600792935267,2026-07-10,0.7248386745271675,-2.546299285726683,13.667294465004154,-69.62481859717256,2026-07-10,2000-11-10,27.71999931335449,4050.0,-69.62481859717256,-99.7920987635483,2026-07-10,8.920000076293945,-7.735431929999448,-5.605381117975716,5,14.805824995040894,False,2026-07-10,15.365299997329712,False,2026-06-12,-6.109000522099295,-12.362295970411507,-33.52308998575967,-50.77906669343936
2026-07-10,2026-07-03,LITHIUM,ALB,Albermale,10,14,17.0,7.0,4,126.0500030517578,-5.792227072672107,10,-26.03567397835637,21,-27.407277416016697,23,-25.559557261730003,12,40.27376162429861,9,69.71860609815363,12,130.39664624584557,12,45.67202684615832,14,-12.422698904946216,2026-07-10,0.7393417287001135,-7.015339833364487,-36.48333741624488,-41.54067066774082,2026-07-10,1994-02-22,215.6199951171875,325.3800048828125,-41.54067066774082,-61.2606794639531,2026-07-10,133.8000030517578,-5.792227072672107,-5.792227072672107,5,150.1724499130249,False,2026-07-10,144.51224990844727,True,2026-06-12,-6.295846476795686,-27.97244248061301,-38.5340520124619,-22.875757669032904
2026-07-10,2026-07-03,LITHIUM,INR.AX,Ioneer Ltd,11,12,9.0,-2.0,4,0.1449999958276748,-6.451616314521824,11,3.5714251502436234,1,11.538462420187056,1,-29.268294101240823,14,-42.00000166893008,17,44.99999366700656,18,11.538462420187056,22,-9.375000582076654,22,-27.50000316649672,2026-07-10,0.6189534057321456,-6.451616314521824,39.482570198058944,-46.296299975595225,2026-07-10,2007-12-19,0.270000010728836,0.8500000238418579,-46.296299975595225,-82.9411774399371,2026-07-10,0.1550000011920929,-6.451616314521824,-6.451616314521824,6,0.1620750008895993,False,2026-07-10,0.1601500008627772,False,2026-06-12,-6.955235718645403,1.6346566479869873,0.4116878237418575,-37.95306193058341
2026-07-10,2026-07-03,LITHIUM,ATLX.O,Atlas Lithium,12,25,23.0,11.0,4,3.2799999713897705,-7.475320146712505,12,-12.06434438023123,7,-24.59770015404581,22,-39.705883513066176,20,-47.93650996688026,21,-19.41032351232377,25,-17.380353960904284,26,-50.37821626115671,26,-25.114157860965168,2026-07-10,0.4499286866533016,-9.890113273056675,-8.716457704373553,-55.97315361927093,2026-07-10,2013-02-28,7.449999809265136,412500.0,-55.97315361927093,-99.9992048484918,2026-07-10,3.5450000762939453,-7.475320146712505,-7.475320146712505,5,4.794350010156632,False,2026-07-10,4.907175011634827,False,2026-06-12,-7.978939550836084,-14.001112882487869,-35.72447475049101,-35.567216625051856
2026-07-10,2026-07-03,LITHIUM,SLI,Standard Lithium,13,24,24.0,11.0,4,2.4600000381469727,-8.208956086946273,13,-31.28491367116136,24,-28.07017592781076,24,-52.04678395187384,26,-45.45454737688826,19,-9.8901091223489,24,104.99999503294646,15,50.0000036344296,13,-48.535566314429005,2026-07-10,1.0004767283350853,-9.558823078252033,-64.02612318255329,-56.46017705089979,2026-07-10,2017-06-20,5.650000095367432,12.369999885559082,-56.46017705089979,-80.11317654886308,2026-07-10,2.680000066757202,-8.208956086946273,-8.208956086946273,5,4.042550005912781,False,2026-07-10,4.042000006437302,False,2026-06-12,-8.712575491069853,-33.221682173418,-39.19695052425595,-58.988625078515696
2026-07-10,2026-07-03,LITHIUM,MIN.AX,Mineral Resources,14,3,11.0,-3.0,4,59.700000762939446,-8.252649388458366,14,-12.437664277324137,9,2.9665423150791126,3,1.9119134463581045,2,35.251476185883426,10,134.02587309798793,7,250.97001739937,5,73.54650614776139,10,7.68398672755044,2026-07-10,0.6893653522028038,-8.252649388458366,-37.15216163557158,-19.68249792508804,2026-07-10,2006-07-28,74.33000183105469,96.27999877929688,-19.68249792508804,-37.99335114265004,2026-07-10,65.06999969482422,-10.11218387462326,-8.252649388458366,6,56.29770008087158,True,2026-07-10,53.58510011672973,True,2026-06-12,-8.756268792581945,-14.374432779580772,-8.160232281366085,-2.769072036536248
2026-07-10,2026-07-03,LITHIUM,IGO.AX,IGO Limited,15,16,13.0,-2.0,4,6.889999866485596,-8.25566369508024,15,-22.23476147323528,17,-15.46012038061787,13,-22.671156178675112,9,28.54477042648902,13,52.43362600796466,16,95.73863363124366,17,39.47367989226955,17,-16.07795573115863,2026-07-10,0.8190172269334091,-8.25566369508024,1.7599730644642957,-31.306081257047367,2026-07-10,2002-01-17,10.029999732971191,16.393840789794922,-31.306081257047367,-57.972021597436864,2026-07-10,7.510000228881837,-9.720372793945664,-8.25566369508024,6,7.56699999332428,False,2026-07-10,7.275549986362457,True,2026-06-12,-8.75928309920382,-24.171529975491914,-26.586894977063068,-26.53101449524532
2026-07-10,2026-07-03,LITHIUM,ABAT.O,American Battery Technology,16,19,10.0,-6.0,4,2.630000114440918,-8.362361696450439,16,-22.18934836113331,16,-7.719291142222461,7,-49.12959234758457,25,-61.03703534161603,24,47.75281779288416,17,171.86273261229834,10,28.921576648068424,18,-28.91891674197794,2026-07-10,0.542062229469535,-6.405687971672136,-1.0754501665092544,-76.78728921314377,2026-07-10,2016-02-24,11.329999923706056,61.125,-76.78728921314377,-95.69734132606804,2026-07-10,2.869999885559082,-9.059233478422556,-8.362361696450439,5,3.898774996995926,False,2026-07-10,3.876474999189377,False,2026-06-12,-8.865981100574018,-24.126116863389942,-18.84606573866766,-39.37197550606463
2026-07-10,2026-07-03,LITHIUM,GLN.AX,Galan Lithium,17,7,7.0,-10.0,4,0.324999988079071,-10.958909702068231,17,-16.666666666666675,14,-24.418608680681707,20,-12.162166516044126,7,103.12499708961688,3,140.7407223442462,5,209.52380783433543,7,150.0,4,-2.98508060193573,2026-07-10,0.5126339514503021,-10.958909702068231,9.83780355095605,-40.36697649050707,2026-07-10,2011-06-08,0.5450000166893005,2.1742498874664307,-40.36697649050707,-85.05231666550614,2026-07-10,0.3650000095367431,-12.162166516044126,-12.162166516044126,6,0.3292000000178814,False,2026-07-10,0.30635000012815,True,2026-06-12,-11.462529106191807,-18.603435168923312,-35.5453832771269,-13.438139366022416
2026-07-10,2026-07-03,LITHIUM,LAR.TO,Lithium Argentina AG,18,1,5.0,-13.0,4,10.369999885559082,-10.987122531190863,18,-23.071214853775125,18,1.866400537205304,4,-0.0963413176452987,3,66.1859016975709,7,211.4114151095236,2,277.0909049294212,3,151.08957864914925,3,26.463416180108613,2026-07-10,0.5485000032929459,-10.987122531190863,-45.71544028696714,-35.82920802304492,2026-07-10,2008-07-16,16.15999984741211,21.016979217529297,-35.82920802304492,-50.65894209520872,2026-07-10,11.649999618530272,-11.24463097714371,-10.987122531190863,6,9.67084998369217,True,2026-07-10,8.979449992179871,True,2026-06-12,-11.490741935314444,-25.00798335603176,-9.260374059239894,16.010357416021925
2026-07-10,2026-07-03,LITHIUM,PLS.AX,Pilbara Minerals,19,7,8.0,-11.0,4,4.630000114440918,-11.472273469300298,19,-28.98772809838292,23,-13.619403001672048,10,-2.935007694872205,4,75.37878524474434,6,203.60656962795835,3,226.0563559414877,6,111.41552481588968,6,7.4245980489504815,2026-07-10,0.6192938456031897,-11.472273469300298,-44.85864657058167,-31.30563395148599,2026-07-10,2007-09-19,6.739999771118164,6.739999771118164,-31.30563395148599,-31.30563395148599,2026-07-10,5.230000019073486,-11.854682281032137,-11.472273469300298,6,4.635300017595291,False,2026-07-10,4.324375016093254,True,2026-06-12,-11.975892873423875,-30.92449660063955,-24.74617759811725,-3.028460715136206
2026-07-10,2026-07-03,LITHIUM,LTR.AX,Liontown Resources,20,13,14.0,-6.0,4,1.4900000095367432,-12.60997231477936,20,-31.65137780233416,26,-23.785167425632448,19,-30.697677049074542,16,48.2587081200268,8,86.24999841675165,10,178.50466102728765,8,168.46846672691575,2,-8.024691040060572,2026-07-10,1.892039943963305,-12.60997231477936,-17.213631645242664,-43.56060794206573,2026-07-10,2006-12-27,2.640000104904175,3.150000095367432,-43.56060794206573,-52.69841382773222,2026-07-10,1.7050000429153442,-14.076246539347403,-12.60997231477936,6,1.7236750036478043,False,2026-07-10,1.6345750042796134,True,2026-06-12,-13.11359171890294,-33.58814630459079,-34.911942022077646,-18.47774980414726
2026-07-10,2026-07-03,LITHIUM,LAC.TO,Lithium Americas,21,25,20.0,-1.0,4,4.699999809265137,-13.284137581066702,21,-25.9842538605976,20,-16.51865517356449,15,-41.17647129034406,21,-55.32319767346991,22,21.13401212985209,21,33.52272257762996,20,3.5242257435351254,19,-28.24427981065707,2026-07-10,0.657251243740758,-13.284137581066702,-66.56516300784563,-66.69029111534411,2026-07-10,2023-10-04,14.109999656677246,16.010000228881836,-66.69029111534411,-70.64334951859404,2026-07-10,5.420000076293944,-13.284137581066702,-13.284137581066702,6,7.092850019931793,False,2026-07-10,6.954250026941299,False,2026-06-12,-13.78775698519028,-27.92102236285423,-27.645429770009688,-38.69733857474375
2026-07-10,2026-07-03,LITHIUM,CXO.AX,Core Lithium,22,1,1.0,-21.0,4,0.25,-13.793100967701976,22,-10.71428609441738,6,-15.254233521108162,12,-20.63492003421874,8,127.27272850422833,1,138.0952455289243,6,284.61539872299346,2,187.35633010766009,1,-9.090911061310514,2026-07-10,0.7113585171245127,-13.793100967701976,8.49263844628932,-34.210525490240364,2026-07-10,2011-02-11,0.3799999952316284,1.8650000095367432,-34.210525490240364,-86.59517433128063,2026-07-10,0.2899999916553497,-16.666669978035674,-16.666669978035674,6,0.2403999987244606,True,2026-07-10,0.2233149987831711,True,2026-06-12,-14.296720371825554,-12.651054596674015,-26.38100811755336,-19.5439698253972
2026-07-10,2026-07-03,LITHIUM,CRML.O,Critical Metals,23,15,25.0,2.0,4,7.949999809265136,-14.146872432365877,23,-19.696968529324323,15,-10.372041580200742,8,-46.13821350958476,23,-46.92923863682376,20,161.51315490212127,4,416.23376663588897,1,2.316600113004874,20,-2.093597028200467,2026-07-10,0.4958460709460326,-16.841009829329224,-3.743968340894916,-73.47347350214102,2026-07-10,2022-02-07,29.96999931335449,29.96999931335449,-73.47347350214102,-73.47347350214102,2026-07-10,9.260000228881838,-14.146872432365877,-14.146872432365877,5,10.828900005817411,False,2026-07-10,10.534974999427796,False,2026-06-12,-14.650491836489454,-21.63373703158096,-21.49881617664594,-12.546655792287154
2026-07-10,2026-07-03,LITHIUM,PMET.TO,PMET Resources Inc,24,9,4.0,-20.0,4,5.179999828338623,-15.909091612805726,24,-15.909091612805726,12,8.82352057271747,2,-22.68656752533892,10,33.50514627716774,12,68.72963977126419,13,177.00533770748547,9,57.92682541225154,12,-6.498197400600536,2026-07-10,0.6468914515798765,-15.909091612805726,-38.795468502637,-32.90155480418701,2026-07-10,2010-03-15,7.71999979019165,493.5,-32.90155480418701,-98.95035464471356,2026-07-10,6.1599998474121085,-15.909091612805726,-15.909091612805726,6,5.286999996900558,False,2026-07-10,5.081199996471405,True,2026-06-12,-16.412711016929304,-17.84586011506236,-2.303254023727728,-16.951256164687223
2026-07-10,2026-07-03,LITHIUM,ELV.AX,Elevra Lithium,25,6,3.0,-22.0,4,8.859999656677246,-16.098491433593697,25,-26.04340571599609,22,1.4891193729388963,5,-2.9572886569476875,5,114.5278307789256,2,228.1481296371861,1,269.16663769218763,4,127.17947282107733,5,11.868681456164332,2026-07-10,0.6593355926553809,-16.098491433593697,-24.35726803972672,-35.797104824493175,2026-07-10,2004-03-30,13.800000190734863,256.91192626953125,-35.797104824493175,-96.55134746551936,2026-07-10,10.5600004196167,-16.098491433593697,-16.098491433593697,6,8.09050001859665,True,2026-07-10,7.375750013589859,True,2026-06-12,-16.602110837717277,-27.98017421825273,-9.637655223506302,1.415622692077644
2026-07-10,2026-07-03,LITHIUM,1772.HK,Ganfeng Lithium,26,21,15.0,-11.0,4,41.619998931884766,-16.257548706276516,26,-31.546053529363604,25,-47.34978200489864,26,-29.63652094974931,15,-8.64794188464627,15,68.16161184599905,14,133.03470050142124,11,109.1457272849869,7,-23.068391671408584,2026-07-10,0.9632996209692868,-16.257548706276516,-9.777115614403709,-53.23595625630926,2026-07-10,2018-10-11,89.0,128.0000457763672,-53.23595625630926,-67.48438746295425,2026-07-10,49.700000762939446,-16.257548706276516,-16.257548706276516,6,58.82730001449585,False,2026-07-10,57.06940004348755,True,2026-06-12,-16.761168110400096,-33.48282203162024,-58.47655660134384,-33.52145043549527
2026-07-17,2026-07-10,LITHIUM,DLI.AX,Delta Lithium,1,11,8.0,7.0,4,0.1700000017881393,0.0,1,-12.82050870579362,3,-30.61224551858229,14,-37.0370388766865,15,-5.55555831502973,14,13.33333002196433,18,9.6774196649565,21,-5.55555831502973,19,-24.444441648177097,2026-07-17,0.183389173767703,0.0,-27.757192059004687,-47.692305223476176,2026-07-17,2017-11-03,0.324999988079071,0.9354239702224731,-47.692305223476176,-81.82642232829377,2026-07-17,0.1700000017881393,-5.882356034843095,-2.8571401810159047,6,0.2113124997913837,False,2026-07-17,0.2110874997079372,False,2026-06-19,1.5537179364795262,-12.618440969682776,-35.26600762675548,-33.18137142685591
2026-07-17,2026-07-10,LITHIUM,LI.V,American Lithium,2,12,2.0,0.0,4,0.4650000035762786,-3.124997089616899,2,-6.999999284744285,1,-27.343747817212684,10,-46.55172401980848,19,-41.875000419095166,17,16.24999916180969,17,32.857146141480456,18,-21.18643656848167,22,-32.60869490101268,2026-07-17,0.2981011548450267,-3.124997089616899,3.374986446790725,-60.25640849295917,2026-07-17,1985-02-11,1.1699999570846558,1050.0,-60.25640849295917,-99.95571428537367,2026-07-17,0.4799999892711639,-6.565656261582264,-6.060606243050648,6,0.6581374993920326,False,2026-07-17,0.6642499993741512,False,2026-06-19,-1.5712791531373729,-6.79793154863344,-31.99750992538587,-41.3456246796915
2026-07-17,2026-07-10,LITHIUM,IGO.AX,IGO Limited,3,9,15.0,12.0,4,6.650000095367432,-3.4833058892435265,3,-18.60465075559721,8,-28.108107077108848,11,-25.36475634958726,10,24.999997759223945,10,37.68116356956153,15,85.75419656666583,15,24.999997759223945,14,-19.00121724154874,2026-07-17,0.8461907896593361,-3.4833058892435265,0.2749540440954703,-33.69890057417281,2026-07-17,2002-01-17,10.029999732971191,16.393840789794922,-33.69890057417281,-59.43598464426334,2026-07-17,6.889999866485596,-4.999998637608116,-4.999998637608116,6,7.609349994659424,False,2026-07-17,7.367199990749359,True,2026-06-19,-1.9295879527640003,-18.40258301948636,-32.76186918528204,-27.738147020227554
2026-07-17,2026-07-10,LITHIUM,CXO.AX,Core Lithium,4,2,22.0,18.0,4,0.2399999946355819,-4.000002145767246,4,-21.311479013986776,11,-36.84210588231974,15,-14.28571656650428,6,84.61538726056123,3,128.5714305987975,4,252.94114940100644,1,158.06450424118287,1,-12.727276569555546,2026-07-17,0.5130065628095947,-4.000002145767246,-4.277654102953747,-36.84210588231974,2026-07-17,2011-02-11,0.3799999952316284,1.8650000095367432,-36.84210588231974,-87.13136764566578,2026-07-17,0.25,-7.692306369719382,-7.692306369719382,6,0.2439499986171722,False,2026-07-17,0.2277899987995624,True,2026-06-19,-2.4462842092877195,-21.10941127787593,-41.49586799049293,-21.46420634823436
2026-07-17,2026-07-10,LITHIUM,ALB,Albermale,5,10,10.0,5.0,4,120.77999877929688,-4.180883891210208,5,-22.917865277038217,14,-38.92288304460335,18,-29.99883883210741,11,30.23506745893692,9,59.46659913634929,9,128.27442662562092,9,23.88963116818641,16,-16.08420417878599,2026-07-17,0.8279122152939136,-4.180883891210208,-47.84447551384407,-43.98478735070277,2026-07-17,1994-02-22,215.6199951171875,325.3800048828125,-43.98478735070277,-62.880325475808974,2026-07-17,126.0500030517578,-7.215534691671721,-6.190292210254855,6,151.16249988555907,False,2026-07-17,146.13654991149903,True,2026-06-18,-2.6271659547306814,-22.71579754092737,-43.57664515277654,-24.8211339574648
2026-07-17,2026-07-10,LITHIUM,SQM,Sociedad Quimica y Minera ADR,6,4,3.0,-3.0,4,69.80999755859375,-4.618123746502711,6,-11.239674247655865,2,-21.385140586195227,7,-12.900815683636091,5,59.82142186551622,6,79.22977199275769,7,99.91409283828784,12,73.82967585616733,8,0.1147199165482337,2026-07-17,1.089025107796466,-4.618123746502711,-37.24652784165664,-26.75480081124057,2026-07-17,1993-09-21,95.30999755859376,113.5199966430664,-26.75480081124057,-38.50422866193979,2026-07-17,73.19000244140625,-9.37286566678759,-4.618123746502711,6,71.36455003738403,False,2026-07-17,68.56425010681153,True,2026-06-18,-3.064405810023185,-11.037606511545018,-26.038902694368414,-8.62220986213058
2026-07-17,2026-07-10,LITHIUM,VULG.DE,Vulcan Energy Resources,7,17,7.0,0.0,4,1.6799999475479126,-4.815866222996479,7,-18.60464941666571,7,-20.604915050984506,5,-31.59609583766414,13,-46.0245148324702,18,-1.3807323495801604,21,-16.615964002449534,25,-44.868524628360575,25,-34.47737836258315,2026-07-17,0.8515085357042025,-4.815866222996479,-37.36517623614397,-50.49585426352821,2026-07-17,2022-02-15,3.3936550617218018,6.09117603302002,-50.49585426352821,-72.41912007729377,2026-07-17,1.7649999856948853,-4.815866222996479,-4.815866222996479,6,2.385220402479172,False,2026-07-17,2.412406153678894,False,2026-06-19,-3.2621482865169527,-18.402581680554864,-25.25867715915769,-43.21430814126197
2026-07-17,2026-07-10,LITHIUM,MIN.AX,Mineral Resources,8,1,14.0,6.0,4,56.77999877929688,-4.891125538234908,8,-17.88865144414008,6,-10.638970788208646,1,-5.366668701171862,2,35.93487708172467,8,104.61260821368244,6,233.99999281939344,2,53.25236153446586,11,2.4170277521297523,2026-07-17,0.875421505684079,-4.891125538234908,-36.51572520863971,-23.610927780746405,2026-07-17,2006-07-28,74.33000183105469,96.27999877929688,-23.610927780746405,-41.02617418031552,2026-07-17,59.700000762939446,-5.868701812727439,-5.868701812727439,6,56.73645008087159,True,2026-07-17,54.43445011138916,True,2026-06-19,-3.3374076017553818,-17.686583708029236,-15.292732896381832,-6.3199020265490615
2026-07-17,2026-07-10,LITHIUM,LIT,Global X Lithium & Battery Tech ETF,9,6,6.0,-3.0,4,68.37999725341797,-5.448012248385325,9,-17.185421453133088,5,-17.842130847731752,3,-2.314289637974332,1,20.302598645057657,12,65.08932949370805,8,95.03706381914289,13,61.7313132158873,9,3.1839455518854587,2026-07-17,0.5109496431480106,-5.448012248385325,-40.80345564146453,-25.36564592498996,2026-07-17,2010-07-23,91.62000274658205,96.30999755859376,-25.36564592498996,-29.000104883382992,2026-07-17,72.31999969482422,-5.448012248385325,-5.448012248385325,6,71.84539979934692,False,2026-07-17,69.66624979019166,True,2026-06-18,-3.894294311905799,-16.983353717022244,-22.49589295590494,-5.552984226793355
2026-07-17,2026-07-10,LITHIUM,ELV.AX,Elevra Lithium,10,3,25.0,15.0,4,8.369999885559082,-5.530471671619996,10,-29.36709184712305,19,-19.36416384124575,4,-7.717748983658613,4,86.83035379294688,2,193.6842163381816,1,209.99999028665064,4,132.5000029802323,2,5.681815718816363,2026-07-17,0.5743131211521975,-5.530471671619996,-23.64283083835426,-39.34782775453446,2026-07-17,2004-03-30,13.800000190734863,256.91192626953125,-39.34782775453446,-96.7420742169914,2026-07-17,8.859999656677246,-9.513514750712629,-9.513514750712629,6,8.221350017786026,True,2026-07-17,7.581600013971329,True,2026-06-19,-3.9767537351404703,-29.165024111012205,-24.01792594941893,-3.0551140598624507
2026-07-17,2026-07-10,LITHIUM,PLS.AX,Pilbara Minerals,11,5,19.0,8.0,4,4.329999923706056,-6.479485600857016,11,-26.360546948428755,15,-28.31125908852417,12,-7.478630715181367,3,61.567157307773954,5,174.92062175325,2,202.79720856849733,5,81.1715369727845,6,0.4640366865902301,2026-07-17,0.6753663824723095,-6.479485600857016,-29.52654476041626,-35.756675508199464,2026-07-17,2007-09-19,6.739999771118164,6.739999771118164,-35.756675508199464,-35.756675508199464,2026-07-17,4.630000114440918,-6.681033441803496,-6.681033441803496,6,4.687050015926361,False,2026-07-17,4.420825018286705,True,2026-06-19,-4.92576766437749,-26.15847921231791,-32.965021196697364,-8.272893092088584
2026-07-17,2026-07-10,LITHIUM,ATLX.O,Atlas Lithium,12,21,12.0,0.0,4,3.039999961853028,-7.317073525310191,12,-19.148936979691868,9,-37.95918565946334,17,-44.42413019276338,18,-47.08442084577715,19,-31.68539118757745,24,-23.80952494769579,26,-55.94203014730328,26,-30.59360999032608,2026-07-17,0.5273673983887665,-7.317073525310191,-27.13364666859144,-59.19463033982424,2026-07-17,2013-02-28,7.449999809265136,412500.0,-59.19463033982424,-99.99926303031228,2026-07-17,3.2799999713897705,-7.317073525310191,-7.317073525310191,6,4.748300008773803,False,2026-07-17,4.8789250123500825,False,2026-06-18,-5.763355588830665,-18.946869243581023,-42.61294776763653,-39.330539769004886
2026-07-17,2026-07-10,LITHIUM,SLI,Standard Lithium,13,21,13.0,0.0,4,2.259999990463257,-8.130083113103058,13,-32.73809342191056,23,-40.83769555082837,21,-53.68852587163975,23,-47.44186301821939,20,-13.409958570887904,23,71.21211368628254,16,34.523813156178875,12,-52.719667546753726,2026-07-17,0.979657173456201,-8.130083113103058,-61.78841148870852,-60.00000084395956,2026-07-17,2017-06-20,5.650000095367432,12.369999885559082,-60.00000084395956,-81.72999182399658,2026-07-17,2.4600000381469727,-12.19511982374858,-8.130083113103058,6,4.012800004482269,False,2026-07-17,4.05340000629425,False,2026-06-18,-6.576365176623533,-32.536025685799714,-45.49145765900156,-61.45659732543254
2026-07-17,2026-07-10,LITHIUM,1772.HK,Ganfeng Lithium,14,18,26.0,12.0,4,37.81999969482422,-9.130224254161137,14,-33.93886516187909,25,-53.79352425182763,26,-37.94913991564606,16,-12.857146624124882,16,50.07935932464118,12,106.66667361511372,10,78.39621855551455,7,-30.092420034141888,2026-07-17,0.9318837553526292,-9.130224254161137,-44.58634196126926,-57.50561832042222,2026-07-17,2018-10-11,89.0,128.0000457763672,-57.50561832042222,-70.45313580520065,2026-07-17,41.619998931884766,-9.348037899729423,-9.348037899729423,6,58.97470001220703,False,2026-07-17,57.62865003585816,False,2026-06-18,-7.576506317681609,-33.736797425768245,-58.44728636000082,-38.8293498128207
2026-07-17,2026-07-10,LITHIUM,EMH.AX,European Metals Holdings,15,14,5.0,-10.0,4,0.2300000041723251,-9.803918245800226,15,-26.98412510693357,17,-20.689651451552983,6,-38.666665554046645,17,-7.999998331069957,15,43.750005820766205,14,6.976744347227304,22,58.62069709689408,10,-36.1111124908482,2026-07-17,0.5069401639031087,-9.803918245800226,-29.057566562425663,-47.7272714957718,2026-07-17,2012-07-19,0.4399999976158142,2.150000095367432,-47.7272714957718,-89.30232586184987,2026-07-17,0.2549999952316284,-9.803918245800226,-9.803918245800226,4,0.2952500007301569,False,2026-07-17,0.2874375011771917,True,2026-06-19,-8.2502003093207,-26.78205737082273,-25.34341355972617,-44.84804226952701
2026-07-17,2026-07-10,LITHIUM,ABAT.O,American Battery Technology,16,19,16.0,0.0,4,2.3599998950958248,-10.266167589216613,16,-19.45393033018696,10,-30.588240326482,13,-51.34020739172331,22,-51.34020739172331,22,0.0,19,101.7094001418896,11,17.99999475479124,17,-36.21621987347707,2026-07-17,0.4962314427688663,-10.266167589216613,-17.098981324954888,-79.1703450045226,2026-07-17,2016-02-24,11.329999923706056,61.125,-79.1703450045226,-96.13905947632584,2026-07-17,2.630000114440918,-10.266167589216613,-10.266167589216613,6,3.8474249958992006,False,2026-07-17,3.8899249982833854,False,2026-06-18,-8.712449652737087,-19.25186259407611,-35.242002434655184,-44.953149652155886
2026-07-17,2026-07-10,LITHIUM,LTR.AX,Liontown Resources,17,13,20.0,3.0,4,1.3300000429153442,-10.738252724652307,17,-32.82828130791133,24,-39.54545390507408,20,-36.36363169689582,14,21.46118796027576,11,58.33334338570428,10,148.5981266762413,8,109.44882880156554,3,-17.901232160458648,2026-07-17,1.1378710959953393,-10.738252724652307,-21.5334578637327,-49.62121249750405,2026-07-17,2006-12-27,2.640000104904175,3.150000095367432,-49.62121249750405,-57.777777693679525,2026-07-17,1.4900000095367432,-10.738252724652307,-10.738252724652307,6,1.7353750032186508,False,2026-07-17,1.6642000046372414,True,2026-06-19,-9.184534788172783,-32.62621357180049,-44.19921601324727,-26.63816193913746
2026-07-17,2026-07-10,LITHIUM,GLN.AX,Galan Lithium,18,8,17.0,-1.0,4,0.2899999916553497,-10.769230063850332,18,-30.95238078343354,21,-38.94736941171158,19,-17.14285811599423,7,93.3333200878573,1,107.1428503004873,5,176.19047686626587,6,107.1428503004873,4,-13.432840468172236,2026-07-17,0.6214923252535544,-10.769230063850332,-37.69758242248743,-46.78899398627432,2026-07-17,2011-06-08,0.5450000166893005,2.1742498874664307,-46.78899398627432,-86.6620670730136,2026-07-17,0.324999988079071,-10.769230063850332,-10.769230063850332,6,0.333624999821186,False,2026-07-17,0.3135000000149011,True,2026-06-19,-9.215512127370808,-30.75031304732269,-43.60113151988477,-22.16977024685105
2026-07-17,2026-07-10,LITHIUM,LAC.TO,Lithium Americas,19,23,21.0,2.0,4,4.150000095367432,-11.702122047185782,19,-32.410420429816675,22,-37.40573116540007,16,-48.76543333428308,21,-56.45330313064368,24,-8.99122483677477,22,11.559141490594229,20,-17.821783393565894,21,-36.6412217630511,2026-07-17,0.6210194721497677,-11.702122047185782,-81.56801464027411,-70.58823390258883,2026-07-17,2023-10-04,14.109999656677246,16.010000228881836,-70.58823390258883,-74.0787005868939,2026-07-17,4.699999809265137,-12.127653573529408,-11.702122047185782,6,6.983500020503998,False,2026-07-17,7.009750024080277,False,2026-06-19,-10.148404110706256,-32.208352693705834,-42.05949327357326,-45.37815154172991
2026-07-17,2026-07-10,LITHIUM,LTBR.O,Lightbridge,20,24,9.0,-11.0,4,7.28000020980835,-13.539190690688985,20,-26.83416734310452,16,-42.76729514952405,22,-57.60046489539854,25,-69.26973387213582,25,-51.108125977492136,26,-2.9333305358886674,23,27.9437633848566,13,-48.40538350854424,2026-07-17,0.7498303774727841,-13.539190690688985,-8.576438935993396,-73.73737232994408,2026-07-17,2000-11-10,27.71999931335449,4050.0,-73.73737232994408,-99.8202469083998,2026-07-17,8.420000076293945,-14.489314203970771,-13.539190690688985,6,14.47982498884201,False,2026-07-17,15.250324993133544,False,2026-06-18,-11.98547275420946,-26.63209960699368,-47.42105725769724,-57.142313287223054
2026-07-17,2026-07-10,LITHIUM,LAR.TO,Lithium Argentina AG,21,7,18.0,-3.0,4,8.9399995803833,-13.789781301416914,21,-29.937308620513114,20,-25.685787374699444,8,-22.997417357875204,8,58.2300783979352,7,134.0314067176995,3,217.02126922049047,3,105.99076649922428,5,9.024387662570945,2026-07-17,0.8736673790393319,-13.789781301416914,-62.98971140120082,-44.678219896054216,2026-07-17,2008-07-16,16.15999984741211,21.016979217529297,-44.678219896054216,-57.46296607208491,2026-07-17,10.369999885559082,-13.789781301416914,-13.789781301416914,6,9.790299978256224,False,2026-07-17,9.19529999256134,True,2026-06-19,-12.236063364937388,-29.73524088440227,-30.33954948287263,0.2874578838921291
2026-07-17,2026-07-10,LITHIUM,SGML.O,Sigma Lithium,22,15,4.0,-18.0,4,10.260000228881836,-13.853901256672108,22,-22.857142242529992,13,-47.97159946180267,24,-23.830734777372275,9,65.21739397514335,4,54.285715514940016,11,43.69748488429519,17,-14.57119039674598,20,-27.7973244100021,2026-07-17,0.4522820542200396,-13.853901256672108,-47.92207416557444,-56.61733448467835,2026-07-17,2018-07-03,23.64999961853028,42.400001525878906,-56.61733448467835,-75.80188712347184,2026-07-17,11.909999847412108,-14.428687033035626,-14.428687033035626,6,12.599224979877471,False,2026-07-17,12.049074988365174,True,2026-06-18,-12.300183320192582,-22.655074506419147,-52.62536156997586,-36.53425418868092
2026-07-17,2026-07-10,LITHIUM,PMET.TO,PMET Resources Inc,23,15,24.0,1.0,4,4.340000152587891,-16.216210493971094,23,-27.424746843724755,18,-27.181205959568366,9,-31.111110774718064,12,12.144710101481303,13,27.64705973100492,16,94.618839258623,14,24.35530489193252,15,-21.660646525776496,2026-07-17,0.880982525048668,-16.216210493971094,-57.22076571973594,-43.78237991532187,2026-07-17,2010-03-15,7.71999979019165,493.5,-43.78237991532187,-99.120567344967,2026-07-17,5.179999828338623,-16.216210493971094,-16.216210493971094,6,5.301999998092652,False,2026-07-17,5.138999996185302,True,2026-06-19,-14.662492557491568,-27.22267910761391,-31.83496806774156,-30.39757630445531
2026-07-17,2026-07-10,LITHIUM,INR.AX,Ioneer Ltd,24,20,11.0,-13.0,4,0.1199999973177909,-17.241378778793305,24,-14.28571656650428,4,-11.111116630059524,2,-46.666666445908746,20,-47.826089069162734,21,0.0,19,-14.28571656650428,24,-29.411767026132363,24,-40.00000223517418,2026-07-17,0.7816925489748775,-17.241378778793305,23.65051291875887,-55.55555831502976,2026-07-17,2007-12-19,0.270000010728836,0.8500000238418579,-55.55555831502976,-85.8823536527198,2026-07-17,0.1449999958276748,-17.241378778793305,-17.241378778793305,6,0.1612500008940696,False,2026-07-17,0.1608000008389353,False,2026-06-19,-15.68766084231378,-14.083648830393436,-15.764878738232714,-48.73693201385299
2026-07-17,2026-07-10,LITHIUM,CRML.O,Critical Metals,25,26,23.0,-2.0,4,6.400000095367432,-19.496852214905648,25,-38.75597883080256,26,-49.04458693033432,25,-62.72568394333498,26,-69.31927177321606,26,46.78898851795845,13,157.02811529539437,7,-24.7058812309714,23,-21.182263724542207,2026-07-17,0.4650705957461162,-19.496852214905648,-34.97297248036016,-78.64531117117637,2026-07-17,2022-02-07,29.96999931335449,29.96999931335449,-78.64531117117637,-78.64531117117637,2026-07-17,7.949999809265136,-19.496852214905648,-19.496852214905648,6,10.841650006771088,False,2026-07-17,10.61137499332428,False,2026-06-18,-17.943134278426122,-38.55391109469171,-53.69834903850751,-29.91919350322102
2026-07-17,2026-07-10,LITHIUM,AVL.TO,Avalon Advanced Materials,26,24,1.0,-25.0,4,6.980000019073486,-22.44444423251681,26,-22.44444423251681,12,-44.6031719360581,23,-56.91358215833206,24,-54.37908541138236,23,-35.37036562816237,25,29.25926874367528,19,10.79365612788379,18,-29.49494658556644,2026-07-17,6.424742319407774,-22.44444423251681,-48.77249224526937,-71.27572143888804,2026-07-17,1984-05-31,24.30000114440918,7740.0,-71.27572143888804,-99.9098191212006,2026-07-17,9.0,-22.44444423251681,-22.44444423251681,6,11.570899562835692,False,2026-07-17,11.402999539375305,False,2026-06-19,-20.89072629603729,-22.24237649640597,-49.25693404423129,-38.23187636424525
2026-07-24,2026-07-17,LITHIUM,LTBR.O,Lightbridge,1,21,20.0,19.0,4,7.5,3.021975052902404,1,-13.394917642622772,8,-40.52339251231779,19,-53.06633157168158,22,-70.39084081093566,26,-49.83277527968971,26,-15.254240941010345,24,-6.600245960096485,19,-46.84620706953177,2026-07-24,0.8093155947665441,3.021975052902404,-3.5187493999482524,-72.94372227351835,2026-07-24,2000-11-10,27.71999931335449,4050.0,-72.94372227351835,-99.8148148148148,2026-07-24,7.28000020980835,-8.312961855826828,-8.312961855826828,6,14.14322499513626,False,2026-07-24,15.121874995231629,False,2026-06-26,3.6348989113174746,-14.183057473403291,-43.96927029249132,-54.916662262689
2026-07-24,2026-07-17,LITHIUM,EMH.AX,European Metals Holdings,2,8,15.0,13.0,4,0.2349999994039535,2.1739109308372973,2,-9.615381529345202,5,-21.66666997803569,6,-40.50633088076575,14,-11.320750154859628,15,38.2352923130082,9,4.444446946367853,20,67.8571417167479,9,-34.722224981696414,2026-07-24,0.5348685159496953,2.1739109308372973,-36.88833101555022,-46.59090893697149,2026-07-24,2012-07-19,0.4399999976158142,2.150000095367432,-46.59090893697149,-89.06976795441525,2026-07-24,0.2300000041723251,-13.043478542555032,0.0,6,0.2960500007867813,False,2026-07-24,0.2899375010281801,False,2026-06-26,2.786834789252368,-10.403521360125724,-25.112547758209224,-42.79268017485364
2026-07-24,2026-07-17,LITHIUM,1772.HK,Ganfeng Lithium,3,13,14.0,11.0,4,38.380001068115234,1.480701686435104,3,-21.513292698357624,17,-53.22364455744771,26,-44.737217056009314,16,-17.921295026135486,16,24.61039616499061,13,99.6878378733757,9,87.67725983497006,5,-29.05729731864145,2026-07-24,1.2867521860806488,1.480701686435104,-28.394988693451573,-56.87640329425254,2026-07-24,2018-10-11,89.0,128.0000457763672,-56.87640329425254,-70.01563488877956,2026-07-24,37.81999969482422,-5.234565263913005,-5.234565263913005,6,58.98550003051758,False,2026-07-24,58.21490003585816,False,2026-06-26,2.093625544850175,-22.301432529138147,-56.669522337621245,-37.12775251179868
2026-07-24,2026-07-17,LITHIUM,PMET.TO,PMET Resources Inc,4,11,23.0,19.0,4,4.360000133514404,0.4608290374042534,4,-22.003577558116127,18,-15.667310074010278,4,-38.67791769844457,12,17.52021802382746,9,-2.4608425467628425,17,76.51822198429703,15,28.99408242285184,15,-21.29963603725251,2026-07-24,0.9809919549853212,0.4608290374042534,-27.09746756448684,-43.52331279783407,2026-07-24,2010-03-15,7.71999979019165,493.5,-43.52331279783407,-99.1165146639282,2026-07-24,4.340000152587891,-3.5398196479485944,-3.5398196479485944,6,5.310849997997284,False,2026-07-24,5.197799998521805,True,2026-06-26,1.0737528958193243,-22.79171738889665,-19.113187854183813,-29.370091230409745
2026-07-24,2026-07-17,LITHIUM,CXO.AX,Core Lithium,5,1,4.0,-1.0,4,0.2399999946355819,0.0,5,-5.882353284917253,4,-26.15384509577551,9,-14.28571656650428,2,100.00000000000009,1,100.00000000000009,3,233.3333402320196,2,160.86955887946831,1,-12.727276569555546,2026-07-24,0.6291690282826016,0.0,8.676302245647406,-36.84210588231974,2026-07-24,2011-02-11,0.3799999952316284,1.8650000095367432,-36.84210588231974,-87.13136764566578,2026-07-24,0.2399999946355819,-5.882353284917253,-5.882353284917253,6,0.2473749985545873,False,2026-07-24,0.2321899988502264,True,2026-06-26,0.6129238584150709,-6.670493115697774,-29.59972287594904,-20.79773176271278
2026-07-24,2026-07-17,LITHIUM,GLN.AX,Galan Lithium,6,4,18.0,12.0,4,0.2899999916553497,0.0,5,-17.14285811599423,12,-41.41414366429124,20,-29.26829410124084,9,87.0967673709564,3,81.24999883584671,5,163.63635747885908,7,152.17390121268895,2,-13.432840468172236,2026-07-24,0.8588406864029596,0.0,-9.323989671834529,-46.78899398627432,2026-07-24,2011-06-08,0.5450000166893005,2.1742498874664307,-46.78899398627432,-86.6620670730136,2026-07-24,0.2899999916553497,-3.448272672759678,-1.6949137131806236,6,0.3372749996185302,False,2026-07-24,0.3188249999284744,True,2026-06-26,0.6129238584150709,-17.930997946774752,-44.86002144446477,-21.503295661329467
2026-07-24,2026-07-17,LITHIUM,LIT,Global X Lithium & Battery Tech ETF,7,3,9.0,2.0,4,67.80999755859375,-0.8335766565064184,7,-10.694063892988726,7,-19.071492042402284,5,-8.955431656433877,1,11.109288734898094,11,52.45053564850926,8,84.61747455405795,12,63.436960268398735,10,2.323828268502659,2026-07-24,0.4990947601805854,-0.8335766565064184,-43.04454800587039,-25.987780478293587,2026-07-24,2010-07-23,91.62000274658205,96.30999755859376,-25.987780478293587,-29.591943435219147,2026-07-24,68.37999725341797,-2.135125977062946,-1.8384543120987693,6,72.0979497718811,False,2026-07-24,70.4090497970581,True,2026-06-26,-0.2206527980913475,-11.482203723769247,-22.517369822575816,-5.746626924654574
2026-07-24,2026-07-17,LITHIUM,IGO.AX,IGO Limited,8,8,3.0,-5.0,4,6.559999942779541,-1.3533857337925004,8,-10.25991800096816,6,-6.4194047276668105,1,-29.989327397007504,10,12.714772324601563,10,22.388055585333166,15,80.21977345388665,14,24.952379862467456,16,-20.09744321194721,2026-07-24,0.6016607852759313,-1.3533857337925004,11.768128203481991,-34.59621019514954,2026-07-24,2002-01-17,10.029999732971191,16.393840789794922,-34.59621019514954,-59.98497224114128,2026-07-24,6.650000095367432,-5.0651217418426935,-5.0651217418426935,6,7.644199993610382,False,2026-07-24,7.441599991321564,False,2026-06-26,-0.7404618753774295,-11.04805783174868,-9.865282507840345,-28.16789840510444
2026-07-24,2026-07-17,LITHIUM,SQM,Sociedad Quimica y Minera ADR,9,2,6.0,-3.0,4,68.7300033569336,-1.5470480438760648,9,-3.994961764571725,3,-22.59263132306795,8,-18.188308999824653,6,50.889142718169886,5,65.97441103644157,7,91.76898176427832,11,75.28692925716236,8,-1.434102899552725,2026-07-24,0.6412343642581732,-1.5470480438760648,-8.059246323113326,-27.887939232523408,2026-07-24,1993-09-21,95.30999755859376,113.5199966430664,-27.887939232523408,-39.45559778949175,2026-07-24,69.80999755859375,-3.036807321770952,-1.5470480438760648,6,71.99655006408692,False,2026-07-24,69.3376501083374,True,2026-06-26,-0.9341241854609938,-4.783101595352246,-26.03850910324148,-9.504558092709958
2026-07-24,2026-07-17,LITHIUM,DLI.AX,Delta Lithium,10,14,1.0,-9.0,4,0.1650000065565109,-2.941173634727124,10,3.1250064028428337,1,-28.26086801594736,12,-43.10344437781741,15,3.1250064028428337,13,-2.941173634727124,18,-2.941173634727124,22,-2.941173634727124,18,-26.666661809991787,2026-07-24,0.1341106763452737,-2.941173634727124,13.31620380379026,-49.23076535117682,2026-07-24,2017-11-03,0.324999988079071,0.9354239702224731,-49.23076535117682,-82.36093880326065,2026-07-24,0.1700000017881393,-5.882356034843095,-2.941173634727124,6,0.2107624997198581,False,2026-07-24,0.2111624997854232,False,2026-06-26,-2.3282497763120524,2.3368665720623127,-31.70674579612089,-34.737117003149024
2026-07-24,2026-07-17,LITHIUM,LI.V,American Lithium,11,15,2.0,-9.0,4,0.449999988079071,-3.225809759536269,11,-2.173917409602921,2,-22.41379292626442,7,-45.12195219460307,18,-45.78313287620639,19,4.651158277636491,16,28.571427355007216,17,-18.18182212262107,22,-34.78261019797467,2026-07-24,0.5903820005013564,-3.225809759536269,25.220743811554403,-61.53846114658352,2026-07-24,1985-02-11,1.1699999570846558,1050.0,-61.53846114658352,-99.95714285827816,2026-07-24,0.4650000035762786,-6.451613109971022,-3.225809759536269,6,0.6505124992132187,False,2026-07-24,0.6647749994695187,False,2026-06-26,-2.612885901121198,-2.962057240383442,-25.85967070643796,-42.85306539113191
2026-07-24,2026-07-17,LITHIUM,LAC.TO,Lithium Americas,12,22,19.0,7.0,4,3.990000009536743,-3.8554236663583152,12,-25.97402396341217,23,-37.165353236842016,17,-51.34146216651783,21,-57.55318966533537,23,-8.904111751466381,19,-2.205880290496698,21,-11.725663133324405,20,-39.08397109391392,2026-07-24,0.4347511493431297,-3.8554236663583152,-70.24464108026943,-71.72218209340237,2026-07-24,2023-10-04,14.109999656677246,16.010000228881836,-71.72218209340237,-75.0780764990944,2026-07-24,4.150000095367432,-7.424592517196837,-7.424592517196837,6,6.81030001282692,False,2026-07-24,7.052900021076202,False,2026-06-26,-3.2424998079432443,-26.76216379419269,-40.61123101701555,-47.154426287071146
2026-07-24,2026-07-17,LITHIUM,INR.AX,Ioneer Ltd,13,19,24.0,11.0,4,0.1150000020861625,-4.16666278615584,13,-23.33333498901785,19,-14.814816654464302,3,-46.51162782638638,19,-39.473682353040864,17,-11.538456688971069,20,-14.814816654464302,23,-36.11111249084822,24,-42.49999981373551,2026-07-24,1.086281576740339,-4.16666278615584,-38.61521524504508,-57.40740832723215,2026-07-24,2007-12-19,0.270000010728836,0.8500000238418579,-57.40740832723215,-86.47058836935302,2026-07-24,0.1199999973177909,-4.16666278615584,-4.16666278615584,6,0.1597500008717179,False,2026-07-24,0.1611250009387731,False,2026-06-26,-3.5537389277407687,-24.12147481979837,-18.26069443463784,-50.57045500689274
2026-07-24,2026-07-17,LITHIUM,VULG.DE,Vulcan Energy Resources,14,18,7.0,-7.0,4,1.6080000400543213,-4.285708913186614,14,-13.54838560820868,9,-27.23981844803101,10,-38.01079501195999,11,-45.77213096524844,18,-21.55772405267431,22,-26.81508213883912,25,-40.35269733396467,25,-37.285487198251474,2026-07-24,0.6610885516014651,-4.285708913186614,-28.30082159338322,-52.617457849753066,2026-07-24,2022-02-15,3.3936550617218018,6.09117603302002,-52.617457849753066,-73.60115630647648,2026-07-24,1.6799999475479126,-4.285708913186614,-4.285708913186614,6,2.353861057162285,False,2026-07-24,2.415920788645744,False,2026-06-26,-3.672785054771543,-14.3365254389892,-30.68569622820454,-45.3559423914087
2026-07-24,2026-07-17,LITHIUM,PLS.AX,Pilbara Minerals,15,4,11.0,-4.0,4,4.139999866485596,-4.387992160929155,15,-17.857144884511744,14,-28.2495688011975,11,-16.532261398282657,5,28.17336972255311,7,118.46965214540236,1,178.78786711142567,4,79.22077788037001,6,-3.9443173677703447,2026-07-24,0.8115851780333102,-4.387992160929155,-18.385709480391405,-38.57566755081995,2026-07-24,2007-09-19,6.739999771118164,6.739999771118164,-38.57566755081995,-38.57566755081995,2026-07-24,4.329999923706056,-4.849885493005601,-4.387992160929155,6,4.726650016307831,False,2026-07-24,4.498400017023086,True,2026-06-26,-3.775068302514084,-18.645284715292263,-31.69544658137104,-12.01477256092758
2026-07-24,2026-07-17,LITHIUM,ALB,Albermale,16,12,5.0,-11.0,4,114.84999847412108,-4.909753572701858,16,-14.098727677172873,10,-39.01662116631335,18,-39.47299158149087,13,8.718287710795947,12,36.43382995694711,11,97.43854579564864,10,29.39386627982184,14,-20.204262962179243,2026-07-24,0.9866217911054468,-4.909753572701858,-33.2211833866354,-46.73499625500818,2026-07-24,1994-02-22,215.6199951171875,325.3800048828125,-46.73499625500818,-64.70281002193575,2026-07-24,120.77999877929688,-4.909753572701858,-4.909753572701858,6,151.92559986114503,False,2026-07-24,147.8053498840332,False,2026-06-26,-4.296829714286787,-14.886867507953394,-42.46249894648688,-28.27471815533648
2026-07-24,2026-07-17,LITHIUM,MIN.AX,Mineral Resources,17,4,8.0,-9.0,4,53.540000915527344,-5.706230950027614,17,-15.204305617549585,11,-9.819771132295596,2,-16.317597220076607,4,19.136632291099296,8,66.79128803912906,6,193.69172934690835,3,51.157548513000336,12,-3.427124383560653,2026-07-24,0.9719031574263268,-5.706230950027614,-23.610428177879385,-27.969864662160404,2026-07-24,2006-07-28,74.33000183105469,96.27999877929688,-27.969864662160404,-44.391356881653735,2026-07-24,56.77999877929688,-7.2032410012646935,-5.706230950027614,6,57.03915008544922,False,2026-07-24,55.13020008087158,True,2026-06-26,-5.093307091612543,-15.992445448330106,-13.26564891246913,-11.497579576717886
2026-07-24,2026-07-17,LITHIUM,SGML.O,Sigma Lithium,18,16,22.0,4.0,4,9.630000114440918,-6.1403518556215175,18,-17.762595362341273,13,-51.091925580276175,25,-27.648386094354137,8,59.966779816481065,4,33.37950684601467,12,16.58595457139038,18,-13.438201218508606,21,-32.230822740400924,2026-07-24,0.5803083371446105,-6.1403518556215175,-28.115193915515484,-59.28118279166648,2026-07-24,2018-07-03,23.64999961853028,42.400001525878906,-59.28118279166648,-77.28773639651114,2026-07-24,10.260000228881836,-8.110681917205776,-8.110681917205776,6,12.6761749792099,False,2026-07-24,12.207574985027314,False,2026-06-26,-5.527427997206447,-18.550735193121795,-54.53780336044971,-40.30127793355816
2026-07-24,2026-07-17,LITHIUM,SLI,Standard Lithium,19,22,13.0,-6.0,4,2.119999885559082,-6.194694933404731,19,-24.82269731399481,21,-43.61702417722921,21,-59.69582141995935,25,-49.763033389563205,20,-20.59925749134372,21,32.4999908730389,16,30.864190081419206,13,-55.64853990573189,2026-07-24,0.794891913051465,-6.194694933404731,-39.34607437414802,-62.47787876504073,2026-07-24,2017-06-20,5.650000095367432,12.369999885559082,-62.47787876504073,-82.86176309480811,2026-07-24,2.259999990463257,-7.826090021259679,-7.826090021259679,6,3.9716000068187713,False,2026-07-24,4.057700006961823,False,2026-06-26,-5.5817710749896605,-25.61083714477533,-47.06290195740274,-63.71899509888912
2026-07-24,2026-07-17,LITHIUM,ABAT.O,American Battery Technology,20,20,16.0,-4.0,4,2.2100000381469727,-6.355926424427305,20,-18.74999945216318,15,-32.62194946878086,13,-49.31192728277307,20,-63.04347774083485,25,-34.42136162623832,24,84.1666625274554,13,56.73759506835388,11,-40.27027000903736,2026-07-24,0.3774060084919576,-6.355926424427305,-20.4318914673392,-80.49426255049718,2026-07-24,2016-02-24,11.329999923706056,61.125,-80.49426255049718,-96.38445801530148,2026-07-24,2.3599998950958248,-9.795918565946335,-9.795918565946335,6,3.77927499294281,False,2026-07-24,3.898124997615814,False,2026-06-26,-5.743002566012234,-19.538139282943703,-36.0678272489544,-48.34072520219459
2026-07-24,2026-07-17,LITHIUM,ELV.AX,Elevra Lithium,21,7,10.0,-11.0,4,7.75,-7.407406141412009,21,-19.01776126292392,16,-35.631229031937394,15,-15.393011691047832,3,90.88670219769082,2,115.27778348069148,2,171.92983366078943,6,124.63767805462052,3,-2.14646558909497,2026-07-24,0.7791999980004324,-7.407406141412009,-18.29714650663968,-43.84058048634487,2026-07-24,2004-03-30,13.800000190734863,256.91192626953125,-43.84058048634487,-96.98340201152465,2026-07-24,8.369999885559082,-7.407406141412009,-7.407406141412009,6,8.330550014972687,False,2026-07-24,7.75860001206398,True,2026-06-26,-6.794482282996938,-19.805901093704435,-39.07710681211093,-10.216920782252204
2026-07-24,2026-07-17,LITHIUM,LAR.TO,Lithium Argentina AG,22,10,21.0,-1.0,4,8.270000457763672,-7.494397696503052,22,-25.0905753048972,22,-34.83056949388901,14,-24.267395604539544,7,32.10862868036768,6,98.79809521888204,4,178.45119118175586,5,111.50895847120398,4,0.8536664649606562,2026-07-24,1.0424083007956653,-7.494397696503052,-49.1629730410947,-48.824254109828814,2026-07-24,2008-07-16,16.15999984741211,21.016979217529297,-48.824254109828814,-60.6508605629393,2026-07-24,8.9399995803833,-7.494397696503052,-7.494397696503052,6,9.85839998483658,False,2026-07-24,9.375299990177156,True,2026-06-26,-6.881473838087981,-25.878715135677723,-38.27644727406254,-7.216788728196577
2026-07-24,2026-07-17,LITHIUM,ATLX.O,Atlas Lithium,23,26,12.0,-11.0,4,2.789999961853028,-8.223684313719948,23,-24.1847850206274,20,-37.16216383115024,16,-53.88429960505273,23,-51.646447641668345,21,-45.40117634137507,25,-37.30336895646379,26,-56.877897181966,26,-36.30137239827093,2026-07-24,0.5639739183734634,-8.223684313719948,-20.06424013553478,-62.55033512372356,2026-07-24,2013-02-28,7.449999809265136,412500.0,-62.55033512372356,-99.99932363637288,2026-07-24,3.039999961853028,-8.223684313719948,-8.223684313719948,6,4.6830500066280365,False,2026-07-24,4.845075011253357,False,2026-06-26,-7.610760455304877,-24.97292485140792,-40.60804161132377,-44.37182759142816
2026-07-24,2026-07-17,LITHIUM,CRML.O,Critical Metals,24,24,25.0,1.0,4,5.809999942779541,-9.218752246815676,24,-41.84184108215212,26,-49.52215614904496,24,-68.25136510927649,26,-61.34397840317861,24,37.35224389081986,10,245.83334072478257,1,-18.28410923098373,23,-28.448275558325232,2026-07-24,0.6540940066723524,-9.218752246815676,-29.98136438707225,-80.61394702738404,2026-07-24,2022-02-07,29.96999931335449,29.96999931335449,-80.61394702738404,-80.61394702738404,2026-07-24,6.400000095367432,-10.88957116907966,-10.88957116907966,6,10.791750004291536,False,2026-07-24,10.708024995326996,False,2026-06-26,-8.605828388400605,-42.629980912932645,-52.96803392921849,-36.51873075148247
2026-07-24,2026-07-17,LITHIUM,LTR.AX,Liontown Resources,25,17,17.0,-8.0,4,1.184999942779541,-10.902262816320274,25,-28.61445984294965,24,-47.098217065427065,22,-44.8837260364388,17,-2.8688594270410817,14,23.437496798578582,14,109.73450403185863,8,76.86565869580593,7,-26.85185559928607,2026-07-24,1.390065799917273,-10.902262816320274,-17.377347507458047,-55.11364031470167,2026-07-24,2006-12-27,2.640000104904175,3.150000095367432,-55.11364031470167,-62.38095533640558,2026-07-24,1.3300000429153442,-10.902262816320274,-10.902262816320274,6,1.741825003027916,False,2026-07-24,1.6871250042319297,False,2026-06-26,-10.289338957905205,-29.402599673730165,-50.5440948456006,-34.9223107924433
2026-07-24,2026-07-17,LITHIUM,AVL.TO,Avalon Advanced Materials,26,25,26.0,0.0,4,6.0,-14.040114848073737,26,-39.39393705864865,25,-48.71794370190975,23,-58.33333222954358,24,-52.38095021842548,22,-33.333333333333336,23,11.111118960282983,19,11.111118960282983,17,-39.39393705864865,2026-07-24,4.463831446824193,-14.040114848073737,-48.845593039982006,-75.30864313814878,2026-07-24,1984-05-31,24.30000114440918,7740.0,-75.30864313814878,-99.92248062015504,2026-07-24,6.980000019073486,-16.045843588804875,-14.040114848073737,6,11.51614956855774,False,2026-07-24,11.465999536514282,False,2026-06-26,-13.427190989658666,-40.182076889429176,-52.16382148208328,-47.46439225180589
2026-07-31,2026-07-24,LITHIUM,LTBR.O,Lightbridge,1,15,1.0,0.0,4,8.239999771118164,9.866663614908845,1,-7.623321741700096,2,-36.85824022463743,12,-44.99332427958116,20,-69.28811109001313,26,-38.87240318295181,25,-8.035717231734662,21,-8.950280691109324,20,-41.60170112251728,2026-07-31,1.861144377795964,9.866663614908845,-20.21884331985446,-70.27417036353089,2026-07-31,2000-11-10,27.71999931335449,4050.0,-70.27417036353089,-99.79654321552796,2026-07-31,7.5,-4.738161715567257,-2.369666104367907,6,13.749174997806549,False,2026-07-31,15.010324997901916,False,2026-07-02,8.817817900540305,-6.990347905460815,-40.75212382786505,-50.80564865346652
2026-07-31,2026-07-24,LITHIUM,MIN.AX,Mineral Resources,2,2,17.0,15.0,4,57.97999954223633,8.29286244076497,2,-10.895958484462454,6,-8.993877922740134,3,2.947442926859001,3,19.7933837073024,9,102.79817849874388,6,181.59300200368875,5,65.75185906514616,9,4.581531346401713,2026-07-31,1.3198772249042658,8.29286244076497,4.8149225415694685,-21.99650462269653,2026-07-31,2006-07-28,74.33000183105469,96.27999877929688,-21.99650462269653,-39.77980860267336,2026-07-31,53.540000915527344,-2.925049847352834,0.0,6,57.34495008468628,True,2026-07-31,55.7639500617981,True,2026-07-03,7.24401672639643,-10.262984648223174,-12.887761525967756,-4.622416184547529
2026-07-31,2026-07-24,LITHIUM,IGO.AX,IGO Limited,3,6,8.0,5.0,4,6.869999885559082,4.725608925054203,3,-8.521975017543305,3,-7.53701151706162,1,-18.505342386036496,10,27.932961489138503,7,55.07901019796493,11,75.25509571046061,13,39.35091530975217,13,-16.321560857024476,2026-07-31,1.0349232601898628,4.725608925054203,-14.693837624212197,-31.50548286680782,2026-07-31,2002-01-17,10.029999732971191,16.393840789794922,-31.50548286680782,-58.09401851800573,2026-07-31,6.559999942779541,-3.2904084373029385,-1.7167366164289044,6,7.68154999256134,False,2026-07-31,7.51324999332428,False,2026-07-03,3.676763210685663,-7.889001181304024,-11.43089512028924,-25.52550838797372
2026-07-31,2026-07-24,LITHIUM,GLN.AX,Galan Lithium,4,3,6.0,2.0,4,0.3000000119209289,3.4482829494228984,4,-17.808218059586356,12,-42.85713799145735,17,-17.808218059586356,9,93.5483932991305,1,122.22222222222224,5,200.00000745058043,3,140.0000095367431,2,-10.447759866236506,2026-07-31,0.6542257853945774,3.4482829494228984,-22.607647874453928,-44.95412793868663,2026-07-31,2011-06-08,0.5450000166893005,2.1742498874664307,-44.95412793868663,-86.20213740608688,2026-07-31,0.2899999916553497,-8.474568565903095,0.0,6,0.3405249997228384,False,2026-07-31,0.3240999999642372,True,2026-07-03,2.399437235054358,-17.175244223347075,-46.75102159468497,-19.651707397185746
2026-07-31,2026-07-24,LITHIUM,DLI.AX,Delta Lithium,5,11,10.0,5.0,4,0.1700000017881393,3.030300019967536,5,-5.55555831502973,1,-27.659573523692828,7,-27.659573523692828,12,-1.4492739851898917,13,6.250003492459699,18,-2.8571401810159047,20,-2.8571401810159047,17,-24.444441648177097,2026-07-31,0.2393694716856978,3.030300019967536,-17.9966007708353,-47.692305223476176,2026-07-31,2017-11-03,0.324999988079071,0.9354239702224731,-47.692305223476176,-81.82642232829377,2026-07-31,0.1650000065565109,-2.941173634727124,0.0,6,0.210187499821186,False,2026-07-31,0.2112374998629093,False,2026-07-03,1.9814543055989955,-4.922584478790449,-31.55345712692045,-33.64838917912634
2026-07-31,2026-07-24,LITHIUM,SGML.O,Sigma Lithium,6,11,18.0,12.0,4,9.869999885559082,2.4922094316309096,6,-20.210186120684902,13,-55.2786587130141,22,-8.568783549767467,6,52.08012686660815,4,90.17340610290918,7,22.76119318891494,16,-8.18604757619459,19,-30.541872912998524,2026-07-31,0.6327834060763313,2.4922094316309096,-34.77479688278734,-58.26638458875184,2026-07-31,2018-07-03,23.64999961853028,42.400001525878906,-58.26638458875184,-76.72169922084811,2026-07-31,9.630000114440918,-5.82914507361072,-1.1022010192657472,6,12.743524975776673,False,2026-07-31,12.343124985694883,False,2026-07-02,1.4433637172623692,-19.577212284445626,-59.17254231624173,-39.74582044394776
2026-07-31,2026-07-24,LITHIUM,ALB,Albermale,7,10,16.0,9.0,4,117.63999938964844,2.429256380143552,7,-12.077730413696786,7,-40.19318697772876,16,-28.67276746873766,13,19.759742817258875,10,73.38246431135578,9,100.92229021787163,8,39.73155479063253,12,-18.265819929105408,2026-07-31,1.131286445799243,2.429256380143552,-22.971559996112457,-45.44105275314928,2026-07-31,1994-02-22,215.6199951171875,325.3800048828125,-45.44105275314928,-63.84535078238223,2026-07-31,114.84999847412108,-2.5994118050728487,-0.1019045044201139,6,152.4940998840332,False,2026-07-31,148.96034984588624,False,2026-07-02,1.3804106657750117,-11.444756577457504,-44.08707058095638,-27.469767460054648
2026-07-31,2026-07-24,LITHIUM,LIT,Global X Lithium & Battery Tech ETF,8,4,7.0,-1.0,4,69.22000122070312,2.0793448058909147,8,-9.12432337575625,5,-21.55484712548461,4,-1.2835161018626362,4,11.071889537335732,11,68.91166909204341,10,88.91922045244142,11,70.95578748151887,7,4.451493476792523,2026-07-31,0.5330301152237393,2.0793448058909147,-37.91882070412858,-24.4488112359444,2026-07-31,2010-07-23,91.62000274658205,96.30999755859376,-24.4488112359444,-28.12791716811065,2026-07-31,67.80999755859375,-2.7538969332456253,-0.845145908213818,6,72.35619976043701,False,2026-07-31,70.95424978256226,True,2026-07-02,1.0304990915223744,-8.491349539516968,-25.44873072871223,-4.752454054156718
2026-07-31,2026-07-24,LITHIUM,LAR.TO,Lithium Argentina AG,9,8,22.0,13.0,4,8.350000381469727,0.9673508981605128,9,-28.32617463619165,21,-39.580314284689045,14,-10.118402413812325,7,41.52542790678917,5,127.52044163175492,4,194.0141068247908,4,122.0744787938404,3,1.829275313337253,2026-07-31,2.0982931389176414,0.9673508981605128,-6.31458319900531,-48.32920507231992,2026-07-31,2008-07-16,16.15999984741211,21.016979217529297,-48.32920507231992,-60.27021630917646,2026-07-31,8.270000457763672,-6.031363115811605,0.0,6,9.892499988079072,False,2026-07-31,9.518799986839294,True,2026-07-03,-0.0814948162080275,-27.69320079995237,-43.47419788791667,-7.374672217611988
2026-07-31,2026-07-24,LITHIUM,LAC.TO,Lithium Americas,10,18,12.0,2.0,4,4.010000228881836,0.5012586290047416,10,-26.01475696613329,19,-48.58974191250576,20,-38.11728060063822,18,-48.12418862888344,20,12.324938483664493,16,1.2626310670001972,19,-7.816084671373136,18,-38.778624242575134,2026-07-31,0.6682769789705674,0.5012586290047416,-65.59370869085119,-71.5804370910513,2026-07-31,2023-10-04,14.109999656677246,16.010000228881836,-71.5804370910513,-74.95315320703216,2026-07-31,3.990000009536743,-7.055965714133238,-2.433087624915964,6,6.608750014305115,False,2026-07-31,7.077150022983551,False,2026-07-03,-0.5475870853637987,-25.38178312989401,-52.48362551573338,-47.98257177352438
2026-07-31,2026-07-24,LITHIUM,PLS.AX,Pilbara Minerals,11,4,15.0,4.0,4,4.150000095367432,0.2415514300565746,11,-20.65009406820959,14,-31.063121120995053,9,-5.4669653398029645,5,25.757580464646026,8,158.56698106228623,1,175.7475155160198,6,80.43479049588889,6,-3.7122934927215967,2026-07-31,0.8927448927692654,0.2415514300565746,-19.818243458195827,-38.427296197386255,2026-07-31,2007-09-19,6.739999771118164,6.739999771118164,-38.427296197386255,-38.427296197386255,2026-07-31,4.139999866485596,-4.941177368164063,-2.3529389325310235,6,4.76385001540184,False,2026-07-31,4.573550016880035,True,2026-07-03,-0.8072942843119657,-20.01712023197031,-34.95700472422267,-12.91624102367084
2026-07-31,2026-07-24,LITHIUM,INR.AX,Ioneer Ltd,12,15,13.0,1.0,4,0.1150000020861625,0.0,12,-25.80645083760873,17,-7.999998331070001,2,-25.80645083760873,11,-37.8378375112967,17,0.0,19,-20.689651451553004,24,-32.352940660859495,25,-42.49999981373551,2026-07-31,0.78468241569512,0.0,-43.6019937471373,-57.40740832723215,2026-07-31,2007-12-19,0.270000010728836,0.8500000238418579,-57.40740832723215,-86.47058836935302,2026-07-31,0.1150000020861625,-8.333331781128994,-4.16666278615584,6,0.1565500009059905,False,2026-07-31,0.161750000976026,False,2026-07-03,-1.0488457143685403,-25.17347700136945,-11.893881934297625,-51.70394734468476
2026-07-31,2026-07-24,LITHIUM,CXO.AX,Core Lithium,13,1,5.0,-8.0,4,0.2399999946355819,0.0,12,-17.241378778793294,10,-25.00000000000002,5,4.347821861674572,2,91.9999957084655,2,147.42266758429147,2,242.857133733983,1,169.66291062534827,1,-12.727276569555546,2026-07-31,0.7703324112314748,0.0,-8.398458968367665,-36.84210588231974,2026-07-31,2011-02-11,0.3799999952316284,1.8650000095367432,-36.84210588231974,-87.13136764566578,2026-07-31,0.2399999946355819,-11.764706569834448,-5.882353284917253,6,0.2506749984622001,False,2026-07-31,0.2362249987199902,True,2026-07-03,-1.0488457143685403,-16.608404942554014,-28.893883603227643,-21.931224100504785
2026-07-31,2026-07-24,LITHIUM,ATLX.O,Atlas Lithium,14,25,23.0,9.0,4,2.740000009536743,-1.792113010749874,14,-22.708040886666904,15,-48.78504563777327,21,-42.07188163873506,19,-48.78504563777327,21,-39.91227973861376,26,-36.42691308785254,26,-56.15999984741211,26,-37.442923791190616,2026-07-31,0.3484687750067717,-1.792113010749874,-36.68891101570301,-63.22147544045353,2026-07-31,2013-02-28,7.449999809265136,412500.0,-63.22147544045353,-99.99933575757343,2026-07-31,2.789999961853028,-11.11111663005948,-4.861114560453839,6,4.595100005865097,False,2026-07-31,4.824825010299683,False,2026-07-02,-2.8409587251184143,-22.075067050427624,-52.678929241000894,-46.64687132213986
2026-07-31,2026-07-24,LITHIUM,SQM,Sociedad Quimica y Minera ADR,15,7,9.0,-6.0,4,67.05999755859375,-2.4298060770738594,15,-8.786723856688173,4,-27.24313888378901,6,-10.88372417462624,8,36.8850689141117,6,82.47618383290816,8,96.08185983218678,9,69.60039455198725,8,-3.829063057221771,2026-07-31,1.09590165495036,-2.4298060770738594,1.8137986442268093,-29.640122467354747,2026-07-31,1993-09-21,95.30999755859376,113.5199966430664,-29.640122467354747,-40.92670935373072,2026-07-31,68.7300033569336,-2.7911006590958354,-2.5149052680752293,6,72.61370008468629,False,2026-07-31,69.94225009918213,True,2026-07-02,-3.4786517914424,-8.153750020448893,-31.13702248701663,-13.033010588171011
2026-07-31,2026-07-24,LITHIUM,VULG.DE,Vulcan Energy Resources,16,19,14.0,-2.0,4,1.562000036239624,-2.8606966833870984,16,-15.97632794597964,8,-33.64486085430417,11,-32.08695353812661,14,-49.95019085611071,22,-12.023642619694751,22,-30.080227072936484,25,-30.959405118306847,24,-39.07955918597348,2026-07-31,1.661882992186383,-2.8606966833870984,-43.62681211006093,-53.97292866154968,2026-07-31,2022-02-15,3.3936550617218018,6.09117603302002,-53.97292866154968,-74.35634715246965,2026-07-31,1.6080000400543213,-7.461772460597871,-4.464829030546302,6,2.315288381576538,False,2026-07-31,2.416001193523407,False,2026-07-03,-3.909542397755639,-15.34335410974036,-37.53874445753179,-48.28350671692272
2026-07-31,2026-07-24,LITHIUM,ELV.AX,Elevra Lithium,17,9,21.0,4.0,4,7.460000038146973,-3.741934991651963,17,-29.35606305195818,22,-45.06627334272402,18,15.123457039952417,1,67.64045748080383,3,136.82539086643425,3,161.75439606229537,7,116.23188217506018,4,-5.808081233784823,2026-07-31,0.5821435549583013,-3.741934991651963,-34.987714016832534,-45.94202945623496,2026-07-31,2004-03-30,13.800000190734863,256.91192626953125,-45.94202945623496,-97.09628114721286,2026-07-31,7.75,-9.608088074658106,-5.688998962653091,6,8.413150017261506,False,2026-07-31,7.938350018262863,True,2026-07-03,-4.790780706020503,-28.7230892157189,-48.96015694595164,-15.012028764734064
2026-07-31,2026-07-24,LITHIUM,SLI,Standard Lithium,18,20,19.0,1.0,4,2.039999961853028,-3.773581510593184,18,-23.88060033440872,16,-47.15025861931053,19,-53.636365508245,24,-46.03174663244791,19,-13.92404808611235,23,37.83783348395591,15,33.33333333333337,15,-57.32217840352731,2026-07-31,1.0984340304023554,-3.773581510593184,-22.01368614044357,-63.89380659434551,2026-07-31,2017-06-20,5.650000095367432,12.369999885559082,-63.89380659434551,-83.50848843390408,2026-07-31,2.119999885559082,-9.38967869236482,-4.22535904940613,6,3.908200004696846,False,2026-07-31,4.054200006723404,False,2026-07-02,-4.822427224961723,-23.24762649816944,-51.04414222253816,-66.52612593447655
2026-07-31,2026-07-24,LITHIUM,1772.HK,Ganfeng Lithium,19,14,3.0,-16.0,4,36.81999969482422,-4.0646204530385255,19,-25.91549470904566,18,-55.79832131345014,23,-37.59322085623013,17,-28.226120385155053,16,41.07279370373264,13,94.40337199893452,10,91.57128517294406,5,-31.940848921766264,2026-07-31,1.1092231017436396,-4.0646204530385255,-37.20072316290306,-58.62921382604021,2026-07-31,2018-10-11,89.0,128.0000457763672,-58.62921382604021,-71.23438552580397,2026-07-31,38.380001068115234,-5.054722218384578,-4.512452324942151,6,58.84900001525879,False,2026-07-31,58.58300003051758,False,2026-07-03,-5.113466167407066,-25.28252087280638,-59.69220491667776,-41.144796452715504
2026-07-31,2026-07-24,LITHIUM,ABAT.O,American Battery Technology,20,23,20.0,0.0,4,2.0899999141693115,-5.429869769517204,20,-27.177700435267603,20,-38.16568510634456,13,-46.41025992148327,22,-59.259261841223456,24,-3.68664328626489,20,22.22221447632961,17,29.012340001081704,16,-43.51351656123088,2026-07-31,0.6455923223161963,-5.429869769517204,-38.31826735242064,-81.55339869158912,2026-07-31,2016-02-24,11.329999923706056,61.125,-81.55339869158912,-96.58077723653282,2026-07-31,2.2100000381469727,-10.13215951568467,-7.929518425975235,6,3.663674992322922,False,2026-07-31,3.90662499666214,False,2026-07-02,-6.478715483885744,-26.544726599028323,-42.05956870957218,-52.71746409218012
2026-07-31,2026-07-24,LITHIUM,CRML.O,Critical Metals,21,24,24.0,3.0,4,5.489999771118164,-5.507748275609914,21,-40.71274691770616,24,-56.873527348503615,24,-56.39396580952633,25,-57.57341615805878,23,45.62333684067934,12,240.99377157382693,2,-28.88601139480246,23,-32.38916442743073,2026-07-31,0.693660976344472,-5.507748275609914,-33.80102587764532,-81.68168202569211,2026-07-31,2022-02-07,29.96999931335449,29.96999931335449,-81.68168202569211,-81.68168202569211,2026-07-31,5.809999942779541,-15.066222734427438,-9.105963480273394,6,10.557249999046324,False,2026-07-31,10.783425002098085,False,2026-07-02,-6.556593989978454,-40.07977308146688,-60.76741095173124,-41.59311195837997
2026-07-31,2026-07-24,LITHIUM,PMET.TO,PMET Resources Inc,22,15,4.0,-18.0,4,4.090000152587891,-6.192659923358268,22,-33.60389198213779,23,-31.490782306098,10,-32.39669382405261,15,8.48806825677315,12,8.48806825677315,17,72.5738544338816,14,35.88040417097859,14,-26.17328193591068,2026-07-31,1.504222755157005,-6.192659923358268,-29.74064416078332,-47.02072197224301,2026-07-31,2010-03-15,7.71999979019165,493.5,-47.02072197224301,-99.17122590626384,2026-07-31,4.360000133514404,-8.616772125893647,-7.256229158647276,6,5.312549996376037,False,2026-07-31,5.24509999871254,True,2026-07-03,-7.241505637726808,-32.97091814589851,-35.38466590932562,-35.37722946685992
2026-07-31,2026-07-24,LITHIUM,EMH.AX,European Metals Holdings,23,13,2.0,-21.0,4,0.2199999988079071,-6.382978993230603,23,-17.7570138230406,11,-29.032258994869554,8,-33.3333363436688,16,-12.000000476837158,14,29.411762643437967,14,-8.333331781128972,22,51.72414147471149,10,-38.88889164836306,2026-07-31,0.1156577150967473,-4.347828340440207,-42.92983340971175,-50.0,2026-07-31,2012-07-19,0.4399999976158142,2.150000095367432,-50.0,-89.76744236979629,2026-07-31,0.2349999994039535,-8.333331781128972,-8.333331781128972,5,0.2963250007480383,False,2026-07-31,0.2921250010281801,False,2026-07-03,-7.431824707599143,-17.12403998680132,-32.92614259809717,-48.09283917931231
2026-07-31,2026-07-24,LITHIUM,LI.V,American Lithium,24,20,11.0,-13.0,4,0.3849999904632568,-14.444444297272485,24,-17.204303762956553,9,-39.84375014551917,15,-51.875001909211264,23,-45.77464759172463,18,-4.938274239498098,21,9.999999148505044,18,-16.30435141757659,21,-44.20289974006329,2026-07-31,2.5959573569423187,-14.444444297272485,-50.70714068439337,-67.09401670213909,2026-07-31,1985-02-11,1.1699999570846558,1050.0,-67.09401670213909,-99.9633333342416,2026-07-31,0.449999988079071,-18.08510820430672,-18.08510820430672,6,0.6341874997317791,False,2026-07-31,0.6641999994218349,False,2026-07-03,-15.493290011641026,-16.571329926717272,-43.73763374874679,-53.40684727101253
2026-07-31,2026-07-24,LITHIUM,LTR.AX,Liontown Resources,25,22,25.0,0.0,4,0.9649999737739564,-18.565399124792503,25,-43.4017624935702,26,-58.93616966232014,25,-45.7865174559237,21,-17.872339324640272,15,23.7179498935828,15,83.80952716144054,12,42.96295655280651,11,-40.43210055965817,2026-07-31,1.6164571152932214,-18.565399124792503,-48.224986265872325,-63.44697214286727,2026-07-31,2006-12-27,2.640000104904175,3.150000095367432,-63.44697214286727,-69.36508112513584,2026-07-31,1.184999942779541,-21.22449347000718,-21.22449347000718,6,1.7426250037550923,False,2026-07-31,1.7084750038385392,False,2026-07-03,-19.61424483916104,-42.76878865733092,-62.83005326554776,-49.63604809060741
2026-07-31,2026-07-24,LITHIUM,AVL.TO,Avalon Advanced Materials,26,26,26.0,0.0,4,4.699999809265137,-21.66666984558105,26,-41.97531372940093,25,-59.82905753004197,26,-62.69841251820212,26,-61.31687581960061,25,-34.722223142047014,24,-12.962960346572338,23,-25.39682503640425,22,-52.525252622556295,2026-07-31,3.2019939527814616,-21.66666984558105,-63.64529912969845,-80.65843790980031,2026-07-31,1984-05-31,24.30000114440918,7740.0,-80.65843790980031,-99.9392764882524,2026-07-31,6.0,-21.66666984558105,-21.66666984558105,6,11.225949556827546,False,2026-07-31,11.501999542713165,False,2026-07-03,-22.7155155599496,-41.34233989316165,-63.72294113326959,-61.72920015350554
2026-08-07,2026-07-31,LITHIUM,CRML.O,Critical Metals,1,14,21.0,20.0,4,7.25,32.05829330159282,1,-8.805029258608766,21,-43.5797682118763,21,-39.43191446728685,23,-32.745823937031304,21,71.3947982815375,11,361.783424062736,1,21.848743401815707,17,-10.71428445591881,2026-08-07,1.0269655594502478,32.05829330159282,-8.327058161588978,-75.8091419215701,2026-08-07,2022-02-07,29.96999931335449,29.96999931335449,-75.8091419215701,-75.8091419215701,2026-08-07,5.489999771118164,-3.392330559824386,0.0,6,10.162700004577635,False,2026-08-07,10.828900005817411,False,2026-07-10,28.48112467326389,-11.210845945416937,-49.31132029810108,-23.824641338841936
2026-08-07,2026-07-31,LITHIUM,ABAT.O,American Battery Technology,2,11,20.0,18.0,4,2.6099998950958248,24.880382884283115,2,-0.7604645807912758,9,-15.533981631275406,4,-37.559808557858446,22,-41.083521529736736,24,25.48076878990644,16,94.77610672255857,14,99.2366419160264,6,-29.459463203797952,2026-08-07,0.5709412327944391,24.880382884283115,-9.437579477052552,-76.96381365691933,2026-08-07,2016-02-24,11.329999923706056,61.125,-76.96381365691933,-95.73006152131562,2026-08-07,2.0899999141693115,0.0,0.0,6,3.534974994659424,False,2026-08-07,3.898774996995926,False,2026-07-10,21.303214255954185,-3.1662812675994467,-21.265533717500183,-42.56982008672108
2026-08-07,2026-07-31,LITHIUM,LTR.AX,Liontown Resources,3,14,25.0,22.0,4,1.1799999475479126,22.279790633892627,3,-20.80537315467621,25,-52.98804971986767,24,-29.970327144260366,17,15.686271530717422,13,39.64495947871826,14,112.6126004217432,10,80.15267161679472,10,-27.160497279342323,2026-08-07,1.5937368390712163,22.279790633892627,-9.02591510569651,-55.30303406594965,2026-08-07,2006-12-27,2.640000104904175,3.150000095367432,-55.30303406594965,-62.539685338953255,2026-08-07,0.9649999737739564,0.0,0.0,6,1.742000003159046,False,2026-08-07,1.7236750036478043,False,2026-07-10,18.702622005563697,-23.211189841484384,-58.71960180609245,-40.27085416226545
2026-08-07,2026-07-31,LITHIUM,CXO.AX,Core Lithium,4,1,13.0,9.0,4,0.2849999964237213,18.75000116415329,4,13.999998569488524,1,-16.17647252177692,5,35.71428824849694,1,96.55172732724036,4,184.9999921768905,1,301.4084325248686,2,220.2247095068907,1,3.6363600896410775,2026-08-07,0.6583611149252533,18.75000116415329,20.89023075654428,-25.0,2026-08-07,2011-02-11,0.3799999952316284,1.8650000095367432,-25.0,-84.71849892941749,2026-08-07,0.2399999946355819,0.0,0.0,6,0.2541999984160065,True,2026-08-07,0.2403999987244606,True,2026-07-10,15.172832535824355,11.594181882680354,-21.908024608001696,-9.473996793282048
2026-08-07,2026-07-31,LITHIUM,SLI,Standard Lithium,5,19,18.0,13.0,4,2.369999885559082,16.17646715082779,5,-3.6585427313929775,14,-39.38619351575872,18,-45.89041498548912,25,-28.82883063488363,19,-11.567170652097037,23,66.90140543559117,16,57.99999237060547,15,-50.41841461228502,2026-08-07,0.8099753360340878,16.17646715082779,6.61824883491737,-58.053100078665466,2026-08-07,2017-06-20,5.650000095367432,12.369999885559082,-58.053100078665466,-80.84074448273961,2026-08-07,2.039999961853028,0.0,0.0,6,3.842400004267693,False,2026-08-07,4.042550005912781,False,2026-07-10,12.59929852249886,-6.064359418201148,-45.1177456019835,-63.52877149520815
2026-08-07,2026-07-31,LITHIUM,VULG.DE,Vulcan Energy Resources,6,18,16.0,10.0,4,1.8109999895095823,15.941097790842784,6,2.606232531870911,6,-23.32768847231025,9,-20.91702970841306,15,-38.22901201999082,23,3.1675472011268635,21,-16.94336776802574,24,-16.23624978827167,22,-29.368172141197,2026-08-07,1.0093071878343391,15.941097790842784,-19.630140856729973,-46.63570820922634,2026-08-07,2022-02-15,3.3936550617218018,6.09117603302002,-46.63570820922634,-70.2684673749006,2026-08-07,1.562000036239624,-2.66666685095156,0.0,6,2.2785076063871386,False,2026-08-07,2.405836232304573,False,2026-07-10,12.363929162513854,0.2004158450627402,-29.059240558535027,-42.47852902412012
2026-08-07,2026-07-31,LITHIUM,LAR.TO,Lithium Argentina AG,7,3,9.0,2.0,4,9.65999984741211,15.68861564185704,7,-6.846673538884939,20,-37.877815248080736,16,3.7593921806699626,5,76.92307289233173,5,163.21524922601668,2,242.5531941876255,3,170.58823607981083,2,17.80487892813518,2026-08-07,2.0793711838382807,15.827334180738896,13.274874089315835,-40.22277265702401,2026-08-07,2008-07-16,16.15999984741211,21.016979217529297,-40.22277265702401,-54.03716325058196,2026-08-07,8.350000381469727,-1.325965558342579,0.0,5,9.961599988937378,False,2026-08-07,9.67084998369217,True,2026-07-10,12.11144701352811,-9.25249022569311,-43.60936733430552,4.694522045212057
2026-08-07,2026-07-31,LITHIUM,SGML.O,Sigma Lithium,8,12,6.0,-2.0,4,11.380000114440918,15.298888008004296,8,-4.450039796485406,15,-51.88160550529377,23,-5.403155718688746,9,113.90976968497108,3,118.84616407417016,5,61.87766393752578,17,1.516503797640012,19,-19.91555183750088,2026-08-07,0.5853470798838974,15.298888008004296,-25.86118018383496,-51.88160550529377,2026-08-07,2018-07-03,23.64999961853028,42.400001525878906,-51.88160550529377,-73.16037805447928,2026-08-07,9.869999885559082,-4.954956503001851,0.0,6,12.850824975967408,False,2026-08-07,12.490374982357023,False,2026-07-10,11.721719379675369,-6.855856483293577,-57.61315759151855,-33.025908720424
2026-08-07,2026-07-31,LITHIUM,LTBR.O,Lightbridge,9,20,1.0,-8.0,4,9.470000267028809,14.927190898983888,9,12.47031094086426,2,-30.46989466520045,11,-35.97024819841636,20,-49.49333190917968,25,-32.693671126997714,25,1.2834211835638376,22,-21.92909993665496,24,-32.884475567316265,2026-08-07,0.8271278293330259,14.927190898983888,-1.268639922199729,-65.83693902738841,2026-08-07,2000-11-10,27.71999931335449,4050.0,-65.83693902738841,-99.76617283291289,2026-08-07,8.239999771118164,0.0,0.0,6,13.329274995326996,False,2026-08-07,14.805824995040894,False,2026-07-10,11.350022270654955,10.064494254056088,-36.20144675142523,-45.994832450239386
2026-08-07,2026-07-31,LITHIUM,PMET.TO,PMET Resources Inc,10,13,22.0,12.0,4,4.699999809265137,14.914416477253113,10,-9.26640994170528,22,-36.486489882514405,15,-16.071430548113252,11,47.335414575521504,10,18.68686272701241,18,108.88888041178384,11,64.33566369440942,14,-15.162457732344937,2026-08-07,0.9474628194618652,14.077668442152124,-6.794709467997026,-39.11917180054149,2026-08-07,2010-03-15,7.71999979019165,493.5,-39.11917180054149,-99.04761908626848,2026-08-07,4.090000152587891,-2.9478376893832703,0.0,5,5.322349996566772,False,2026-08-07,5.286999996900558,False,2026-07-10,11.337247848924182,-11.67222662851345,-42.21804196873919,-28.27281461526806
2026-08-07,2026-07-31,LITHIUM,ATLX.O,Atlas Lithium,11,25,14.0,3.0,4,3.1099998950958248,13.503645411360354,11,-5.182929200511999,17,-47.466218665274816,22,-36.27049544747551,21,-30.888891220092784,20,-49.75767582638228,26,-24.146342257670494,26,-42.30055710328586,26,-28.99543804023853,2026-08-07,0.3136540875471114,13.503645411360354,-12.1324408905265,-58.255033896402296,2026-08-07,2013-02-28,7.449999809265136,412500.0,-58.255033896402296,-99.99924606063148,2026-08-07,2.740000009536743,0.0,0.0,6,4.507725006341934,False,2026-08-07,4.794350010156632,False,2026-07-10,9.926476783031424,-7.58874588732017,-53.1977707514996,-42.10579492316165
2026-08-07,2026-07-31,LITHIUM,LI.V,American Lithium,12,22,24.0,12.0,4,0.4350000023841857,12.98701640505644,12,-9.37499747766798,23,-30.95238005132813,12,-41.99999968210858,24,-27.500002483526785,18,11.538466240997767,19,31.818177302678595,18,-11.224491037164608,21,-36.95652117575952,2026-08-07,2.7783653773352714,0.0,-46.03991649677536,-62.820511253000745,2026-08-07,1985-02-11,1.1699999570846558,1050.0,-62.820511253000745,-99.95857142834436,2026-08-07,0.3849999904632568,-3.703707519273103,0.0,5,0.6253624995052814,False,2026-08-07,0.6634249994158745,False,2026-07-10,9.40984777672751,-11.78081416447615,-36.68393213755291,-50.06687805868265
2026-08-07,2026-07-31,LITHIUM,ELV.AX,Elevra Lithium,13,5,17.0,4.0,4,8.380000114440918,12.332440637928864,13,-5.417602266774146,18,-38.78743337254149,17,16.5507656154386,3,118.7989629600856,2,123.46666971842448,4,210.3703691275849,5,123.46666971842448,4,5.808081233784823,2026-08-07,0.6669874322823802,12.332440637928864,-6.558082040146484,-39.27536232885607,2026-08-07,2004-03-30,13.800000190734863,256.91192626953125,-39.27536232885607,-96.73818174340056,2026-08-07,7.460000038146973,-3.0831101594822163,0.0,6,8.495100016593932,False,2026-08-07,8.09050001859665,True,2026-07-10,8.755272009599935,-7.823418953582317,-44.518985458766274,-7.302275649138301
2026-08-07,2026-07-31,LITHIUM,LAC.TO,Lithium Americas,14,22,10.0,-4.0,4,4.489999771118164,11.970062714190256,14,-4.46808609934406,16,-41.76394618803019,20,-31.65906158594873,19,-34.35672995680581,22,19.73332722981771,17,5.39904999715688,21,4.176330179311805,18,-31.45038716992132,2026-08-07,0.680159342037662,10.591128926081671,-38.09224535605604,-68.17859758775138,2026-08-07,2023-10-04,14.109999656677246,16.010000228881836,-68.17859758775138,-71.95502993798675,2026-08-07,4.010000228881836,-2.534565199238814,0.0,5,6.498600013256073,False,2026-08-07,7.092850019931793,False,2026-07-10,8.392894085861325,-6.873902786152231,-47.49549827425497,-44.56074405284444
2026-08-07,2026-07-31,LITHIUM,ALB,Albermale,15,8,7.0,-8.0,4,131.11000061035156,11.450188108287596,15,4.014278013556294,5,-33.89967402273364,14,-20.90371322680963,14,34.91459168411701,11,87.13960202567728,8,133.87441562357333,8,69.45844119947844,13,-8.90710256222147,2026-08-07,1.1868116779166658,11.450188108287596,7.13483444366376,-39.19395066348347,2026-08-07,1994-02-22,215.6199951171875,325.3800048828125,-39.19395066348347,-59.70557543707346,2026-08-07,117.63999938964844,-1.6388043055245882,0.0,6,153.17574985504152,False,2026-08-07,150.1724499130249,False,2026-07-10,7.873019479958664,1.608461326748123,-39.63122610895842,-22.0174594451446
2026-08-07,2026-07-31,LITHIUM,MIN.AX,Mineral Resources,16,2,2.0,-14.0,4,64.16999816894531,10.6760929209732,16,7.487432745194789,4,-10.050460522854175,1,23.04889029984325,2,50.77536677246417,7,92.93446003393316,7,207.4748231361472,6,81.63032788903108,9,15.74675281112028,2026-08-07,1.2643338624458065,10.6760929209732,26.316137329833207,-13.668778974608577,2026-08-07,2006-07-28,74.33000183105469,96.27999877929688,-13.668778974608577,-33.35064501190686,2026-08-07,57.97999954223633,-0.4311831700134494,0.0,6,57.819700050354,True,2026-08-07,56.29770008087158,True,2026-07-10,7.09892429264427,5.081616058386618,-15.782012609078954,2.636395928197155
2026-08-07,2026-07-31,LITHIUM,PLS.AX,Pilbara Minerals,17,4,11.0,-6.0,4,4.579999923706056,10.36144140860682,17,-1.0799176997623006,10,-28.100470863602244,10,9.83213045349618,4,56.313987008710285,6,158.75706062486148,3,197.40259981533404,7,105.38116074137704,5,6.264500800721362,2026-08-07,0.8059488967739236,10.36144140860682,0.1942021191779347,-32.047476569183395,2026-08-07,2007-09-19,6.739999771118164,6.739999771118164,-32.047476569183395,-32.047476569183395,2026-08-07,4.150000095367432,-1.6867510856087953,0.0,6,4.8032500159740446,False,2026-08-07,4.635300017595291,False,2026-07-10,6.784272780277888,-3.4857343865704715,-33.83202294982702,-6.845856082201762
2026-08-07,2026-07-31,LITHIUM,1772.HK,Ganfeng Lithium,18,17,19.0,1.0,4,40.31999969482422,9.505703500839502,18,-3.1234965651684043,13,-54.69662955637729,25,-30.958906436060385,18,-23.49146278726678,16,46.93877153821617,13,108.26445466776278,12,93.84615948919736,7,-25.471347815080943,2026-08-07,0.9050018532917742,9.505703500839502,-2.188318455761063,-54.69662955637729,2026-08-07,2018-10-11,89.0,128.0000457763672,-54.69662955637729,-68.50001150369232,2026-08-07,36.81999969482422,-4.791867272168315,-2.420135545463864,6,58.625549983978274,False,2026-08-07,58.82730001449585,False,2026-07-10,5.928534872510571,-5.529313251976575,-60.42818164260207,-38.58170469800408
2026-08-07,2026-07-31,LITHIUM,EMH.AX,European Metals Holdings,19,16,23.0,4.0,4,0.2399999946355819,9.090907243657664,19,-5.882353284917253,19,-21.311479013986776,7,-20.000004967053545,13,6.6666671081825335,14,37.142856413004345,15,9.090907243657664,20,71.4285668669915,12,-33.33333747254462,2026-08-07,0.1906896702836594,0.0,-45.59060909231143,-45.454546378171166,2026-08-07,2012-07-19,0.4399999976158142,2.150000095367432,-45.454546378171166,-88.83721004698066,2026-08-07,0.2199999988079071,-2.040820422643153,-2.040820422643153,3,0.2965000008046627,False,2026-08-07,0.293850000873208,False,2026-07-09,5.513738615328734,-8.288169971725424,-27.04303110021156,-46.44369435546774
2026-08-07,2026-07-31,LITHIUM,AVL.TO,Avalon Advanced Materials,20,26,26.0,6.0,4,5.099999904632568,8.510640672344483,20,-43.333334392971466,26,-56.41025296172961,26,-62.22222292864764,26,-59.52380844254608,26,-29.16666611477179,24,13.333331214057065,19,-19.04761688509216,23,-48.48484746315877,2026-08-07,3.1377737232213585,0.0,-37.9893737080397,-79.01234705988502,2026-08-07,1984-05-31,24.30000114440918,7740.0,-79.01234705988502,-99.93410852836392,2026-08-07,4.699999809265137,-0.6000041961669922,0.0,5,10.994349563121796,False,2026-08-07,11.546999554634096,False,2026-07-10,4.933472044015552,-45.73915107977964,-62.14180504795439,-61.5952043460819
2026-08-07,2026-07-31,LITHIUM,IGO.AX,IGO Limited,21,8,3.0,-18.0,4,7.449999809265136,8.442502669108176,21,8.127720662281824,3,-11.72985569121562,3,-9.477518546243369,10,49.29860022009045,8,57.50528074468051,12,79.51806356779203,15,49.59838917131541,16,-9.257006398910706,2026-08-07,0.679033249562755,8.442502669108176,18.23277702418514,-25.72283142964532,2026-08-07,2002-01-17,10.029999732971191,16.393840789794922,-25.72283142964532,-54.55610491287239,2026-08-07,6.869999885559082,0.0,0.0,6,7.728949987888336,False,2026-08-07,7.56699999332428,False,2026-07-10,4.865334040779246,5.721903975473653,-17.461407777440396,-22.367363281833832
2026-08-07,2026-07-31,LITHIUM,SQM,Sociedad Quimica y Minera ADR,22,7,15.0,-7.0,4,71.94999694824219,7.291976689047441,22,-1.6942279707624963,11,-21.451967088657145,8,1.1243786440008785,7,47.34793006393816,9,86.06154733677494,9,114.32826214572572,9,86.35067550077163,8,3.183699246284122,2026-08-07,0.8562444752326556,7.291976689047441,13.529613537999188,-24.509496599231927,2026-08-07,1993-09-21,95.30999755859376,113.5199966430664,-24.509496599231927,-36.61909877035152,2026-08-07,67.05999755859375,-0.6901311539835975,-0.6901311539835975,6,73.2496500968933,False,2026-08-07,70.70100008010864,True,2026-07-10,3.714808060718511,-4.100044657570667,-27.18351917488192,-9.926657636639003
2026-08-07,2026-07-31,LITHIUM,LIT,Global X Lithium & Battery Tech ETF,23,8,8.0,-15.0,4,74.01000213623048,6.9199665285395895,23,2.336839668885138,7,-17.16843491870189,6,2.379307233254857,6,21.54705678780562,12,72.55771319524173,10,101.33298562442272,13,79.89791743860046,11,11.679501863946284,2026-08-07,0.549836869648996,6.9199665285395895,-3.101591521715088,-19.22069426155798,2026-08-07,2010-07-23,91.62000274658205,96.30999755859376,-19.22069426155798,-23.15439309277965,2026-08-07,69.22000122070312,-0.3303480505558398,0.0,6,72.72444982528687,True,2026-08-07,71.47594982147217,True,2026-07-10,3.342797900210659,-0.0689770179230331,-22.89998700492667,-1.430855018976839
2026-08-07,2026-07-31,LITHIUM,GLN.AX,Galan Lithium,24,6,4.0,-20.0,4,0.3149999976158142,4.99999503294648,24,-3.0769202554013053,12,-41.121498659006974,19,-4.5454590609577465,8,124.99999733907848,1,117.24138391712496,6,214.9999929219486,4,151.99999809265137,3,-5.970152307656019,2026-08-07,0.6841671301606467,4.99999503294648,3.126124910991436,-42.20183706977888,2026-08-07,2011-06-08,0.5450000166893005,2.1742498874664307,-42.20183706977888,-85.51224496173843,2026-08-07,0.3000000119209289,-5.000004967053517,0.0,6,0.3440249997377396,False,2026-08-07,0.3292000000178814,False,2026-07-10,1.4228264046175498,-5.482736942209476,-46.85305074523176,-19.080509190579143
2026-08-07,2026-07-31,LITHIUM,INR.AX,Ioneer Ltd,25,24,12.0,-13.0,4,0.1199999973177909,4.3478218616745945,25,-17.241378778793305,24,-11.111116630059524,2,-17.241378778793305,12,-25.000000000000057,17,4.3478218616745945,20,-11.111116630059524,23,-29.411767026132363,25,-40.00000223517418,2026-08-07,0.7191559847807503,4.3478218616745945,-32.49030746521258,-55.55555831502976,2026-08-07,2007-12-19,0.270000010728836,0.8500000238418579,-55.55555831502976,-85.8823536527198,2026-08-07,0.1150000020861625,-4.347828340440207,0.0,6,0.1536250008642673,False,2026-08-07,0.1620750008895993,False,2026-07-10,0.7706532333456639,-19.64719546560148,-16.842668716284305,-53.11035911809731
2026-08-07,2026-07-31,LITHIUM,DLI.AX,Delta Lithium,26,21,5.0,-21.0,4,0.1700000017881393,0.0,26,0.0,8,-31.999999284744284,13,-27.659573523692828,16,1.492535852860133,15,3.030300019967536,22,-19.047615668670822,25,-10.526313725600945,20,-24.444441648177097,2026-08-07,0.4418252614154093,0.0,-15.11837490203665,-47.692305223476176,2026-08-07,2017-11-03,0.324999988079071,0.9354239702224731,-47.692305223476176,-81.82642232829377,2026-08-07,0.1700000017881393,-5.882356034843095,0.0,6,0.2099374998360872,False,2026-08-07,0.2113374998420477,False,2026-07-10,-3.5771686283289306,-2.405816686808171,-37.731551370969065,-37.55479853110022
2026-08-14,2026-08-07,LITHIUM,CXO.AX,Core Lithium,1,1,4.0,3.0,4,0.3549999892711639,24.56140130730762,1,47.91666550251345,1,1.4285700905079413,1,73.17072798424287,1,77.49999199062599,4,195.833331005027,1,258.5858496916851,3,298.87638549403823,1,29.090902391544216,2026-08-14,1.392601852263147,24.56140130730762,44.81270996295429,-6.578949019519276,2026-08-14,2011-02-11,0.3799999952316284,1.8650000095367432,-6.578949019519276,-80.96514812569121,2026-08-14,0.2849999964237213,-2.777783296726133,-1.3888957875743513,6,0.2599499984830618,True,2026-08-14,0.2439499986171722,False,2026-07-17,24.198924724085447,43.51758446272316,-2.364396437162619,15.570546951721465
2026-08-14,2026-08-07,LITHIUM,GLN.AX,Galan Lithium,2,2,24.0,22.0,4,0.3700000047683715,17.46031986312502,2,27.586212212067164,2,-22.105261176576896,7,2.7777750183035854,6,89.74359914866224,2,164.28571656650433,2,252.3809679241143,4,196.0000038146972,2,10.447759866236517,2026-08-14,0.9919461957436264,17.46031986312502,25.334753314386976,-32.110092947152125,2026-08-14,2011-06-08,0.5450000166893005,2.1742498874664307,-32.110092947152125,-82.98263659107195,2026-08-14,0.3149999976158142,-5.555558315029763,0.0,6,0.3488749998807907,True,2026-08-14,0.333624999821186,False,2026-07-17,17.097843279902847,23.187131172276864,-25.898227704247457,-3.0725955735862343
2026-08-14,2026-08-07,LITHIUM,AVL.TO,Avalon Advanced Materials,3,24,20.0,17.0,4,5.699999809265137,11.76470423239735,3,-18.33811183826121,26,-51.28204814702693,26,-51.28204814702693,26,-42.42424213233107,25,-9.523808442546075,22,26.66666242811415,18,-9.523808442546075,22,-42.42424213233107,2026-08-14,1.0072088035090567,11.76470423239735,-24.588978366346463,-76.54321176615844,2026-08-14,1984-05-31,24.30000114440918,7740.0,-76.54321176615844,-99.92635659161157,2026-08-14,5.099999904632568,-0.9803865653465582,0.0,6,10.783049569129943,False,2026-08-14,11.570899562835692,False,2026-07-17,11.402227649175178,-22.737192878051506,-55.075014674697485,-55.94459757215382
2026-08-14,2026-08-07,LITHIUM,ELV.AX,Elevra Lithium,4,3,13.0,9.0,4,9.199999809265137,9.785199088615126,4,9.91636720495146,12,-23.77796154203532,11,22.830441794415336,3,77.60617980977511,3,119.04762445393628,4,283.3333101537501,2,178.78787703641078,3,16.161612634354295,2026-08-14,0.6398225852726758,9.785199088615126,15.47291241652044,-33.333335636894454,2026-08-14,2004-03-30,13.800000190734863,256.91192626953125,-33.333335636894454,-96.41900633308347,2026-08-14,8.380000114440918,-0.1173735721190394,0.0,6,8.615500020980836,True,2026-08-14,8.221350017786026,True,2026-07-17,9.422722505392954,5.5172861651611615,-27.57092806970588,2.641257194531544
2026-08-14,2026-08-07,LITHIUM,LTR.AX,Liontown Resources,5,14,3.0,-2.0,4,1.274999976158142,8.050850240090558,5,-4.135343231767319,23,-49.00000095367432,25,-25.00000350615548,18,-12.96928688679131,14,59.37499464489528,11,62.4203737021279,14,99.2187507275958,7,-21.296297999675485,2026-08-14,1.0690213340524508,8.050850240090558,9.451880937721926,-51.70454827673496,2026-08-14,2006-12-27,2.640000104904175,3.150000095367432,-51.70454827673496,-59.52381150612569,2026-08-14,1.1799999475479126,-1.666674945089219,0.0,6,1.7445500031113623,False,2026-08-14,1.7353750032186508,False,2026-07-17,7.688373656868387,-8.534424271557617,-52.79296748134488,-34.81665343949824
2026-08-14,2026-08-07,LITHIUM,PLS.AX,Pilbara Minerals,6,4,17.0,11.0,4,4.869999885559082,6.33187700183111,6,12.471130978469835,9,-23.66771476169727,10,12.993038288032889,4,27.48691022685279,9,125.46294870567966,3,196.95121512428625,6,120.3619819682198,5,12.993038288032889,2026-08-14,0.6151822206490933,6.33187700183111,12.496333363764286,-27.744806365903617,2026-08-14,2007-09-19,6.739999771118164,6.739999771118164,-27.744806365903617,-27.744806365903617,2026-08-14,4.579999923706056,-0.8474568565903118,-0.2049227181827984,6,4.844900014400483,True,2026-08-14,4.687050015926361,False,2026-07-17,5.969400418608939,8.072049938679537,-27.46068128936783,-0.5273171517898625
2026-08-14,2026-08-07,LITHIUM,IGO.AX,IGO Limited,7,7,21.0,14.0,4,7.889999866485595,5.906041187722666,7,18.6466128321108,3,-9.931510726767325,3,-4.594928297994738,9,17.236253255936916,12,46.92737494656669,12,83.06264434419674,13,65.06275146799499,16,-3.897687821857832,2026-08-14,0.7696185388854392,5.906041187722666,42.96565116507063,-21.335991260805976,2026-08-14,2002-01-17,10.029999732971191,16.393840789794922,-21.335991260805976,-51.87216975172117,2026-08-14,7.449999809265136,-2.354393897996765,-2.2304812285689035,6,7.787249987125397,True,2026-08-14,7.609349994659424,False,2026-07-17,5.543564604500495,14.2475317923205,-13.724477254437884,-17.418043261680584
2026-08-14,2026-08-07,LITHIUM,SGML.O,Sigma Lithium,8,8,8.0,0.0,4,11.989999771118164,5.360278124278506,8,16.861593602760273,4,-32.88553078795974,17,-6.547156333460458,10,97.85478356982804,1,112.2123817475516,5,61.37281356841127,15,6.20017547945364,19,-15.622802681697268,2026-08-14,0.9743266479223932,5.360278124278506,1.5145083393078458,-49.30232573143999,2026-08-14,2018-07-03,23.64999961853028,42.400001525878906,-49.30232573143999,-71.72169967069448,2026-08-14,11.380000114440918,-4.307434310044023,0.0,6,12.994824974536895,False,2026-08-14,12.599224979877471,False,2026-07-17,4.997801541056335,12.462512562969977,-36.678497315630295,-29.143158121520017
2026-08-14,2026-08-07,LITHIUM,LAC.TO,Lithium Americas,9,15,14.0,5.0,4,4.699999809265137,4.677061221646239,9,13.253004849606144,7,-33.23863871118502,18,-24.19354913137957,16,-24.9201335875246,16,18.387903662319548,15,8.79628755796138,21,9.813074272620035,18,-28.24427981065707,2026-08-14,0.6654422323625575,4.677061221646239,-1.5161995483916386,-66.69029111534411,2026-08-14,2023-10-04,14.109999656677246,16.010000228881836,-66.69029111534411,-70.64334951859404,2026-08-14,4.489999771118164,-1.052635594418172,-1.052635594418172,6,6.392350010871887,False,2026-08-14,6.983500020503998,False,2026-07-17,4.314584638424068,8.853923809815845,-37.031605238855576,-41.76463525047982
2026-08-14,2026-08-07,LITHIUM,ALB,Albermale,10,11,15.0,5.0,4,136.14999389648438,3.84409523504714,10,12.725612909860452,8,-28.75458422396165,14,-19.39971858138787,14,18.24734637676646,10,67.19881295128833,8,122.9043710133979,8,67.65176139808162,15,-5.405404832349436,2026-08-14,0.8749795559251048,3.84409523504714,15.442400987130808,-36.85650821831802,2026-08-14,1994-02-22,215.6199951171875,325.3800048828125,-36.85650821831802,-58.15661938246034,2026-08-14,131.11000061035156,-2.187341078516392,0.0,6,154.0442498397827,False,2026-08-14,151.16249988555907,False,2026-07-17,3.481618651824969,8.326531870070154,-32.547550751632215,-18.925760272172187
2026-08-14,2026-08-07,LITHIUM,SQM,Sociedad Quimica y Minera ADR,11,6,22.0,11.0,4,74.31999969482422,3.2939580918772027,11,6.460395779909711,15,-14.377883546261994,5,2.651931116685158,7,36.24198118105964,6,63.1971853331343,10,107.30823670319909,10,92.38932860441236,8,6.582527057105359,2026-08-14,0.5998251446378713,3.2939580918772027,25.320981815997907,-22.02287105386349,2026-08-14,1993-09-21,95.30999755859376,113.5199966430664,-22.02287105386349,-34.53135844559281,2026-08-14,71.94999694824219,-2.18286163897502,0.0,6,73.96755010604858,True,2026-08-14,71.36455003738403,False,2026-07-17,2.931481508655032,2.061314740119413,-18.17085007393256,-6.9378283827173926
2026-08-14,2026-08-07,LITHIUM,ATLX.O,Atlas Lithium,12,22,11.0,-1.0,4,3.2100000381469727,3.215438791777414,12,5.592107842998839,17,-31.26338360374525,15,-29.75930158488353,20,-26.54461962906215,17,-46.4106817895962,25,-18.11224551858228,23,-46.942149802526366,26,-26.712329811052737,2026-08-14,0.294726590276341,3.215438791777414,1.7716306047788837,-56.91275006269287,2026-08-14,2013-02-28,7.449999809265136,412500.0,-56.91275006269287,-99.99922181817256,2026-08-14,3.1099998950958248,-1.8808759154637973,0.0,6,4.449675010442734,False,2026-08-14,4.748300008773803,False,2026-07-17,2.852962208555243,1.1930268032085412,-35.05635013141581,-40.23268525087549
2026-08-14,2026-08-07,LITHIUM,PMET.TO,PMET Resources Inc,13,12,10.0,-3.0,4,4.849999904632568,3.191491520313172,13,11.75114594732378,10,-33.833561321779605,19,-9.514929406306615,11,34.72222314204701,7,14.386796378376609,16,108.15450916059466,9,77.65567292115156,14,-12.454874764830626,2026-08-14,0.8576585803813913,3.191491520313172,14.070062827318372,-37.17616533105934,2026-08-14,2010-03-15,7.71999979019165,493.5,-37.17616533105934,-99.01722393016564,2026-08-14,4.699999809265137,-2.419352512826056,-2.2177446102500387,6,5.354949997663498,False,2026-08-14,5.301999998092652,False,2026-07-17,2.829014937091001,7.352064907533483,-37.62652784945016,-25.97523020465338
2026-08-14,2026-08-07,LITHIUM,DLI.AX,Delta Lithium,14,17,26.0,12.0,4,0.1749999970197677,2.941173634727145,14,2.941173634727145,22,-25.531915972922505,12,-18.60465390286356,13,-16.66666548403478,15,6.060600039935093,18,-7.894737254879846,22,-2.777783296726133,20,-22.222221486362404,2026-08-14,1.5354455558159574,2.941173634727145,12.76099422823228,-46.1538450957755,2026-08-14,2017-11-03,0.324999988079071,0.9354239702224731,-46.1538450957755,-81.29190585332688,2026-08-14,0.1700000017881393,-2.777783296726133,-2.777783296726133,6,0.2101999998837709,False,2026-08-14,0.2113124997913837,False,2026-07-17,2.5786970515049745,-1.4579074050631524,-29.324882500593063,-35.74257692618515
2026-08-14,2026-08-07,LITHIUM,MIN.AX,Mineral Resources,15,4,16.0,1.0,4,65.98999786376953,2.8362159058078262,15,16.220498912428294,5,-5.943565536887075,2,27.887596541045355,2,30.055174775003167,8,83.25465409507929,7,153.41780162695952,7,103.73571814533396,6,19.02958062480533,2026-08-14,0.6974929587489973,2.8362159058078262,47.79800668033128,-11.220239152208311,2026-08-14,2006-07-28,74.33000183105469,96.27999877929688,-11.220239152208311,-31.46032540461624,2026-08-14,64.16999816894531,-1.6068475051340014,-0.9010339497190878,6,58.37745000839234,True,2026-08-14,56.73645008087159,True,2026-07-17,2.473739322585655,11.821417872637996,-9.736532064557636,5.509225184982579
2026-08-14,2026-08-07,LITHIUM,EMH.AX,European Metals Holdings,16,13,19.0,3.0,4,0.2450000047683715,2.08333760189523,16,6.521739271277482,14,-16.94914723428881,6,-20.967741005130424,15,11.363639134513416,13,22.50000055879351,13,13.953488694454542,20,88.461549042245,9,-31.944445824181543,2026-08-14,0.2011907951145601,2.08333760189523,-20.86220519748173,-44.31818043274329,2026-08-14,2012-07-19,0.4399999976158142,2.150000095367432,-44.31818043274329,-88.60465144646884,2026-08-14,0.2399999946355819,-7.999998331069957,-1.9999980926514005,6,0.2971250008791685,False,2026-08-14,0.2952500007301569,False,2026-07-17,1.7208610186730589,2.1226582314871845,-20.74211376195937,-45.46480126400429
2026-08-14,2026-08-07,LITHIUM,LIT,Global X Lithium & Battery Tech ETF,17,10,23.0,6.0,4,75.2300033569336,1.6484274901890306,17,10.017558319181164,11,-13.479004028355536,4,3.808475354961072,5,17.970837097233748,11,65.92413565009585,9,91.71763542053196,12,77.68068749601883,13,13.520457473577729,2026-08-14,0.3154994974922713,1.6484274901890306,16.15892013362895,-17.889105979381657,2026-08-14,2010-07-23,91.62000274658205,96.30999755859376,-17.889105979381657,-21.887648983518424,2026-08-14,74.01000213623048,-0.8429184792944411,0.0,6,73.13274984359741,True,2026-08-14,71.84539979934692,False,2026-07-17,1.2859509069668595,5.618477279390865,-17.271970556026094,0.0001020337549775
2026-08-14,2026-08-07,LITHIUM,LI.V,American Lithium,18,21,12.0,-6.0,4,0.4399999976158142,1.149424184879111,18,-5.376345326492748,24,-22.80701699349358,9,-35.29411867828103,22,-27.86885454141457,20,3.529408299799308,19,22.222216703273865,19,-5.376345326492748,21,-36.23188418316455,2026-08-14,0.42852430791684,1.149424184879111,-49.96405180236931,-62.39316121752834,2026-08-14,1985-02-11,1.1699999570846558,1050.0,-62.39316121752834,-99.95809523832231,2026-08-14,0.4350000023841857,-3.448279405745791,0.0,6,0.6162624995410443,False,2026-08-14,0.6581374993920326,False,2026-07-17,0.7869476016569399,-9.775426366283046,-26.59998352116414,-49.7522396229873
2026-08-14,2026-08-07,LITHIUM,SLI,Standard Lithium,19,23,5.0,-14.0,4,2.380000114440918,0.4219506061063249,19,5.309740021417575,19,-40.35087446736006,22,-41.23456784309256,25,-26.99386130664645,19,-17.073163437520876,24,49.68553864641376,17,58.6666742960612,17,-50.20920481222443,2026-08-14,1.0301908064153318,0.4219506061063249,15.831928391637977,-57.87610488020458,2026-08-14,2017-06-20,5.650000095367432,12.369999885559082,-57.87610488020458,-80.75990188795907,2026-08-14,2.369999885559082,-7.905140314047221,-5.92884816779089,6,3.799450004696846,False,2026-08-14,4.012800004482269,False,2026-07-17,0.0594740228841539,0.910658981627277,-44.143840995030615,-63.72956025204718
2026-08-14,2026-08-07,LITHIUM,VULG.DE,Vulcan Energy Resources,20,18,6.0,-14.0,4,1.7940000295639038,-0.9387056899035184,20,6.7857193794787385,13,-22.33765913408434,8,-18.156929681961355,12,-39.43114024302141,24,2.101799323729625,20,-18.22508793873052,24,-12.626833124226025,23,-30.03119712819045,2026-08-14,1.0477991577184655,-0.9387056899035184,-4.32867123693188,-47.136641852643045,2026-08-14,2022-02-15,3.3936550617218018,6.09117603302002,-47.136641852643045,-70.54755896334794,2026-08-14,1.8109999895095823,-7.334708714623972,-7.334708714623972,6,2.2510781198740006,False,2026-08-14,2.385220402479172,False,2026-07-17,-1.3011822731256897,2.3866383396884405,-26.1306256617549,-43.55155256801319
2026-08-14,2026-08-07,LITHIUM,LAR.TO,Lithium Argentina AG,21,9,7.0,-14.0,4,9.489999771118164,-1.7598351861205064,21,6.152127701904009,16,-31.922524700268163,16,2.3732395090686254,8,52.083335243738695,5,104.96759258210302,6,234.1549316171001,5,161.43249233973606,4,15.73170721779118,2026-08-14,1.5703209444893875,-1.7598351861205064,15.797156396355508,-41.27475333709295,2026-08-14,2008-07-16,16.15999984741211,21.016979217529297,-41.27475333709295,-54.84603342423734,2026-08-14,9.65999984741211,-6.941645970941712,-4.527161250119328,6,10.050749986171722,False,2026-08-14,9.790299978256224,False,2026-07-17,-2.1223117693426774,1.7530466621137109,-35.71549122793872,2.211351777968428
2026-08-14,2026-08-07,LITHIUM,1772.HK,Ganfeng Lithium,22,20,18.0,-4.0,4,39.58000183105469,-1.835312176018,22,4.653628107964614,20,-48.664069242050815,24,-37.472350224166206,24,-31.16521420686141,22,21.262262779352948,14,95.9405957234979,11,82.81756364179374,10,-26.83918124325288,2026-08-14,0.8504902563543685,-1.835312176018,17.39570130026165,-55.52808783027563,2026-08-14,2018-10-11,89.0,128.0000457763672,-55.52808783027563,-69.07813462800934,2026-08-14,40.31999969482422,-4.182873177732893,-3.7451292335417663,6,58.50464998245239,False,2026-08-14,58.97470001220703,False,2026-07-17,-2.197788759240172,0.2545470681743156,-52.45703576972137,-40.359536683075625
2026-08-14,2026-08-07,LITHIUM,ABAT.O,American Battery Technology,23,18,2.0,-21.0,4,2.490000009536743,-4.597696949511787,23,5.508479670319644,18,-27.192983801479585,13,-31.967214449624738,21,-30.83333123613281,21,-8.455882965229355,21,57.594933031919936,16,80.43478392322783,11,-32.70270331224617,2026-08-14,0.3894602899022432,-4.597696949511787,5.978160853141333,-78.022947693699,2026-08-14,2016-02-24,11.329999923706056,61.125,-78.022947693699,-95.92638035249612,2026-08-14,2.6099998950958248,-6.390980105583576,-6.390980105583576,6,3.453974996805191,False,2026-08-14,3.8474249958992006,False,2026-07-17,-4.9601735327339584,1.1093986305293455,-30.985950329150143,-46.22305875206892
2026-08-14,2026-08-07,LITHIUM,CRML.O,Critical Metals,24,16,1.0,-23.0,4,6.6599998474121085,-8.137933139143328,24,4.062496065162158,21,-42.58621010003552,23,-28.617364395790588,19,-26.813191557949555,18,13.846153093748036,17,375.7142829165166,1,78.55227381651379,12,-17.980296289701847,2026-08-14,0.7754894206738729,-8.137933139143328,-3.872468776360116,-77.77777777777779,2026-08-14,2022-02-07,29.96999931335449,29.96999931335449,-77.77777777777779,-77.77777777777779,2026-08-14,7.25,-9.2413803626751,-8.137933139143328,6,9.965699999332427,False,2026-08-14,10.841650006771088,False,2026-07-17,-8.5004097223655,-0.3365849746281402,-46.37917662770607,-31.5006517295246
2026-08-14,2026-08-07,LITHIUM,LTBR.O,Lightbridge,25,25,9.0,-16.0,4,8.449999809265137,-10.770859862749449,25,16.07142260628571,6,-34.138738429358604,20,-36.03330972851037,23,-52.68757267361144,26,-48.1595079461552,26,-24.88889058430989,25,-37.68436911667889,24,-40.11339465011,2026-08-14,0.599810139960715,-10.770859862749449,-5.8124269237741615,-69.51659444957406,2026-08-14,2000-11-10,27.71999931335449,4050.0,-69.51659444957406,-99.79135802940084,2026-08-14,9.470000267028809,-10.770859862749449,-10.770859862749449,6,12.965574986934662,False,2026-08-14,14.47982498884201,False,2026-07-17,-11.13333644597162,11.672341566495414,-37.93170495702916,-53.633750089932754
2026-08-14,2026-08-07,LITHIUM,INR.AX,Ioneer Ltd,26,26,25.0,-1.0,4,0.1049999967217445,-12.500000776102135,26,-12.500000776102135,25,-34.37500058207665,21,-25.000002660921627,17,-38.2352966957026,23,-16.000002622604402,23,-25.000002660921627,26,-38.2352966957026,25,-47.50000242143867,2026-08-14,1.6580891148827592,-12.500000776102135,-33.76071408586263,-61.1111138705853,2026-08-14,2007-12-19,0.270000010728836,0.8500000238418579,-61.1111138705853,-87.64705955569718,2026-08-14,0.1199999973177909,-12.500000776102135,-12.500000776102135,6,0.1517500008642673,False,2026-08-14,0.1612500008940696,False,2026-07-17,-12.86247735932431,-16.899081815892437,-38.16796710974721,-61.020357861261424
2026-08-21,2026-08-14,LITHIUM,AVL.TO,Avalon Advanced Materials,1,15,3.0,2.0,4,8.300000190734863,45.614043306519456,1,38.333336512247726,2,-23.148140953073938,14,-38.51851710566768,24,-2.923965715014876,15,2.469133331433837,21,53.70371809385215,18,53.70371809385215,18,-16.161611004515773,2026-08-21,9.199944799421589,45.614043306519456,12.82506994624186,-65.84362222285539,2026-08-21,1984-05-31,24.30000114440918,7740.0,-65.84362222285539,-99.89276485541686,2026-08-21,5.699999809265137,-29.66101646971272,-29.66101646971272,6,10.6669495844841,False,2026-08-21,11.51614956855774,False,2026-07-24,47.04472768146379,34.79325494955905,-26.21903128666337,-28.0578484566797
2026-08-21,2026-08-14,LITHIUM,SQM,Sociedad Quimica y Minera ADR,2,3,11.0,9.0,4,81.95999908447266,10.279870049811768,2,19.249228984948672,10,3.367383198531959,2,12.166414981219908,5,37.6553540883444,4,81.12706979993958,8,144.656713684993,9,106.60449424631696,9,17.539072334381256,2026-08-21,0.9949652852335408,10.279870049811768,38.702190100517306,-14.00692352962649,2026-08-21,1993-09-21,95.30999755859376,113.5199966430664,-14.00692352962649,-27.801267170422683,2026-08-21,74.31999969482422,-0.8388778511560946,0.0,6,74.71140007019044,True,2026-08-21,71.99655006408692,False,2026-07-24,11.710554424756104,15.709147422259992,0.2964928649425324,5.642834882217329
2026-08-21,2026-08-14,LITHIUM,CXO.AX,Core Lithium,3,1,1.0,-2.0,4,0.3799999952316284,7.042255412962417,3,58.33333488553771,1,24.59015944926093,1,80.95238433132926,1,72.7272714957718,2,192.3076993614968,1,322.22220014642915,2,336.7816162827563,1,38.18181345285476,2026-08-21,1.2872652669962663,7.042255412962417,52.08146593512751,0.0,2026-08-21,2011-02-11,0.3799999952316284,1.8650000095367432,0.0,-79.62466523922332,2026-08-21,0.3549999892711639,-1.3333320617675892,0.0,6,0.2661999984830618,True,2026-08-21,0.2473749985545873,False,2026-07-24,8.472939787906753,54.79325332284903,21.519269115671506,26.285576000690835
2026-08-21,2026-08-14,LITHIUM,CRML.O,Critical Metals,4,10,24.0,20.0,4,7.110000133514404,6.756761207391815,4,22.37521864953642,9,-36.17594331784654,23,-31.03782886384464,20,-0.2805046368233088,14,21.12436579438228,16,377.1812139601918,1,166.2921322228326,4,-12.438420766986702,2026-08-21,1.2675846318485535,6.756761207391815,3.1259709136680143,-76.27627528724626,2026-08-21,2022-02-07,29.96999931335449,29.96999931335449,-76.27627528724626,-76.27627528724626,2026-08-21,6.6599998474121085,-12.91290805376546,0.0,6,9.822975001335143,False,2026-08-21,10.791750004291536,False,2026-07-24,8.18744558233615,18.83513708684774,-39.24683365143596,-24.33465821915063
2026-08-21,2026-08-14,LITHIUM,EMH.AX,European Metals Holdings,5,14,16.0,11.0,4,0.2599999904632568,6.12244302160998,5,10.63829409477126,19,-23.529415373983632,16,-11.864406094746949,12,18.18181448731535,12,36.84210196096145,13,23.80952313373419,20,92.59257787539694,12,-27.77778329672616,2026-08-21,1.1292119438019323,6.12244302160998,69.27514087161917,-40.909092756342325,2026-08-21,2012-07-19,0.4399999976158142,2.150000095367432,-40.909092756342325,-87.90697772416503,2026-08-21,0.2450000047683715,-17.46031986312505,-17.46031986312505,6,0.2986250007152557,False,2026-08-21,0.2960500007867813,False,2026-07-24,7.5531273965543155,7.098212532082582,-26.600305707573057,-39.67402074889009
2026-08-21,2026-08-14,LITHIUM,IGO.AX,IGO Limited,6,6,7.0,1.0,4,8.359999656677246,5.956904919454731,6,27.43902026826888,4,-7.828005094114077,4,3.980095725653056,6,29.211745406093925,8,58.0340211146019,11,105.40538830652402,12,86.6071343992134,13,1.8270355399916616,2026-08-21,0.7546859520055719,5.956904919454731,44.78308182556041,-16.650051054380643,2026-08-21,2002-01-17,10.029999732971191,16.393840789794922,-16.650051054380643,-49.00524066403462,2026-08-21,7.889999866485595,-3.0674789553907567,0.0,6,7.857399983406067,True,2026-08-21,7.644199993610382,False,2026-07-24,7.387589294399066,23.8989387055802,-10.898895427703504,-10.069201912172264
2026-08-21,2026-08-14,LITHIUM,DLI.AX,Delta Lithium,7,17,14.0,7.0,4,0.1850000023841857,5.7142888769812,7,12.121209110876618,18,-9.756095610793892,6,-21.27659453046221,15,-17.77777453999455,17,12.121209110876618,18,0.0,22,5.7142888769812,19,-17.77777453999455,2026-08-21,0.3150069700084015,5.7142888769812,20.05068902547823,-43.07692025540134,2026-08-21,2017-11-03,0.324999988079071,0.9354239702224731,-43.07692025540134,-80.22287131040838,2026-08-21,0.1749999970197677,-5.405408235428666,0.0,6,0.2103374999761581,False,2026-08-21,0.2107624997198581,False,2026-07-24,7.144973251925535,8.58112754818794,-12.82698594438332,-29.67401199215848
2026-08-21,2026-08-14,LITHIUM,ALB,Albermale,8,8,10.0,2.0,4,143.25,5.214841294017103,8,24.7279076214165,5,-15.685694440178455,8,-19.304868999362306,14,22.624550910991648,10,81.46693130181784,7,153.8093612429858,8,76.41626278792748,17,-0.4724468216384947,2026-08-21,0.8304850503134373,5.214841294017103,27.6722430487878,-33.563675334402575,2026-08-21,1994-02-22,215.6199951171875,325.3800048828125,-33.563675334402575,-55.97455349120413,2026-08-21,136.14999389648438,-2.5266157450088644,0.0,6,155.00069988250732,False,2026-08-21,151.92559986114503,False,2026-07-24,6.645525668961438,21.18782605872782,-18.756584773767884,-12.368684273802424
2026-08-21,2026-08-14,LITHIUM,INR.AX,Ioneer Ltd,9,22,26.0,17.0,4,0.1099999994039535,4.761907465063331,9,-4.347828340440207,25,-26.666669978035685,19,-18.51852219781745,13,-33.333336343668826,21,-8.333331781128994,23,-12.000000476837204,23,-31.249998835846792,25,-45.0000011175871,2026-08-21,0.5210622584417526,4.761907465063331,-22.41609493117997,-59.25926109890873,2026-08-21,2007-12-19,0.270000010728836,0.8500000238418579,-59.25926109890873,-87.05882396252508,2026-08-21,0.1049999967217445,-4.347828340440207,-4.347828340440207,6,0.1500750007107853,False,2026-08-21,0.1597500008717179,False,2026-07-24,6.192591840007666,-7.887909903128887,-29.73756031162511,-56.89623856975102
2026-08-21,2026-08-14,LITHIUM,SLI,Standard Lithium,10,19,19.0,9.0,4,2.4800000190734863,4.2016764631988,10,16.981139289989432,13,-32.42506900496169,22,-44.64285695279131,26,-34.39153339036457,22,-10.144926534683552,24,54.03726689678749,17,77.14286152197398,16,-48.11715668998014,2026-08-21,0.9067011450509204,4.2016764631988,17.026376302413468,-56.1061950935736,2026-08-21,2017-06-20,5.650000095367432,12.369999885559082,-56.1061950935736,-79.95149521408909,2026-08-21,2.380000114440918,-5.4621894197453,0.0,6,3.7632500058412552,False,2026-08-21,3.9716000068187713,False,2026-07-24,5.632360838143136,13.441057727300752,-35.49595933855112,-60.01339414214407
2026-08-21,2026-08-14,LITHIUM,PMET.TO,PMET Resources Inc,11,13,13.0,2.0,4,5.050000190734863,4.123717320308828,11,15.82568890116709,15,-23.018289103900123,12,-5.607471387764607,11,10.2620147348931,13,32.545938755334845,14,135.9813057561038,10,97.26563685981118,11,-8.844761272421886,2026-08-21,0.6433439630096353,4.123717320308828,8.183107637446087,-34.585487979534044,2026-08-21,2010-03-15,7.71999979019165,493.5,-34.585487979534044,-98.97669702315405,2026-08-21,4.849999904632568,-5.241940058108763,0.0,6,5.386649997234344,False,2026-08-21,5.310849997997284,False,2026-07-24,5.554401695253164,12.28560733847841,-26.08917943748955,-20.74099872458581
2026-08-21,2026-08-14,LITHIUM,PLS.AX,Pilbara Minerals,12,4,6.0,-6.0,4,5.070000171661377,4.106782151994537,12,22.46377621179125,8,-17.694800369332054,9,16.018313602604128,4,30.000001222659336,7,129.41176851347203,4,271.42858140946424,6,143.75001719364815,8,17.633416217442168,2026-08-21,0.8198454768121545,4.106782151994537,23.88677205709414,-24.77744296984946,2026-08-21,2007-09-19,6.739999771118164,6.739999771118164,-24.77744296984946,-24.77744296984946,2026-08-21,4.869999885559082,-6.48329889613607,-0.3929269219441034,6,4.889350016117096,True,2026-08-21,4.726650016307831,False,2026-07-24,5.537466526938872,18.92369464910257,-20.76569070292148,5.737178765278241
2026-08-21,2026-08-14,LITHIUM,ATLX.O,Atlas Lithium,13,21,12.0,-1.0,4,3.3199999332427974,3.426787968492495,13,18.99641500488627,11,-24.37357553041076,17,-33.46693215380952,21,-31.827515169198872,20,-31.191708508099524,25,-14.432993935073968,24,-38.91444400742902,26,-24.20091674662943,2026-08-21,0.4248483617632013,3.426787968492495,14.260145035544426,-55.43624136588696,2026-08-21,2013-02-28,7.449999809265136,412500.0,-55.43624136588696,-99.99919515153134,2026-08-21,3.2100000381469727,-6.23053100644726,0.0,6,4.400625011920929,False,2026-08-21,4.6830500066280365,False,2026-07-24,4.857472343436831,15.45633344219759,-27.444465864000183,-36.09715419879336
2026-08-21,2026-08-14,LITHIUM,ABAT.O,American Battery Technology,14,16,23.0,9.0,4,2.5699999332427974,3.2128483293033305,14,16.289587732209966,14,-19.93769773515724,10,-28.011205005588145,18,-23.73887179475571,19,5.761311219732712,20,94.6969569030439,15,159.5697268372359,6,-30.54054323994737,2026-08-21,0.5461310354269819,3.2128483293033305,14.458238352282224,-77.3168583358459,2026-08-21,2016-02-24,11.329999923706056,61.125,-77.3168583358459,-95.79550113170912,2026-08-21,2.490000009536743,-6.425706233650019,0.0,6,3.3895749962329864,False,2026-08-21,3.77927499294281,False,2026-07-24,4.643532704247666,12.749506169521286,-23.00858806874666,-42.4367806921113
2026-08-21,2026-08-14,LITHIUM,GLN.AX,Galan Lithium,15,2,2.0,-13.0,4,0.3799999952316284,2.7027000903735443,15,31.03448488482689,3,-11.627909555636284,7,1.333332061767578,8,65.21738623400954,3,181.4814667642859,2,279.9999895691874,3,216.6666697710756,2,13.432831571956829,2026-08-21,1.091764359745082,2.7027000903735443,21.46902834457122,-30.27523236788029,2026-08-21,2011-06-08,0.5450000166893005,2.1742498874664307,-30.27523236788029,-82.52270829483966,2026-08-21,0.3700000047683715,-5.194800369332064,-1.298700092333005,6,0.3544249999523163,True,2026-08-21,0.3372749996185302,False,2026-07-24,4.13338446531788,27.49440332213821,-14.698799889225713,1.5365941197929
2026-08-21,2026-08-14,LITHIUM,1772.HK,Ganfeng Lithium,16,19,22.0,6.0,4,40.59999847412109,2.5770505201596627,16,5.784255717100928,24,-40.02954164804397,25,-38.94737071560739,25,-20.235761774036543,18,30.044841021999204,15,104.43100315394398,13,83.29570732884295,14,-24.95378998292905,2026-08-21,0.896247607096457,2.5770505201596627,16.605597024863204,-54.3820241863808,2026-08-21,2018-10-11,89.0,128.0000457763672,-54.3820241863808,-68.28126253559738,2026-08-21,39.58000183105469,-6.836331220783021,0.0,6,58.34145002365112,False,2026-08-21,58.98550003051758,False,2026-07-24,4.007734895103998,2.2441741544122484,-43.10043198163339,-36.85002743509298
2026-08-21,2026-08-14,LITHIUM,LIT,Global X Lithium & Battery Tech ETF,17,11,17.0,0.0,4,76.61000061035155,1.8343708518401505,17,12.977441923890098,17,-9.208339530671983,5,3.835730384762215,7,27.069164781885213,9,70.05549813045955,10,102.29734029870676,14,79.87790640028092,15,15.60284365634863,2026-08-21,0.53402916172526,1.8343708518401505,35.89876943945875,-16.382887673282088,2026-08-21,2010-07-23,91.62000274658205,96.30999755859376,-16.382887673282088,-20.454778784785034,2026-08-21,75.2300033569336,-2.9118589754815627,0.0,6,73.46599983215332,True,2026-08-21,72.0979497718811,False,2026-07-24,3.2650552267844857,9.437360361201415,-12.27922986426141,3.706606204184704
2026-08-21,2026-08-14,LITHIUM,MIN.AX,Mineral Resources,18,5,15.0,-3.0,4,66.29000091552734,0.4546189747984819,18,23.81397045569032,7,-4.288191061359347,3,23.21561683194775,3,35.72891217940513,6,79.79387804701152,9,181.96512237414032,7,144.34206769674748,7,19.57071168394877,2026-08-21,0.7526713699235761,0.4546189747984819,61.15610802514402,-10.81662951361354,2026-08-21,2006-07-28,74.33000183105469,96.27999877929688,-10.81662951361354,-31.148731038640488,2026-08-21,65.98999786376953,-3.839277260157148,-1.3541608244651115,6,58.85170000076294,True,2026-08-21,57.03915008544922,False,2026-07-24,1.885303349742817,20.27388889300164,-7.359081394948774,7.674474231784846
2026-08-21,2026-08-14,LITHIUM,SGML.O,Sigma Lithium,19,12,8.0,-11.0,4,11.970000267028809,-0.1668015385415722,19,24.29906671630131,6,-23.02250726555696,13,-3.85541806899562,9,21.52284064422294,11,101.17648152508396,6,118.03280083909446,11,2.923475057972813,21,-15.763545145002457,2026-08-21,0.7104157061976079,-0.1668015385415722,4.749420375717825,-49.38689023212475,2026-08-21,2018-07-03,23.64999961853028,42.400001525878906,-49.38689023212475,-71.76886831071715,2026-08-21,11.989999771118164,-10.50875940729339,-0.1668015385415722,6,13.12794997215271,False,2026-08-21,12.6761749792099,False,2026-07-24,1.2638828364027632,20.75898515361263,-26.093397599146385,-27.659782597166384
2026-08-21,2026-08-14,LITHIUM,LTR.AX,Liontown Resources,20,18,5.0,-15.0,4,1.2699999809265137,-0.3921564960883028,20,7.172999346109354,22,-43.55555640326606,26,-23.95209499624348,16,-13.605445155861684,16,47.67441393040923,12,93.8931353282114,16,106.50405873703286,10,-21.60493967973174,2026-08-21,1.2493260922195069,-0.3921564960883028,15.729856029037654,-51.89394202798295,2026-08-21,2006-12-27,2.640000104904175,3.150000095367432,-51.89394202798295,-59.68254150867337,2026-08-21,1.274999976158142,-11.538460127700668,-2.307690191550993,6,1.7467000034451483,False,2026-08-21,1.741825003027916,False,2026-07-24,1.0385278788560326,3.632917783420675,-46.626446736855485,-33.501177131895666
2026-08-21,2026-08-14,LITHIUM,LAR.TO,Lithium Argentina AG,21,9,21.0,0.0,4,9.420000076293944,-0.7376153478660497,21,13.905677809856476,16,-28.201218304412134,21,-4.073315997566674,10,36.71988764636702,5,116.05504100526014,5,276.80000305175776,5,169.1428593226841,3,14.878052383005368,2026-08-21,1.2852754799153467,-0.7376153478660497,17.202448896416584,-41.70791976955075,2026-08-21,2008-07-16,16.15999984741211,21.016979217529297,-41.70791976955075,-55.17909601187046,2026-08-21,9.489999771118164,-12.855630587762857,-0.7376153478660497,6,10.126899988651276,False,2026-08-21,9.85839998483658,False,2026-07-24,0.6930690270782858,10.365596247167796,-31.27210863800156,2.981814930841441
2026-08-21,2026-08-14,LITHIUM,ELV.AX,Elevra Lithium,22,7,4.0,-18.0,4,9.079999923706056,-1.30434660920572,22,17.161289338142648,12,-25.69558326275077,18,25.068865529561137,2,84.55284111592303,1,142.13333129882812,3,278.33331512080366,4,163.18839994805933,5,14.646462578759412,2026-08-21,0.6421076049573264,-1.30434660920572,18.449935960771946,-34.20290001298517,2026-08-21,2004-03-30,13.800000190734863,256.91192626953125,-34.20290001298517,-96.46571490255378,2026-08-21,9.199999809265137,-7.608693736712702,-1.30434660920572,6,8.730850021839142,True,2026-08-21,8.330550014972687,False,2026-07-24,0.1263377657386155,13.621207775453968,-28.76647359634019,2.7502251265954847
2026-08-21,2026-08-14,LITHIUM,LI.V,American Lithium,23,25,18.0,-5.0,4,0.4300000071525573,-2.27272511760066,23,-4.444440323629384,26,-23.21428476395655,15,-37.68115816835446,23,-36.76470549564461,25,6.172840959723058,19,24.63768366329109,19,-4.444440323629384,22,-37.68115816835446,2026-08-21,0.4629894089558676,-2.27272511760066,-44.1743495501666,-63.24786128847315,2026-08-21,1985-02-11,1.1699999570846558,1050.0,-63.24786128847315,-99.95904761836644,2026-08-21,0.4399999976158142,-5.555550404536735,-4.444440323629384,6,0.6097374995052814,False,2026-08-21,0.6505124992132187,False,2026-07-24,-0.8420407426563248,-7.984521886318063,-26.285175097545974,-49.57739562051839
2026-08-21,2026-08-14,LITHIUM,LTBR.O,Lightbridge,24,26,25.0,1.0,4,8.220000267028809,-2.721888135241634,24,9.600003560384106,20,-27.95792833517715,20,-34.1346108290334,22,-41.36947219229992,26,-42.1940920346668,26,-19.174039278628364,26,-27.385154694066006,24,-41.74344105572764,2026-08-21,0.6826499293015832,-2.721888135241634,-15.640723609912092,-70.34631864846868,2026-08-21,2000-11-10,27.71999931335449,4050.0,-70.34631864846868,-99.79703703044372,2026-08-21,8.449999809265137,-8.875739845315167,-2.721888135241634,6,12.514974989891051,False,2026-08-21,14.14322499513626,False,2026-07-24,-1.2912037602972992,6.059921997695427,-31.028818668766576,-53.63967850789156
2026-08-21,2026-08-14,LITHIUM,VULG.DE,Vulcan Energy Resources,25,23,20.0,-5.0,4,1.7039999961853027,-5.01672418592316,25,5.970146376845764,23,-22.2627707851085,11,-26.804126034120067,17,-35.7142696523804,24,0.2250370965888315,22,-16.12142200427614,25,-20.755947494492776,23,-33.54133898446141,2026-08-21,0.8474856701540506,-5.01672418592316,-8.157516202719643,-49.78865072631269,2026-08-21,2022-02-15,3.3936550617218018,6.09117603302002,-49.78865072631269,-72.02510669617843,2026-08-21,1.7940000295639038,-7.134895143337872,-5.01672418592316,6,2.21887724339962,False,2026-08-21,2.353861057162285,False,2026-07-24,-3.586039810978825,2.4300648141570846,-25.333661118697925,-45.437576436625335
2026-08-21,2026-08-14,LITHIUM,LAC.TO,Lithium Americas,26,24,9.0,-17.0,4,4.329999923706056,-7.872338310093085,26,8.521301086633027,21,-36.97234358318072,24,-30.83067467428061,19,-34.984984640974524,23,13.94736784316828,17,13.648293667614976,21,3.095240960586243,20,-33.893132860805906,2026-08-21,0.8243707825907067,-7.872338310093085,-9.46741970310095,-69.31254408885135,2026-08-21,2023-10-04,14.109999656677246,16.010000228881836,-69.31254408885135,-72.95440436100186,2026-08-21,4.699999809265137,-12.978716626216668,-7.872338310093085,6,6.311300010681152,False,2026-08-21,6.81030001282692,False,2026-07-24,-6.44165393514875,4.981219523944348,-40.04323391677015,-45.78937031296984
2026-08-28,2026-08-21,LITHIUM,AVL.TO,Avalon Advanced Materials,1,6,1.0,0.0,4,10.350000381469728,24.6987969111524,1,120.212783010474,1,-4.166656364628574,2,-17.857136099246308,12,-4.166656364628574,13,35.294120946969954,14,130.0000084771051,11,91.6666872707429,14,4.545462427060798,2026-08-28,4.767114957858319,24.6987969111524,30.718183128672223,-57.40740784347245,2026-08-28,1984-05-31,24.30000114440918,7740.0,-57.40740784347245,-99.86627906483888,2026-08-28,8.300000190734863,-3.4939753637204585,-0.8620613269245792,6,10.600349605083466,False,2026-08-28,11.225949556827546,False,2026-07-31,24.211595383645125,117.24819228596076,-6.125106012582771,-7.89593520319325
2026-08-28,2026-08-21,LITHIUM,LI.V,American Lithium,2,17,23.0,21.0,4,0.4600000083446502,6.9767443472272594,2,19.48052460758469,11,-17.857141716747872,8,-34.285711974513745,21,-36.98630187318614,22,-5.15464025218294,22,31.42857605097252,19,10.843377733528303,20,-33.33333189360762,2026-08-28,1.2527777829983893,6.9767443472272594,-24.54583566430961,-60.683758528431575,2026-08-28,1985-02-11,1.1699999570846558,1050.0,-60.683758528431575,-99.95619047539574,2026-08-28,0.4300000071525573,-6.122449103716465,-6.122449103716465,6,0.6059874993562698,False,2026-08-28,0.6341874997317791,False,2026-07-31,6.4895428197199845,16.51593388307146,-19.81559136470207,-45.77472952386167
2026-08-28,2026-08-21,LITHIUM,PLS.AX,Pilbara Minerals,3,2,12.0,9.0,4,5.360000133514404,5.719920158464165,3,29.15662675520593,4,-14.920635377168344,7,4.077670568120451,3,32.345676076174314,5,133.043488897313,2,306.0606000399351,2,182.1052737249233,7,24.36195370475372,2026-08-28,0.9219516864863228,5.719920158464165,23.22001405289373,-20.47477276656967,2026-08-28,2007-09-19,6.739999771118164,6.739999771118164,-20.47477276656967,-20.47477276656967,2026-08-28,5.070000171661377,-6.032905600796967,-2.0109627220550985,6,4.941650013923645,True,2026-08-28,4.76385001540184,False,2026-07-31,5.23271863095689,26.192036030692712,-16.879085025122542,11.920556074499665
2026-08-28,2026-08-21,LITHIUM,SLI,Standard Lithium,4,19,10.0,6.0,4,2.549999952316284,2.822577931630388,4,24.99999999999998,5,-35.92964974633581,23,-45.97457487995472,26,-39.1408134250029,23,-13.26530943243891,24,40.109883451962936,18,96.15384968074834,13,-46.65272300440915,2026-08-28,0.9805485297379346,2.822577931630388,30.889914828875643,-54.867258242931904,2026-08-28,2017-06-20,5.650000095367432,12.369999885559082,-54.867258242931904,-79.3856105423801,2026-08-28,2.4800000190734863,-3.409096553469926,-3.409096553469926,6,3.7437000066041946,False,2026-08-28,3.908200004696846,False,2026-07-31,2.335376404123113,22.03540927548675,-37.88809939429001,-59.0941206346632
2026-08-28,2026-08-21,LITHIUM,IGO.AX,IGO Limited,5,3,6.0,1.0,4,8.579999923706055,2.631582249564945,5,24.89083066422515,6,-7.243244068042653,4,3.3734906811658805,5,26.7355974575916,6,68.23529576760265,9,109.26829568975252,14,115.5778864971818,10,4.50669773252026,2026-08-28,0.8072210613884391,2.631582249564945,46.23073124860954,-14.456628592906284,2026-08-28,2002-01-17,10.029999732971191,16.393840789794922,-14.456628592906284,-47.66327162914099,2026-08-28,8.359999656677246,-6.613464619228426,-2.166482601371112,6,7.934499983787536,True,2026-08-28,7.68154999256134,False,2026-07-31,2.1443807220576705,21.92623993971192,-9.20169371599685,-7.934699897733789
2026-08-28,2026-08-21,LITHIUM,SGML.O,Sigma Lithium,6,9,19.0,13.0,4,12.260000228881836,2.422723102620372,6,24.21479605911234,7,-22.69860974605865,13,-12.553496229789518,9,8.399644332615619,10,88.90601943379663,6,131.7580400243953,10,8.399644332615619,21,-13.722729092402052,2026-08-28,0.7523856015971947,2.422723102620372,22.399060826498363,-48.16067472882381,2026-08-28,2018-07-03,23.64999961853028,42.400001525878906,-48.16067472882381,-71.08490616114972,2026-08-28,11.970000267028809,-2.775570478386802,-2.775570478386802,6,13.304749970436095,False,2026-08-28,12.743524975776673,False,2026-07-31,1.9355215751130967,21.25020533459912,-24.657059394012848,-26.1641267226561
2026-08-28,2026-08-21,LITHIUM,1772.HK,Ganfeng Lithium,7,16,16.0,9.0,4,41.34000015258789,1.822664301178456,7,12.275938335760085,18,-35.85725041106398,22,-37.694045059078654,22,-15.59820224796109,15,37.43351149415339,12,117.57894817151522,13,89.1990820633898,15,-23.58594950356049,2026-08-28,1.0926077455319845,1.822664301178456,35.623477351871536,-53.550561626305736,2026-08-28,2018-10-11,89.0,128.0000457763672,-53.550561626305736,-67.70313643104919,2026-08-28,40.59999847412109,-4.790983625650103,-2.9121691525208715,6,58.11755002975464,False,2026-08-28,58.84900001525879,False,2026-07-31,1.335462773671181,9.311347611246855,-37.81570005901818,-36.02734713381454
2026-08-28,2026-08-21,LITHIUM,LAR.TO,Lithium Argentina AG,8,8,21.0,13.0,4,9.569999694824215,1.5923526254289166,8,14.6107695523213,16,-32.98319416121572,20,-13.000002774325305,10,23.96372998588696,7,103.61702304665674,5,289.024371805821,4,203.80950492345696,4,16.707316066167756,2026-08-28,0.9060056459750986,1.5923526254289166,19.64645908291788,-40.77970429958405,2026-08-28,2008-07-16,16.15999984741211,21.016979217529297,-40.77970429958405,-54.46538917047451,2026-08-28,9.420000076293944,-1.3800436665395543,-0.104386523606248,6,10.22394998550415,False,2026-08-28,9.892499988079072,False,2026-07-31,1.1051510979216417,11.646178827808074,-34.94164380916992,4.265918435913708
2026-08-28,2026-08-21,LITHIUM,CRML.O,Critical Metals,9,11,4.0,-5.0,4,7.119999885559082,0.1406434860323324,9,29.6903494061336,3,-38.67355645041588,24,-34.195932658251785,20,-13.487238376876354,14,10.216715843881442,17,401.408457798609,1,272.77486963278113,2,-12.315271109528435,2026-08-28,1.9906792363405736,0.1406434860323324,2.0926516430342628,-76.24290941379354,2026-08-28,2022-02-07,29.96999931335449,29.96999931335449,-76.24290941379354,-76.24290941379354,2026-08-28,7.110000133514404,-12.098770984660446,-12.098770984660446,6,9.74897500514984,False,2026-08-28,10.557249999046324,False,2026-07-31,-0.3465580414749425,26.72575868162037,-40.63200609837008,-24.756668739782484
2026-08-28,2026-08-21,LITHIUM,ABAT.O,American Battery Technology,10,15,14.0,4.0,4,2.5699999332427974,0.0,10,22.96650903281334,9,-32.18997469366044,18,-31.09919785251978,19,-31.28342442006754,18,1.9841251069335544,19,88.97058133899552,17,156.99999332427973,8,-30.54054323994737,2026-08-28,0.7016578069092062,0.0,25.126948388820587,-77.3168583358459,2026-08-28,2016-02-24,11.329999923706056,61.125,-77.3168583358459,-95.79550113170912,2026-08-28,2.5699999332427974,-6.614779855689001,-3.92523442785736,6,3.352199994325638,False,2026-08-28,3.663674992322922,False,2026-07-31,-0.4872015275072749,20.001918308300112,-34.14842434161464,-42.98194087020142
2026-08-28,2026-08-21,LITHIUM,INR.AX,Ioneer Ltd,11,21,9.0,-2.0,4,0.1099999994039535,0.0,10,-4.347828340440207,25,-18.51852219781745,9,-21.42857218883476,13,-35.29411867828105,19,-4.347828340440207,21,-15.384612739438774,24,-24.137929262644285,24,-45.0000011175871,2026-08-28,0.256050333863597,0.0,-23.7161784907376,-59.25926109890873,2026-08-28,2007-12-19,0.270000010728836,0.8500000238418579,-59.25926109890873,-87.05882396252508,2026-08-28,0.1099999994039535,-4.347828340440207,-4.347828340440207,6,0.148750000745058,False,2026-08-28,0.1565500009059905,False,2026-07-31,-0.4872015275072749,-7.312419064953435,-20.47697184577165,-57.44139874784115
2026-08-28,2026-08-21,LITHIUM,LIT,Global X Lithium & Battery Tech ETF,12,12,17.0,5.0,4,76.06999969482422,-0.7048700055151347,12,9.89598144079824,21,-13.062857491629464,6,1.1300165651780825,7,19.87078599475897,9,62.75138417436088,10,106.09590899296028,15,86.72065920662729,16,14.787993885892492,2026-08-28,1.1963403689530905,-0.7048700055151347,49.04344546879293,-16.972279617551024,2026-08-28,2010-07-23,91.62000274658205,96.30999755859376,-16.972279617551024,-21.01546918995174,2026-08-28,76.61000061035155,-1.440997829341628,-1.3743000082199197,6,73.86234979629516,True,2026-08-28,72.35619976043701,False,2026-07-31,-1.1920715330224096,6.931390716285014,-15.021307139583662,2.346596255638444
2026-08-28,2026-08-21,LITHIUM,LAC.TO,Lithium Americas,13,24,26.0,13.0,4,4.28000020980835,-1.1547278239882997,13,6.733166222332154,23,-39.971947529990246,25,-38.76966595202486,23,-45.75411556103397,25,5.159705879355059,18,11.749354962567637,21,11.45834128838048,19,-34.65648724922916,2026-08-28,0.5153325976412717,-1.1547278239882997,-14.411442196002392,-69.66690068073153,2026-08-28,2023-10-04,14.109999656677246,16.010000228881836,-69.66690068073153,-73.26670737900875,2026-08-28,4.329999923706056,-4.677050601664446,-4.677050601664446,6,6.251750011444091,False,2026-08-28,6.608750014305115,False,2026-07-31,-1.6419293514955746,3.768575497818927,-41.93039717794444,-47.0978848794832
2026-08-28,2026-08-21,LITHIUM,VULG.DE,Vulcan Energy Resources,14,23,25.0,11.0,4,1.6840000152587893,-1.1737078034792736,14,7.810497835382213,22,-24.2124165870239,14,-24.88849518749675,16,-40.69921483975448,24,-11.725050188261433,23,-13.321736483994806,23,-12.492658637694632,23,-34.32136947488863,2026-08-28,0.8110626687027674,-1.1737078034792736,-1.990859660363407,-50.37798525097019,2026-08-28,2022-02-15,3.3936550617218018,6.09117603302002,-50.37798525097019,-72.35345020190037,2026-08-28,1.7039999961853027,-4.764665894657783,-2.1499094605076485,6,2.18565997004509,False,2026-08-28,2.315288381576538,False,2026-07-31,-1.6609093309865486,4.8459071108689855,-26.170866234978096,-46.76276710514267
2026-08-28,2026-08-21,LITHIUM,MIN.AX,Mineral Resources,15,4,18.0,3.0,4,65.45999908447266,-1.252076964235305,15,12.900999657282552,17,-7.555428129614161,5,9.648238271227804,2,33.374076288346345,4,77.54272031687957,7,191.58127777231203,7,188.2430723179956,6,18.073594346981835,2026-08-28,1.0709046877024884,-1.252076964235305,38.960883040587255,-11.9332739514022,2026-08-28,2006-07-28,74.33000183105469,96.27999877929688,-11.9332739514022,-32.01080191688936,2026-08-28,66.29000091552734,-5.356879925568392,-5.226582635444954,6,59.37320001602173,True,2026-08-28,57.34495008468628,True,2026-07-31,-1.7392784917425796,9.936408932769323,-9.513877777568355,5.632196716727787
2026-08-28,2026-08-21,LITHIUM,PMET.TO,PMET Resources Inc,16,13,11.0,-5.0,4,4.880000114440918,-3.3663380172903934,16,19.31540176968369,12,-28.759121425087383,17,-11.913354728460169,8,-3.9370041785203433,12,22.00000286102295,16,122.8310496317794,12,99.18367426378532,12,-11.913354728460169,2026-08-28,0.9473354243132474,-3.3663380172903934,19.44659391551428,-36.78756156650399,2026-08-28,2010-03-15,7.71999979019165,493.5,-36.78756156650399,-99.01114486029566,2026-08-28,5.050000190734863,-8.614232677953126,-8.614232677953126,6,5.430699998140335,False,2026-08-28,5.312549996376037,False,2026-07-31,-3.853539544797669,16.350811045170467,-30.717571073041583,-24.35475235871421
2026-08-28,2026-08-21,LITHIUM,CXO.AX,Core Lithium,17,1,3.0,-14.0,4,0.3650000095367431,-3.947364706081669,17,52.08334070630392,2,32.72727331839316,1,32.72727331839316,1,62.22223075819626,1,231.81819228593983,1,305.5555500366075,3,319.5402529189577,1,32.72727331839316,2026-08-28,1.2624348507297805,-3.947364706081669,39.431767365071096,-7.594936804365715,2026-08-28,2011-02-11,0.395000010728836,1.8650000095367432,-7.594936804365715,-80.42895401231621,2026-08-28,0.3799999952316284,-7.594936804365715,-7.594936804365715,6,0.2718499986082315,True,2026-08-28,0.2506749984622001,False,2026-07-31,-4.434566233588944,49.118749981790685,30.76882367043896,20.28587568813911
2026-08-28,2026-08-21,LITHIUM,SQM,Sociedad Quimica y Minera ADR,18,7,2.0,-16.0,4,78.62999725341797,-4.062959819731815,18,17.25320625715043,13,-6.448549198745679,3,3.96668003298708,4,22.248130638199083,8,72.13221700549943,8,150.97349966452464,8,104.92572176768525,11,12.76350705294984,2026-08-28,0.9172843654334676,-4.062959819731815,30.184415257086787,-17.500787674369022,2026-08-28,1993-09-21,95.30999755859376,113.5199966430664,-17.500787674369022,-30.734672675643925,2026-08-28,81.95999908447266,-4.919231096421739,-4.494114533398552,6,75.50245004653931,True,2026-08-28,72.61370008468629,False,2026-07-31,-4.55016134723909,14.288615532637204,-8.406998846699876,0.3221094226957923
2026-08-28,2026-08-21,LITHIUM,ALB,Albermale,19,14,8.0,-11.0,4,137.36000061035156,-4.111692418602752,19,16.763006904978226,14,-22.096191637643926,12,-22.90941393162267,15,5.669662901564432,11,61.75224160636312,11,136.62360450585078,9,78.32013863054796,18,-4.564713680094002,2026-08-28,0.7288121116645976,-4.111692418602752,27.484609124966784,-36.295332658876255,2026-08-28,1994-02-22,215.6199951171875,325.3800048828125,-36.295332658876255,-57.784744437562296,2026-08-28,143.25,-7.029673524760039,-4.111692418602752,6,156.05019981384277,False,2026-08-28,152.4940998840332,False,2026-07-31,-4.598893946110027,13.798416180465,-24.054641285598123,-17.00611131034805
2026-08-28,2026-08-21,LITHIUM,ATLX.O,Atlas Lithium,20,25,13.0,-7.0,4,3.150000095367432,-5.120477147399171,20,14.963506730060503,15,-26.05633976235152,15,-43.74999733907831,25,-36.10547251420573,21,-42.2018310897488,25,-21.2499976158142,25,-39.77055288949184,26,-28.08219148255635,2026-08-28,0.3408850104447247,-5.120477147399171,23.12925073462124,-57.71811844276884,2026-08-28,2013-02-28,7.449999809265136,412500.0,-57.71811844276884,-99.99923636361324,2026-08-28,3.3199999332427974,-8.430231308988656,-8.430231308988656,6,4.372350014448166,False,2026-08-28,4.595100005865097,False,2026-07-31,-5.607678674906446,11.998916005547278,-28.01478941030572,-40.5235891128104
2026-08-28,2026-08-21,LITHIUM,GLN.AX,Galan Lithium,21,5,15.0,-6.0,4,0.3600000143051147,-5.263152941442217,21,20.0,10,-19.99999470180922,11,-14.285708203607484,11,35.84906933527547,3,125.00001396983888,3,287.09678039590483,5,227.2727420507385,3,7.462688160516184,2026-08-28,0.8352693825354843,-5.263152941442217,13.366287868057883,-33.94495352642395,2026-08-28,2011-06-08,0.5450000166893005,2.1742498874664307,-33.94495352642395,-83.44256488730424,2026-08-28,0.3799999952316284,-7.692300638503324,-7.692300638503324,6,0.3601249998807907,False,2026-08-28,0.3405249997228384,False,2026-07-31,-5.750354468949492,17.03540927548677,-21.95844434976342,-4.978709469737864
2026-08-28,2026-08-21,LITHIUM,DLI.AX,Delta Lithium,22,22,7.0,-15.0,4,0.1749999970197677,-5.405408235428666,22,2.941173634727145,24,-18.60465390286356,10,-28.57143117804564,17,-20.45454637817118,17,0.0,20,-7.894737254879846,22,6.060600039935093,22,-22.222221486362404,2026-08-28,0.2794170461476673,-5.405408235428666,11.516089099250843,-46.1538450957755,2026-08-28,2017-11-03,0.324999988079071,0.9354239702224731,-46.1538450957755,-81.29190585332688,2026-08-28,0.1850000023841857,-5.405408235428666,-5.405408235428666,6,0.2104749999940395,False,2026-08-28,0.210187499821186,False,2026-07-31,-5.892609762935941,-0.0234170897860819,-20.56310355081775,-34.66361911661645
2026-08-28,2026-08-21,LITHIUM,EMH.AX,European Metals Holdings,23,18,5.0,-18.0,4,0.2450000047683715,-5.769225478877504,23,11.363639134513416,19,-27.94117582607435,16,-22.222220119765623,14,-35.526313725600936,20,36.111108351636936,13,22.50000055879351,20,122.72727826902695,9,-31.944445824181543,2026-08-28,0.3691399249744669,-16.94914723428881,73.03093461125076,-44.31818043274329,2026-08-28,2012-07-19,0.4399999976158142,2.150000095367432,-44.31818043274329,-88.60465144646884,2026-08-28,0.2599999904632568,-10.909091106131063,-10.909091106131063,5,0.2991750007867813,False,2026-08-28,0.2963250007480383,False,2026-07-31,-6.256427006384779,8.399048410000187,-29.899625474028547,-44.38584345443559
2026-08-28,2026-08-21,LITHIUM,LTR.AX,Liontown Resources,24,20,20.0,-4.0,4,1.1950000524520874,-5.905506267780492,24,23.834205692114008,8,-48.71244242139964,26,-30.5232539200796,18,-16.72473170016877,16,35.02825596942208,15,97.52066359967118,16,86.71876236912821,17,-26.23456488057548,2026-08-28,1.6749349786176115,-5.905506267780492,24.54029499705913,-54.73484829670252,2026-08-28,2006-12-27,2.640000104904175,3.150000095367432,-54.73484829670252,-62.06349154688846,2026-08-28,1.2699999809265137,-13.584910209766951,-9.811320041752936,6,1.7481500044465066,False,2026-08-28,1.7426250037550923,False,2026-07-31,-6.392707795287767,20.869614967600786,-50.67089206935383,-38.67596251082952
2026-08-28,2026-08-21,LITHIUM,LTBR.O,Lightbridge,25,26,24.0,-1.0,4,7.550000190734862,-8.150852244876184,25,-8.373781547929205,26,-34.857635104956856,21,-41.74382586024772,24,-53.56703515093333,26,-51.41570006905855,26,-54.84449461248138,26,-30.41474723236693,25,-46.49184709822447,2026-08-28,0.584626616481813,-8.150852244876184,6.809395772453672,-72.76334640059841,2026-08-28,2000-11-10,27.71999931335449,4050.0,-72.76334640059841,-99.81358024220408,2026-08-28,8.220000267028809,-9.363742378333262,-9.363742378333262,6,12.198724997043607,False,2026-08-28,13.749174997806549,False,2026-07-31,-8.638053772383458,-11.338372272442433,-36.81608475291105,-58.93324472847851
2026-08-28,2026-08-21,LITHIUM,ELV.AX,Elevra Lithium,26,10,22.0,-4.0,4,8.300000190734863,-8.590305501377472,26,11.26005560713834,20,-32.79352279868424,19,2.469133331433837,6,43.598614004376834,2,104.93826666286768,4,245.8333275384375,6,191.22808661303893,5,4.797981196721568,2026-08-28,0.776553203913974,-8.590305501377472,-3.272440821570392,-39.85507191291654,2026-08-28,2004-03-30,13.800000190734863,256.91192626953125,-39.85507191291654,-96.76932078971409,2026-08-28,9.079999923706056,-13.811006312571262,-13.811006312571262,6,8.846250026226043,False,2026-08-28,8.413150017261506,False,2026-07-31,-9.077507028884746,8.295464882625113,-34.75197244663843,-7.64341643353248
2026-09-04,2026-08-28,LITHIUM,GLN.AX,Galan Lithium,1,1,21.0,20.0,4,0.4099999964237213,13.88888336994054,1,30.15873000855469,2,-1.2048181523292123,2,7.894737254879813,3,67.34693405877461,1,148.4848364435066,2,340.86020075388683,2,272.727271495772,2,22.388055585333188,2026-09-04,1.8573044232817293,13.88888336994054,19.46225117916136,-24.77064516174896,2026-09-04,2011-06-08,0.5450000166893005,2.1742498874664307,-24.77064516174896,-81.14292203544835,2026-09-04,0.3600000143051147,-2.409636304658436,-1.2048181523292123,6,0.3665249998122453,True,2026-09-04,0.3440249997377396,False,2026-08-07,13.800183355428407,30.66197633571692,-2.975447755088345,9.846922419063464
2026-09-04,2026-08-28,LITHIUM,ABAT.O,American Battery Technology,2,12,10.0,8.0,4,2.7799999713897705,8.171207922250701,2,6.513413146620239,9,-25.06738698638148,14,-20.79772139763281,14,-33.65155290155407,18,10.756971392525028,18,85.3333314259847,17,175.24752451875446,7,-24.86486660641765,2026-09-04,0.6916131898587944,8.171207922250701,5.995899617174039,-75.46337166716917,2026-09-04,2016-02-24,11.329999923706056,61.125,-75.46337166716917,-95.4519427870924,2026-09-04,2.5699999332427974,-4.07407894710119,-0.3584226021499881,6,3.324874995946884,False,2026-09-04,3.534974994659424,False,2026-08-07,8.082507907738568,7.016659473782472,-26.83801658914061,-37.405999772687366
2026-09-04,2026-08-28,LITHIUM,ATLX.O,Atlas Lithium,3,20,20.0,17.0,4,3.3299999237060547,5.714280091716195,3,7.073956142479276,7,-21.090045278063307,11,-33.26653153413142,22,-34.319530355856884,19,-34.70588262793377,25,-35.087722233531224,25,-37.1698150213776,26,-23.972606468045488,2026-09-04,0.4381169658785769,5.714280091716195,17.335900499496336,-55.30201330254096,2026-09-04,2013-02-28,7.449999809265136,412500.0,-55.30201330254096,-99.99919272729122,2026-09-04,3.150000095367432,-2.187497881241174,0.0,6,4.342000013589859,False,2026-09-04,4.507725006341934,False,2026-08-07,5.625580077204062,7.577202469641509,-22.86067488082244,-36.513739634315215
2026-09-04,2026-08-28,LITHIUM,DLI.AX,Delta Lithium,4,14,22.0,18.0,4,0.1800000071525573,2.8571486959652947,4,5.882356034843106,11,-12.195117696277569,6,-16.279067833272787,12,-14.285708203607497,14,2.8571486959652947,20,-2.702700090373533,22,9.090909090909062,21,-19.999994701809243,2026-09-04,0.2249809613228936,2.8571486959652947,21.76107869674465,-44.61538038310201,2026-09-04,2017-11-03,0.324999988079071,0.9354239702224731,-44.61538038310201,-80.75738778537527,2026-09-04,0.1749999970197677,-5.55555831502973,0.0,6,0.2096500001847744,False,2026-09-04,0.2099374998360872,False,2026-08-07,2.7684486814531617,6.385602362005338,-13.965747299036702,-32.541127868078966
2026-09-04,2026-08-28,LITHIUM,LTR.AX,Liontown Resources,5,13,24.0,19.0,4,1.225000023841858,2.51045774669314,5,3.813565957138998,12,-46.271928104667424,26,-19.14191185421121,13,-2.777775149706996,13,37.640454329380105,13,100.81967133022518,13,96.00000381469728,13,-24.38271480023798,2026-09-04,1.4171308451607014,2.51045774669314,5.3024894694212925,-53.59848578921469,2026-09-04,2006-12-27,2.640000104904175,3.150000095367432,-53.59848578921469,-61.111111531602425,2026-09-04,1.1950000524520874,-8.812252486564287,-6.130262599349068,6,1.7424250039458276,False,2026-09-04,1.742000003159046,False,2026-08-07,2.421757732181007,4.31681228430123,-48.04255770742655,-36.92384796650771
2026-09-04,2026-08-28,LITHIUM,CRML.O,Critical Metals,6,11,9.0,3.0,4,7.28000020980835,2.24719560141824,6,0.4137959973565364,14,-33.63719204557398,21,-27.345310606571104,19,-26.760558177733618,16,27.05061405890694,15,402.0689634760836,1,219.2982588228208,3,-10.344823738786255,2026-09-04,0.8804583167307545,2.24719560141824,-6.2038812082152885,-75.70904111911535,2026-09-04,2022-02-07,29.96999931335449,29.96999931335449,-75.70904111911535,-75.70904111911535,2026-09-04,7.119999885559082,-4.022190850467188,-1.0869554654186375,6,9.700625004768373,False,2026-09-04,10.162700004577635,False,2026-08-07,2.158495586906106,0.9170423245187688,-35.40782164833311,-22.88595690505598
2026-09-04,2026-08-28,LITHIUM,LI.V,American Lithium,7,17,2.0,-5.0,4,0.4650000035762786,1.0869554654186375,7,6.896551960383057,8,-18.42105098048076,10,-30.597016120387167,20,-35.416668736272314,21,-1.0638287753851785,21,25.67567502259338,19,8.139533916636378,22,-32.60869490101268,2026-09-04,0.5328154878937593,1.0869554654186375,18.051474547328585,-60.25640849295917,2026-09-04,1985-02-11,1.1699999570846558,1050.0,-60.25640849295917,-99.95571428537367,2026-09-04,0.4600000083446502,-3.157891764865328,-2.1052611765769003,6,0.602012499421835,False,2026-09-04,0.6253624995052814,False,2026-08-07,0.9982554509065044,7.3997982875452895,-20.19168058323989,-45.14982806728241
2026-09-04,2026-08-28,LITHIUM,SGML.O,Sigma Lithium,8,7,6.0,-2.0,4,12.390000343322754,1.0603598043551932,8,8.875221605667406,6,-15.885942102061412,8,-4.398145780451079,10,24.148305727741448,9,105.13245731083734,5,149.798392097424,8,9.93788677965437,20,-12.807879591403236,2026-09-04,0.7309090390817848,1.0603598043551932,5.91148955633826,-47.610991360799325,2026-09-04,2018-07-03,23.64999961853028,42.400001525878906,-47.610991360799325,-70.77830212869097,2026-09-04,12.260000228881836,-3.5797667275583533,-3.5797667275583533,6,13.460899975299837,False,2026-09-04,12.850824975967408,False,2026-08-07,0.97165978984306,9.378467932829638,-17.656571704820543,-25.34901275767296
2026-09-04,2026-08-28,LITHIUM,LTBR.O,Lightbridge,9,26,25.0,16.0,4,7.579999923706055,0.3973474465339466,9,-19.957764414253155,26,-31.526647401353724,19,-40.91971965096859,25,-57.39179576382072,26,-46.317280558491134,26,-51.47247132367859,26,-30.266789296141848,25,-46.279233818981794,2026-09-04,0.5566463515496369,0.3973474465339466,-33.78920692643552,-72.65512225299989,2026-09-04,2000-11-10,27.71999931335449,4050.0,-72.65512225299989,-99.81283950805664,2026-09-04,7.550000190734862,-1.5894087333070517,0.0,6,11.921200001239775,False,2026-09-04,13.329274995326996,False,2026-08-07,0.3086474320218135,-19.454518087090925,-33.29727700411286,-58.82036698525152
2026-09-04,2026-08-28,LITHIUM,INR.AX,Ioneer Ltd,10,21,11.0,1.0,4,0.1099999994039535,0.0,10,-8.333331781128994,23,-26.666669978035685,15,-24.137929262644285,15,-38.88889164836308,22,-12.000000476837204,23,-4.347828340440207,23,-24.137929262644285,24,-45.0000011175871,2026-09-04,0.4323356119952489,0.0,-29.407799700600112,-59.25926109890873,2026-09-04,2007-12-19,0.270000010728836,0.8500000238418579,-59.25926109890873,-87.05882396252508,2026-09-04,0.1099999994039535,-4.545457008456399,0.0,6,0.14710000064224,False,2026-09-04,0.1536250008642673,False,2026-08-07,-0.088700014512133,-7.8300854539667615,-28.43729958079481,-57.54113428385682
2026-09-04,2026-08-28,LITHIUM,LAR.TO,Lithium Argentina AG,11,8,8.0,-3.0,4,9.420000076293944,-1.567394183005022,11,-2.484469719556581,18,-30.837003263988905,18,0.3194859624528368,9,29.0410935639396,6,103.45572016106588,6,263.70657870524343,5,212.95681415746947,4,14.878052383005368,2026-09-04,0.9803324560956024,-1.567394183005022,-12.20377119414595,-41.70791976955075,2026-09-04,2008-07-16,16.15999984741211,21.016979217529297,-41.70791976955075,-55.17909601187046,2026-09-04,9.569999694824215,-3.55277077774383,-1.567394183005022,6,10.300799987316132,False,2026-09-04,9.961599988937378,False,2026-08-07,-1.656094197517155,-1.981223392394349,-32.607632866748034,2.3369192167356445
2026-09-04,2026-08-28,LITHIUM,LIT,Global X Lithium & Battery Tech ETF,12,10,12.0,0.0,4,74.18000030517578,-2.484552908151294,12,0.2296962086724141,15,-10.926991603634972,5,4.273265310105834,8,19.202958140516824,10,57.76265330284063,11,99.5695559844054,14,84.06948315015998,14,11.936025445592,2026-09-04,1.3159981054816057,-2.484552908151294,27.3065572531526,-19.03514725888488,2026-09-04,2010-07-23,91.62000274658205,96.30999755859376,-19.03514725888488,-22.977881647182453,2026-09-04,76.06999969482422,-2.8676212683575786,-2.8676212683575786,6,74.15584981918335,True,2026-09-04,72.72444982528687,True,2026-08-07,-2.573252922663427,0.7329425358346464,-12.697621206394103,-0.6051077206777222
2026-09-04,2026-08-28,LITHIUM,SQM,Sociedad Quimica y Minera ADR,13,5,18.0,5.0,4,76.43000030517578,-2.797910498650757,13,6.226551142394521,10,-1.6218330501157618,3,6.123304453852585,7,25.976598997653213,8,72.6841464157746,8,138.69456343697308,9,99.1920834839113,11,9.608485050468564,2026-09-04,0.9385240909752894,-2.797910498650757,23.708302819191733,-19.80904179733204,2026-09-04,1993-09-21,95.30999755859376,113.5199966430664,-19.80904179733204,-32.672654540776904,2026-09-04,78.62999725341797,-5.8047807738504265,-5.8047807738504265,6,76.12825004577637,True,2026-09-04,73.2496500968933,False,2026-08-07,-2.8866105131628905,6.729797469556753,-3.3924626528748947,-2.932648115801161
2026-09-04,2026-08-28,LITHIUM,VULG.DE,Vulcan Energy Resources,14,23,14.0,0.0,4,1.6349999904632568,-2.909740163393193,14,-9.718387634777748,25,-27.00892930793366,17,-25.137363597063857,17,-34.44266166911745,20,-6.591497858303264,22,-12.21448242967812,24,-13.68793378260953,23,-36.23244696604442,2026-09-04,0.6853143423820058,-2.909740163393193,-25.63923373279969,-51.82185694400761,2026-09-04,2022-02-15,3.3936550617218018,6.09117603302002,-51.82185694400761,-73.15789296516817,2026-09-04,1.6840000152587893,-3.919238963371907,-2.909740163393193,6,2.150303552746773,False,2026-09-04,2.2785076063871386,False,2026-08-07,-2.998440177905326,-9.215141307615516,-28.779558910692792,-48.773580132314144
2026-09-04,2026-08-28,LITHIUM,IGO.AX,IGO Limited,15,4,5.0,-10.0,4,8.300000190734863,-3.263400180197762,15,11.409401385656825,4,-10.36717078205619,4,7.235147754220139,5,28.28439659793258,7,74.00419756653103,7,109.59596239344312,12,109.59596239344312,10,1.0962259703984678,2026-09-04,0.9314082849908474,-3.263400180197762,17.548478247717846,-17.248251129552617,2026-09-04,2002-01-17,10.029999732971191,16.393840789794922,-17.248251129552617,-49.37122851710522,2026-09-04,8.579999923706055,-4.487910339245782,-4.487910339245782,6,7.977949981689453,True,2026-09-04,7.728949987888336,False,2026-08-07,-3.352100194709895,11.912647712819057,-12.137800384815325,-11.444907195871256
2026-09-04,2026-08-28,LITHIUM,LAC.TO,Lithium Americas,16,25,13.0,-3.0,4,4.139999866485596,-3.2710358985945653,16,-7.795098496083142,22,-41.52542498448933,25,-36.89024538723648,23,-45.52631686268752,23,6.701024339586703,19,12.499994331080089,21,12.195116593144585,19,-36.7938970087096,2026-09-04,0.6726437216529677,-3.2710358985945653,-10.797421288459816,-70.65910724862114,2026-09-04,2023-10-04,14.109999656677246,16.010000228881836,-70.65910724862114,-74.14116297751772,2026-09-04,4.28000020980835,-4.64036686590199,-3.9443173677703447,6,6.190300011634827,False,2026-09-04,6.498600013256073,False,2026-08-07,-3.3597359131066984,-7.29185216892091,-43.29605458724846,-49.33503017497932
2026-09-04,2026-08-28,LITHIUM,EMH.AX,European Metals Holdings,17,18,23.0,6.0,4,0.2349999994039535,-4.081634763179798,17,-2.083331393077914,16,-24.193549162391303,13,-25.39682502138674,18,-45.97701192736893,24,38.2352923130082,12,20.512824627539715,20,113.63636425211412,9,-34.722224981696414,2026-09-04,0.3199723086667592,-4.081634763179798,53.4878727540817,-46.59090893697149,2026-09-04,2012-07-19,0.4399999976158142,2.150000095367432,-46.59090893697149,-89.06976795441525,2026-09-04,0.2450000047683715,-8.163269526359585,-4.081634763179798,6,0.2988000008463859,False,2026-09-04,0.2965000008046627,False,2026-08-07,-4.170334777691931,-1.5800850659156818,-25.96417876515044,-47.26335814796614
2026-09-04,2026-08-28,LITHIUM,MIN.AX,Mineral Resources,18,6,15.0,-3.0,4,62.43999862670898,-4.613505194014023,18,-2.6959632096008934,19,-12.291057051022102,7,12.080415819127332,2,30.24614187602744,5,69.72002466125508,9,209.10889241779844,7,190.6890128369538,5,12.62626293902478,2026-09-04,1.2434753793556574,-4.613505194014023,17.43611744337769,-15.99623693185237,2026-09-04,2006-07-28,74.33000183105469,96.27999877929688,-15.99623693185237,-35.14748710182215,2026-09-04,65.45999908447266,-5.071799176990421,-4.613505194014023,6,59.71514999389648,True,2026-09-04,57.819700050354,True,2026-08-07,-4.702205208526156,-2.192716882438661,-14.061686653781235,0.0851297727550566
2026-09-04,2026-08-28,LITHIUM,ELV.AX,Elevra Lithium,19,9,26.0,7.0,4,7.889999866485595,-4.939762829246009,19,-5.847258248969778,21,-31.806395206603632,20,6.910565638701383,6,38.90845255172108,3,110.39999643961583,4,228.7499813735492,6,176.84210984220368,6,-0.3787905242342959,2026-09-04,0.9287302438571784,-4.939762829246009,-12.119414649178346,-42.82608871423903,2026-09-04,2004-03-30,13.800000190734863,256.91192626953125,-42.82608871423903,-96.92890868047596,2026-09-04,8.300000190734863,-8.37209575688137,-8.255819575473012,6,8.923500027656555,False,2026-09-04,8.495100016593932,False,2026-08-07,-5.028462843758142,-5.344011921807546,-33.57702480936277,-12.91992369050402
2026-09-04,2026-08-28,LITHIUM,PLS.AX,Pilbara Minerals,20,3,3.0,-17.0,4,5.090000152587891,-5.037312951510731,20,11.13537636195312,5,-17.100972910911516,9,7.383974649162517,4,36.4611293983913,4,120.3463324100032,3,324.1666625274554,3,169.3121794239845,8,18.097452904032373,2026-09-04,1.0280395277455092,-5.037312951510731,21.972596947065377,-24.48070733771759,2026-09-04,2007-09-19,6.739999771118164,6.739999771118164,-24.48070733771759,-24.48070733771759,2026-09-04,5.360000133514404,-7.116785860003216,-7.116785860003216,6,4.9753000140190125,True,2026-09-04,4.8032500159740446,False,2026-08-07,-5.126012966022864,11.638622689115351,-18.87160251367065,5.556319737762649
2026-09-04,2026-08-28,LITHIUM,SLI,Standard Lithium,21,23,4.0,-17.0,4,2.4200000762939453,-5.098034449147892,21,2.1097127911070768,13,-37.30569580147959,23,-45.61797348270945,26,-48.72880966387323,25,-15.679436488112463,24,51.25000251457092,18,98.36065733954968,12,-49.37238556332672,2026-09-04,1.0277809834703602,-5.098034449147892,7.479256676664487,-57.16814096555218,2026-09-04,2017-06-20,5.650000095367432,12.369999885559082,-57.16814096555218,-80.43653921841107,2026-09-04,2.549999952316284,-9.737827079920756,-9.363295612598222,6,3.723600007891655,False,2026-09-04,3.842400004267693,False,2026-08-07,-5.186734463660025,2.612959118269309,-39.07632540423872,-61.91351872959644
2026-09-04,2026-08-28,LITHIUM,PMET.TO,PMET Resources Inc,22,16,16.0,-6.0,4,4.590000152587891,-5.942622029758937,22,-2.3404183221540364,17,-37.9729717103472,24,-10.700383816814371,11,0.4376363276862305,12,28.93259062819413,14,118.57144576351736,10,77.22008898444453,15,-17.148011115642305,2026-09-04,0.8165602789564625,-5.942622029758937,17.078571024447882,-40.54403785840073,2026-09-04,2010-03-15,7.71999979019165,493.5,-40.54403785840073,-99.06990878367012,2026-09-04,4.880000114440918,-7.831322590198586,-7.831322590198586,6,5.455499999523163,False,2026-09-04,5.322349996566772,False,2026-08-07,-6.03132204427107,-1.837171994991804,-39.74360131310634,-29.68914428191203
2026-09-04,2026-08-28,LITHIUM,CXO.AX,Core Lithium,23,2,17.0,-6.0,4,0.3400000035762786,-6.849316522537752,23,19.2982483658654,3,15.25424362359078,1,44.680852952614345,1,65.85366172779183,2,223.8095373253167,1,309.63857411680766,4,300.00000000000017,1,23.63636225708261,2026-09-04,0.9731055964015856,-6.849316522537752,17.92695927878187,-13.924052065485748,2026-09-04,2011-02-11,0.395000010728836,1.8650000095367432,-13.924052065485748,-81.7694368987841,2026-09-04,0.3650000095367431,-10.526313725600945,-10.526313725600945,6,0.2758999985456467,True,2026-09-04,0.2541999984160065,True,2026-08-07,-6.938016537049885,19.801494693027635,13.483614020831649,11.095229090812886
2026-09-04,2026-08-28,LITHIUM,ALB,Albermale,24,15,19.0,-5.0,4,126.27999877929688,-8.066396171972412,24,-3.6839309042557833,20,-23.76697649731881,12,-24.989608434199063,16,5.992948989614311,11,59.3036509739052,10,111.5242833592876,11,74.99998942711454,16,-12.262901962513816,2026-09-04,1.0433751808716762,-8.066396171972412,-2.5669039074706657,-41.43400350664842,2026-09-04,1994-02-22,215.6199951171875,325.3800048828125,-41.43400350664842,-61.18999419623915,2026-09-04,137.36000061035156,-8.326679652053082,-8.326679652053082,6,156.5756498336792,False,2026-09-04,153.17574985504152,False,2026-08-07,-8.155096186484545,-3.180684577093551,-25.537606100077948,-24.80403512878354
2026-09-04,2026-08-28,LITHIUM,1772.HK,Ganfeng Lithium,25,22,7.0,-18.0,4,36.619998931884766,-11.417516215000912,25,-9.17658926325442,24,-36.42361128127869,22,-38.19409462973036,24,-22.77519960794371,15,17.82496467753567,17,86.07722745946207,16,60.96702827202094,17,-32.31053610953046,2026-09-04,0.8722962893667161,-11.417516215000912,-1.8156872731938176,-58.85393378439914,2026-09-04,2018-10-11,89.0,128.0000457763672,-58.85393378439914,-71.39063606597087,2026-09-04,41.34000015258789,-11.417516215000912,-11.417516215000912,6,57.79025001525879,False,2026-09-04,58.625549983978274,False,2026-08-07,-11.506216229513043,-8.673342936092189,-38.19424088403783,-44.85166927580018
2026-09-04,2026-08-28,LITHIUM,AVL.TO,Avalon Advanced Materials,26,19,1.0,-25.0,4,8.5600004196167,-17.29468498433856,26,67.84314862126273,1,-26.837596094923367,16,-32.06348564799561,21,-26.837596094923367,17,18.88889786637884,16,90.22223154703777,15,35.87302870400877,18,-13.535345965119394,2026-09-04,3.1756743199573028,-17.29468498433856,-6.6426130446898695,-64.77366248360798,2026-09-04,1984-05-31,24.30000114440918,7740.0,-64.77366248360798,-99.88940567933312,2026-09-04,10.350000381469728,-17.29468498433856,-17.29468498433856,6,10.570949614048004,False,2026-09-04,10.994349563121796,False,2026-08-07,-17.383384998850694,68.34639494842496,-28.6082256976825,-26.07647913138912
2026-09-11,2026-09-04,LITHIUM,CXO.AX,Core Lithium,1,1,23.0,22.0,4,0.3449999988079071,1.470586817363606,1,-2.816898807176682,5,32.69231210093546,1,46.80851050338472,1,49.999996760617215,1,244.99999366700663,1,279.1208855088907,2,366.21620859692285,1,25.45454230190318,2026-09-11,0.9803258926261592,1.470586817363606,-9.22802332504292,-12.658230522240022,2026-09-11,2011-02-11,0.395000010728836,1.8650000095367432,-12.658230522240022,-81.50134064108646,2026-09-11,0.3400000035762786,-8.000000317891443,-8.000000317891443,6,0.2791749986261129,True,2026-09-11,0.2599499984830618,True,2026-08-14,2.268919629115451,-1.1628561827840445,29.13984354110335,13.811861928417123
2026-09-11,2026-09-04,LITHIUM,EMH.AX,European Metals Holdings,2,12,17.0,15.0,4,0.2349999994039535,0.0,2,-4.081634763179798,9,-12.962966642261875,8,-20.338979711891348,11,-46.59090893697149,24,34.28571623198844,13,23.68421176463941,20,46.87500291038307,17,-34.722224981696414,2026-09-11,0.7565488997283852,4.444446946367853,41.17765955040934,-46.59090893697149,2026-09-11,2012-07-19,0.4399999976158142,2.150000095367432,-46.59090893697149,-89.06976795441525,2026-09-11,0.2349999994039535,-6.000000238418601,-6.000000238418601,5,0.2989000008255243,False,2026-09-11,0.2971250008791685,False,2026-08-14,0.7983328117518451,-2.42759213878716,-16.515435202093986,-46.36490535518247
2026-09-11,2026-09-04,LITHIUM,LAC.TO,Lithium Americas,3,22,16.0,13.0,4,4.039999961853027,-2.4154567115350467,3,-14.04255051481168,20,-34.30894472837146,21,-36.27760465898473,22,-44.959129729328,23,2.53806860863639,19,6.878306678072921,21,-4.265398987862234,21,-38.32061306551248,2026-09-11,1.3929499089107138,-1.7031671383796465,-24.064016896265496,-71.36782381180862,2026-09-11,2023-10-04,14.109999656677246,16.010000228881836,-71.36782381180862,-74.76577199190217,2026-09-11,4.139999866485596,-8.390020371003093,-8.390020371003093,5,6.13665001153946,False,2026-09-11,6.392350010871887,False,2026-08-14,-1.6171238997832016,-12.388507890419042,-37.86141328820357,-49.96329343899853
2026-09-11,2026-09-04,LITHIUM,LI.V,American Lithium,4,11,7.0,3.0,4,0.449999988079071,-3.225809759536269,4,2.272725117600638,2,-11.764706569834448,7,-25.000004967053545,13,-31.81818633368504,17,-7.216500039941254,21,28.571427355007216,19,4.651158277636491,19,-34.78261019797467,2026-09-11,0.9878835782643876,-2.173917409602921,19.984508768492656,-61.53846114658352,2026-09-11,1985-02-11,1.1699999570846558,1050.0,-61.53846114658352,-99.95714285827816,2026-09-11,0.4650000035762786,-4.255321442460314,-4.255321442460314,5,0.5972999992966652,False,2026-09-11,0.6162624995410443,False,2026-08-14,-2.427476947784424,3.926767741993276,-15.31717512966656,-46.42529057146073
2026-09-11,2026-09-04,LITHIUM,LIT,Global X Lithium & Battery Tech ETF,5,4,12.0,7.0,4,71.48999786376953,-3.6263176467236535,5,-4.971428055664662,11,-11.456527427220497,6,-2.055076097960218,3,9.765086563116345,5,41.9015409847113,11,88.28020954813572,9,78.81440390774614,10,7.876869601817416,2026-09-11,0.5001313165196181,-3.988720463632756,17.571479131833744,-21.971190001479755,2026-09-11,2010-07-23,91.62000274658205,96.30999755859376,-21.971190001479755,-25.77094831689105,2026-09-11,74.18000030517578,-3.6263176467236535,-3.6263176467236535,5,74.37374977111817,False,2026-09-11,73.13274984359741,True,2026-08-14,-2.8279848349718084,-3.317385431272024,-15.008995987052607,-3.765810771668643
2026-09-11,2026-09-04,LITHIUM,MIN.AX,Mineral Resources,6,3,18.0,12.0,4,59.369998931884766,-4.916719670635938,6,-10.031821709634182,16,-8.927754704032399,4,-1.591252892480044,2,14.924504659786386,3,65.32998937387444,8,130.92182437198448,7,176.91230155323473,4,7.088745314799594,2026-09-11,0.9454802664601204,-4.916719670635938,-5.916858854929648,-20.12646647469839,2026-09-11,2006-07-28,74.33000183105469,96.27999877929688,-20.12646647469839,-38.33610336038858,2026-09-11,62.43999862670898,-5.851573677524757,-5.851573677524757,6,60.04379997253418,False,2026-09-11,58.37745000839234,True,2026-08-14,-4.118386858884094,-8.377779085241544,-12.48022326386451,-4.553935058686465
2026-09-11,2026-09-04,LITHIUM,1772.HK,Ganfeng Lithium,7,18,25.0,18.0,4,34.65999984741211,-5.352264177064459,7,-12.430524901548434,17,-40.49785433920668,25,-43.77940147679829,25,-32.8944843688999,20,1.7018720222864214,20,63.10588163488051,14,54.73214481101962,16,-35.93345503698704,2026-09-11,0.5964029559580798,-5.352264177064459,-18.72543395225046,-61.056179946727966,2026-09-11,2018-10-11,89.0,128.0000457763672,-61.056179946727966,-72.92188480309791,2026-09-11,36.619998931884766,-6.32432473672403,-6.32432473672403,6,57.23305002212524,False,2026-09-11,58.50464998245239,False,2026-08-14,-4.553931365312614,-10.776482277155797,-44.05032289903879,-47.5761354104731
2026-09-11,2026-09-04,LITHIUM,DLI.AX,Delta Lithium,8,9,4.0,-4.0,4,0.1700000017881393,-5.55555831502973,8,-2.8571401810159047,6,0.0,2,-22.727271495771816,12,-10.526313725600945,11,3.030300019967536,18,0.0,22,0.0,20,-24.444441648177097,2026-09-11,0.3658802650040419,-5.55555831502973,11.633963030474035,-47.692305223476176,2026-09-11,2017-11-03,0.324999988079071,0.9354239702224731,-47.692305223476176,-81.82642232829377,2026-09-11,0.1800000071525573,-5.55555831502973,-5.55555831502973,6,0.2084000002592802,False,2026-09-11,0.2101999998837709,False,2026-08-14,-4.757225503277885,-1.2030975566232671,-3.5524685598321115,-36.08712202166316
2026-09-11,2026-09-04,LITHIUM,ALB,Albermale,9,14,24.0,15.0,4,117.5199966430664,-6.936967232269753,9,-13.683435981335744,18,-26.115932071622872,16,-30.047621045793804,18,-12.682963191387342,12,56.588929865891416,10,80.57774022217153,10,61.71735187037231,15,-18.349195703918618,2026-09-11,1.3212898026987048,-11.077486844259443,-9.411874680978269,-45.49670749264448,2026-09-11,1994-02-22,215.6199951171875,325.3800048828125,-45.49670749264448,-63.88223158168802,2026-09-11,126.27999877929688,-9.299999999999995,-9.299999999999995,5,156.64964988708496,False,2026-09-11,154.0442498397827,False,2026-08-14,-6.138634420517908,-12.029393356943109,-29.668400631454983,-29.99187607740468
2026-09-11,2026-09-04,LITHIUM,LTBR.O,Lightbridge,10,26,9.0,-1.0,4,7.019999980926514,-7.387862116306499,10,-16.923075273571918,24,-23.36244434643948,13,-42.126958658729805,23,-58.87521906016764,26,-50.10660886148501,26,-50.77138942320361,26,-15.31966208408324,23,-50.24804995225883,2026-09-11,0.6814366817530527,-6.149733114625722,-30.350498210507777,-74.67532411682083,2026-09-11,2000-11-10,27.71999931335449,4050.0,-74.67532411682083,-99.82666666713762,2026-09-11,7.579999923706055,-11.026614705718629,-11.026614705718629,5,11.757450001239777,False,2026-09-11,12.965574986934662,False,2026-08-14,-6.589529304554654,-15.26903264917928,-26.914912906271592,-61.89073032574489
2026-09-11,2026-09-04,LITHIUM,SLI,Standard Lithium,11,23,21.0,10.0,4,2.2300000190734863,-7.85124178638169,11,-6.30252471238506,14,-35.17441912848862,23,-50.0,26,-53.73444108602923,25,-22.837372383160258,24,29.65116174302276,18,67.66916895621694,13,-53.34728198342702,2026-09-11,0.5320245674500257,-8.23045441108209,-1.6307436894292808,-60.53097377994885,2026-09-11,2017-06-20,5.650000095367432,12.369999885559082,-60.53097377994885,-81.97251382615758,2026-09-11,2.4200000762939453,-7.85124178638169,-7.85124178638169,5,3.6929500073194506,False,2026-09-11,3.799450004696846,False,2026-08-14,-7.052908974629846,-4.648482087992423,-38.72688768832074,-64.98996235691308
2026-09-11,2026-09-04,LITHIUM,VULG.DE,Vulcan Energy Resources,12,25,14.0,2.0,4,1.503000020980835,-8.073392675985358,12,-16.22073599707837,23,-24.35832764784412,15,-30.093025380821004,19,-32.781754027098664,19,-16.912892854012618,22,-24.71320374625927,24,-24.39633775439325,24,-41.38065192234286,2026-09-11,1.53563620591417,-8.073392675985358,-61.17188829512765,-55.71146761691583,2026-09-11,2022-02-15,3.3936550617218018,6.09117603302002,-55.71146761691583,-75.32496166859843,2026-09-11,1.6349999904632568,-8.853852234704206,-8.853852234704206,6,2.1207380586862565,False,2026-09-11,2.2510781198740006,False,2026-08-14,-7.275059864233514,-14.566693372685734,-27.910796207676224,-53.02333229582892
2026-09-11,2026-09-04,LITHIUM,SQM,Sociedad Quimica y Minera ADR,13,7,13.0,0.0,4,69.87999725341797,-8.569937230936075,13,-5.974169079168412,13,-13.127803166938437,9,-10.226104135359426,7,7.474624517486528,9,63.999052458219175,9,105.52940368652344,8,63.61507551242968,14,0.2151066818634639,2026-09-11,1.0646485005532766,-12.409127196487212,-1.2655935010693276,-26.681356580186865,2026-09-11,1993-09-21,95.30999755859376,113.5199966430664,-26.681356580186865,-38.44256578588781,2026-09-11,76.43000030517578,-8.569937230936075,-8.569937230936075,5,76.38290002822876,False,2026-09-11,73.96755010604858,True,2026-08-14,-7.77160441918423,-4.320126454775775,-16.680271726770545,-11.427573691622596
2026-09-11,2026-09-04,LITHIUM,IGO.AX,IGO Limited,14,5,15.0,1.0,4,7.579999923706055,-8.674701813049735,14,-3.929023422374556,8,-11.137161066876477,5,-4.534006686650183,4,8.595987148897045,7,79.19621488243709,6,73.45538037093786,13,97.9112291044475,9,-7.673570176780553,2026-09-11,0.8654041908303902,-8.674701813049735,-24.338415637676384,-24.42671858914768,2026-09-11,2002-01-17,10.029999732971191,16.393840789794922,-24.42671858914768,-53.7631234748567,2026-09-11,8.300000190734863,-8.674701813049735,-8.674701813049735,6,8.014299976825715,False,2026-09-11,7.787249987125397,True,2026-08-14,-7.87636900129789,-2.274980797981918,-14.689629626708587,-19.31625055026661
2026-09-11,2026-09-04,LITHIUM,ATLX.O,Atlas Lithium,15,24,3.0,-12.0,4,3.0299999713897705,-9.009007783471825,15,-5.607478648539521,12,-15.126049634474914,10,-43.57541832471918,24,-32.516700983367826,18,-38.16326709351701,25,-30.184334911070977,25,-42.61363918582587,26,-30.82192026891002,2026-09-11,0.9550954261601612,-7.902735364070256,-0.9325867681439536,-59.32885840317024,2026-09-11,2013-02-28,7.449999809265136,412500.0,-59.32885840317024,-99.9992654545524,2026-09-11,3.3299999237060547,-9.009007783471825,-9.009007783471825,5,4.303650013208389,False,2026-09-11,4.449675010442734,False,2026-08-14,-8.210674971719978,-3.953436024146884,-18.678518194307024,-42.46460064239608
2026-09-11,2026-09-04,LITHIUM,INR.AX,Ioneer Ltd,16,20,10.0,-6.0,4,0.1000000014901161,-9.090907243657664,16,-4.761900369272054,10,-23.076919109158112,12,-25.925927765575373,14,-42.85714103251084,22,-19.999998807907115,23,-9.090907243657664,23,-31.034479746495258,25,-50.0,2026-09-11,0.4674890660507385,-9.090907243657664,-10.886414191605018,-62.96296388278768,2026-09-11,2007-12-19,0.270000010728836,0.8500000238418579,-62.96296388278768,-88.23529427233039,2026-09-11,0.1099999994039535,-9.090907243657664,-9.090907243657664,6,0.1454250006005167,False,2026-09-11,0.1517500008642673,False,2026-08-14,-8.29257443190582,-3.107857744879416,-26.629387668990223,-61.64268037348606
2026-09-11,2026-09-04,LITHIUM,PMET.TO,PMET Resources Inc,17,16,22.0,5.0,4,4.170000076293944,-9.15032815537371,17,-14.02061529298402,19,-28.960815032507,18,-15.415817008269418,9,-10.515016891905727,10,22.64705762731163,14,53.308824721762434,15,73.74999627470977,11,-24.72923998181479,2026-09-11,0.9992618785607466,-10.322580843636707,-4.207501879410047,-45.98445350229182,2026-09-11,2010-03-15,7.71999979019165,493.5,-45.98445350229182,-99.1550151821086,2026-09-11,4.590000152587891,-9.15032815537371,-9.15032815537371,5,5.451549999713897,False,2026-09-11,5.354949997663498,False,2026-08-14,-8.351995343621866,-12.36657266859138,-32.51328359233911,-36.37192035530085
2026-09-11,2026-09-04,LITHIUM,ELV.AX,Elevra Lithium,18,8,19.0,1.0,4,7.150000095367432,-9.37895796755923,18,-22.282606047808727,26,-32.863846465056014,19,-10.28857862497511,8,10.000001467191266,4,150.87720472359925,3,180.39216584583667,6,138.3333365122477,8,-9.72222188774049,2026-09-11,0.9050191076873044,-9.37895796755923,-35.5500418047332,-48.18840582214016,2026-09-11,2004-03-30,13.800000190734863,256.91192626953125,-48.18840582214016,-97.21694504447947,2026-09-11,7.889999866485595,-10.624998807907104,-10.624998807907104,6,8.983650026321412,False,2026-09-11,8.615500020980836,True,2026-08-14,-8.580625155807386,-20.62856342341609,-36.41631502488813,-21.364902261226547
2026-09-11,2026-09-04,LITHIUM,AVL.TO,Avalon Advanced Materials,19,15,26.0,7.0,4,7.71999979019165,-9.813090984201878,19,35.43859734246095,1,-22.020201134737604,11,-28.518515411554656,16,-22.020201134737604,14,7.222222148636237,15,31.965821287284378,17,42.96296917689071,18,-22.020201134737604,2026-09-11,1.8612226082199448,-11.972640966540716,-14.244163653131617,-68.23045503449357,2026-09-11,1984-05-31,24.30000114440918,7740.0,-68.23045503449357,-99.90025840064352,2026-09-11,8.5600004196167,-11.214958737433312,-9.813090984201878,5,10.545849621295927,False,2026-09-11,10.783049569129943,False,2026-08-14,-9.014758172450032,37.09263996685359,-25.572669694569715,-33.66288150822366
2026-09-11,2026-09-04,LITHIUM,GLN.AX,Galan Lithium,20,2,1.0,-19.0,4,0.3650000095367431,-10.97560665353573,20,-1.351350045186761,4,-3.947364706081669,3,-9.876541120398086,6,43.13726131845475,2,170.37036669107147,2,276.2886585268438,3,231.81819228593983,2,8.955224013376363,2026-09-11,0.8774588748115913,-10.97560665353573,-2.5989860257254875,-33.027523236788035,2026-09-11,2011-06-08,0.5450000166893005,2.1742498874664307,-33.027523236788035,-83.2126007391881,2026-09-11,0.4099999964237213,-10.97560665353573,-10.97560665353573,6,0.371074999794364,False,2026-09-11,0.3488749998807907,True,2026-08-14,-10.177273841783885,0.3026925792058765,-7.49983326591378,-2.687456360109696
2026-09-11,2026-09-04,LITHIUM,ABAT.O,American Battery Technology,21,16,2.0,-19.0,4,2.470000028610229,-11.151077193161518,21,-0.8032120823258548,3,-27.77777855236705,17,-29.42857061113632,17,-42.15456581631452,21,3.347276995590831,16,80.29197226373998,11,147.0000028610229,7,-33.243243330320894,2026-09-11,0.656452365421216,-9.191176373911158,-1.505342426845634,-78.19947003316229,2026-09-11,2016-02-24,11.329999923706056,61.125,-78.19947003316229,-95.95910015769287,2026-09-11,2.7799999713897705,-12.099641320027844,-12.099641320027844,5,3.30452499628067,False,2026-09-11,3.453974996805191,False,2026-08-14,-10.352744381409671,0.8508305420667828,-31.33024711219916,-44.88592370380695
2026-09-11,2026-09-04,LITHIUM,PLS.AX,Pilbara Minerals,22,6,20.0,-2.0,4,4.519999980926514,-11.19843132758206,22,-7.186856526843388,15,-23.90572495984814,14,-7.755104225409681,5,9.708740448500077,6,129.4416200651137,4,217.1929917316434,4,156.09065255300712,6,4.872390740950738,2026-09-11,0.8812455561230703,-11.19843132758206,6.191799301193654,-32.937683465579006,2026-09-11,2007-09-19,6.739999771118164,6.739999771118164,-32.937683465579006,-32.937683465579006,2026-09-11,5.090000152587891,-11.19843132758206,-11.19843132758206,6,4.998350013494491,False,2026-09-11,4.844900014400483,True,2026-08-14,-10.400098515830214,-5.532813902450751,-27.45819351968025,-6.77028963253532
2026-09-11,2026-09-04,LITHIUM,CRML.O,Critical Metals,23,13,6.0,-17.0,4,6.429999828338623,-11.67582907929756,23,-3.453453818964536,7,-33.983573106383645,20,-33.71134067243086,20,-31.5957437310622,16,3.210269801811028,17,356.02836741521367,1,231.44328034460085,3,-20.812808879788523,2026-09-11,0.8280879498344823,-12.635873482405836,-0.1005638071812421,-78.54521195976989,2026-09-11,2022-02-07,29.96999931335449,29.96999931335449,-78.54521195976989,-78.54521195976989,2026-09-11,7.28000020980835,-12.158474350428271,-12.158474350428271,5,9.68490000486374,False,2026-09-11,9.965699999332427,False,2026-08-14,-10.877496267545716,-1.7994111945718982,-37.53604166621576,-32.45548925327458
2026-09-11,2026-09-04,LITHIUM,LTR.AX,Liontown Resources,24,21,5.0,-19.0,4,1.0700000524520874,-12.653058642697657,24,-16.078425689368636,22,-46.09571563017543,26,-34.355824810905176,21,-28.42809036526604,15,39.869290517718944,12,49.65036247544852,16,72.58065229400013,12,-33.9506142405798,2026-09-11,1.0258316070859836,-12.653058642697657,-7.0302375661457726,-59.46969659340504,2026-09-11,2006-12-27,2.640000104904175,3.150000095367432,-59.46969659340504,-66.03174539500205,2026-09-11,1.225000023841858,-12.653058642697657,-12.653058642697657,6,1.7348000040650369,False,2026-09-11,1.7445500031113623,False,2026-08-14,-11.854725830945812,-14.424383064976,-49.64818419000754,-45.59329461406586
2026-09-11,2026-09-04,LITHIUM,LAR.TO,Lithium Argentina AG,25,10,11.0,-14.0,4,8.130000114440918,-13.694267000054449,25,-14.33087133275034,21,-35.0638992237457,22,-16.8711622043061,10,8.544731146596686,8,88.19443961536462,5,196.71533161109264,5,160.57693630280627,5,-0.8536548347858108,2026-09-11,1.4006077179871053,-13.418532298327602,-23.2901132837158,-49.69059287619443,2026-09-11,2008-07-16,16.15999984741211,21.016979217529297,-49.69059287619443,-61.31699027584298,2026-09-11,9.420000076293944,-13.694267000054449,-13.694267000054449,5,10.335749986171722,False,2026-09-11,10.050749986171722,False,2026-08-14,-12.895934188302604,-12.676828708357702,-38.616367783577815,-12.49633520827187
2026-09-11,2026-09-04,LITHIUM,SGML.O,Sigma Lithium,26,18,8.0,-18.0,4,9.5,-23.325264432944422,26,-20.76730457590285,25,-35.50576853203557,24,-26.697531079958893,15,-18.80341747974196,13,74.9539650152557,7,73.67459532694336,12,-10.881799850060192,22,-33.14567224139974,2026-09-11,1.3964005773984594,-25.606893817890487,-13.26099756269247,-59.83086615969098,2026-09-11,2018-07-03,23.64999961853028,42.400001525878906,-59.83086615969098,-77.59434042896989,2026-09-11,12.390000343322754,-23.325264432944422,-23.325264432944422,5,13.47687497138977,False,2026-09-11,12.994824974536895,False,2026-08-14,-22.52693162119258,-19.11326195151021,-39.05823709186768,-44.7883526148858
2026-09-18,2026-09-11,LITHIUM,INR.AX,Ioneer Ltd,1,8,16.0,15.0,4,0.125,24.999998137354893,1,13.636364252114165,1,-7.407411086706306,3,8.69565020211487,2,-19.35483932991305,15,-7.407411086706306,18,24.999998137354893,20,-21.87499825377013,23,-37.50000093132255,2026-09-18,0.8854647293811045,24.999998137354893,21.435954403855646,-53.70370554335315,2026-09-18,2007-12-19,0.270000010728836,0.8500000238418579,-53.70370554335315,-85.2941180595477,2026-09-18,0.1000000014901161,0.0,0.0,6,0.1440000005811452,False,2026-09-18,0.1500750007107853,False,2026-08-21,25.084626548102715,13.947401077586528,-9.406188785410327,-49.048199878692245
2026-09-18,2026-09-11,LITHIUM,CXO.AX,Core Lithium,2,1,1.0,-1.0,4,0.3700000047683715,7.246378564303768,2,-2.63157647072112,5,27.586212212067164,1,76.19048396205714,1,54.16667209938184,1,269.99999925494194,1,306.59342008920555,1,380.5194893159162,1,34.54545336321368,2026-09-18,5.6116920211782535,7.246378564303768,36.508275241973706,-6.329115261120021,2026-09-18,2011-02-11,0.395000010728836,1.8650000095367432,-6.329115261120021,-80.16085775461859,2026-09-18,0.3449999988079071,-8.974358386541947,-5.128200425668883,6,0.2828249986469746,True,2026-09-18,0.2661999984830618,True,2026-08-21,7.33100697505159,-2.3205396452487537,25.58743451336314,22.99725441584399
2026-09-18,2026-09-11,LITHIUM,AVL.TO,Avalon Advanced Materials,3,5,19.0,16.0,4,8.239999771118164,6.735751231330078,3,-0.7228966052757024,3,-16.76767587248197,7,-20.38647857568425,14,-16.76767587248197,13,30.79365310034614,12,66.46464825503602,14,66.46464825503602,10,-16.76767587248197,2026-09-18,0.9544013495620972,6.735751231330078,-33.0785973830414,-66.09053751829151,2026-09-18,1984-05-31,24.30000114440918,7740.0,-66.09053751829151,-99.89354005463672,2026-09-18,7.71999979019165,-0.777201352463408,-0.7228966052757024,6,10.488649628162385,False,2026-09-18,10.6669495844841,False,2026-08-21,6.820379642077901,-0.4118597798033363,-18.766453571185995,-28.31587481985166
2026-09-18,2026-09-11,LITHIUM,SGML.O,Sigma Lithium,4,11,26.0,22.0,4,9.970000267028809,4.947371231882203,4,-16.708437388334662,17,-26.95970296223127,13,-5.228138467702892,8,-14.125748821234684,12,67.84512072368788,6,101.821865415899,10,-18.34561641375813,22,-29.83814046260252,2026-09-18,1.6477891365035875,4.947371231882203,-16.063020409869555,-57.84354998797927,2026-09-18,2018-07-03,23.64999961853028,42.400001525878906,-57.84354998797927,-76.48584927303929,2026-09-18,9.5,-6.526314584832438,0.0,6,13.439724974632265,False,2026-09-18,13.12794997215271,False,2026-08-21,5.031999642630025,-16.397400562862295,-28.95848066093529,-41.38633940997221
2026-09-18,2026-09-11,LITHIUM,CRML.O,Critical Metals,5,6,23.0,18.0,4,6.730000019073486,4.665632950916843,5,-5.344586600634671,6,-33.69457860090051,20,-22.821103062114712,16,-6.267406964120525,9,-1.4641274633910628,17,208.7155877515412,4,254.2105317644136,2,-17.118225197978443,2026-09-18,1.076154911277764,4.665632950916843,5.458223096459808,-77.54421029941557,2026-09-18,2022-02-07,29.96999931335449,29.96999931335449,-77.54421029941557,-77.54421029941557,2026-09-18,6.429999828338623,-2.037843796473404,-2.037843796473404,6,9.659825007915495,False,2026-09-18,9.822975001335143,False,2026-08-21,4.7502613616646645,-5.033549775162305,-35.69335629960454,-28.66642414534813
2026-09-18,2026-09-11,LITHIUM,PMET.TO,PMET Resources Inc,6,7,17.0,11.0,4,4.349999904632568,4.316542567035087,6,-13.86139128047107,12,-27.860700608983503,14,3.080571585407932,4,-8.805033081202772,10,24.285711560930533,14,109.1346184706548,8,52.631580708539886,13,-21.480145585099,2026-09-18,1.1960334051122177,4.316542567035087,14.482473352428848,-43.65284944490162,2026-09-18,2010-03-15,7.71999979019165,493.5,-43.65284944490162,-99.11854105275935,2026-09-18,4.170000076293944,-3.0805602859486414,0.0,6,5.433550000190735,False,2026-09-18,5.386649997234344,False,2026-08-21,4.401170977782909,-13.550354454998704,-29.859478307687528,-33.028344532468694
2026-09-18,2026-09-11,LITHIUM,GLN.AX,Galan Lithium,7,2,20.0,13.0,4,0.375,2.739723343007272,7,-1.3157882353605488,4,-16.666664459087166,6,4.166662527455411,3,38.888883369940544,2,177.7777667398811,2,294.7368470585578,2,240.9090927563425,3,11.940295719096673,2026-09-18,0.8947279848299793,2.739723343007272,13.5452652210923,-31.1926626575162,2026-09-18,2011-06-08,0.5450000166893005,2.1742498874664307,-31.1926626575162,-82.75267244295581,2026-09-18,0.3650000095367431,-4.054058190241916,0.0,6,0.3743749998509884,True,2026-09-18,0.3544249999523163,True,2026-08-21,2.8243517537550944,-1.004751409888183,-18.66544215779119,0.3920967717269796
2026-09-18,2026-09-11,LITHIUM,LI.V,American Lithium,8,13,4.0,-4.0,4,0.449999988079071,0.0,8,4.651158277636491,2,-6.25000038805108,2,-23.07692229316704,17,-29.687500291038315,19,-8.163269526359606,19,30.434779604050654,18,-6.25000038805108,20,-34.78261019797467,2026-09-18,0.554646976728098,0.0,7.912853210775286,-61.53846114658352,2026-09-18,1985-02-11,1.1699999570846558,1050.0,-61.53846114658352,-99.95714285827816,2026-09-18,0.449999988079071,-3.2608728750215588,-2.173917409602921,6,0.5904249988496304,False,2026-09-18,0.6097374995052814,False,2026-08-21,0.0846284107478223,4.962195103108858,-8.248778086755104,-46.33080914534436
2026-09-18,2026-09-11,LITHIUM,LAR.TO,Lithium Argentina AG,9,4,25.0,16.0,4,8.119999885559082,-0.1230040435555857,9,-13.800426541464672,11,-37.10302105707005,22,-3.67734766778558,7,19.23641635516456,3,79.24943729533767,5,191.03942640078176,5,126.18384623103718,4,-0.9756088483765968,2026-09-18,1.525857427848224,-0.1230040435555857,-8.961373038313477,-49.752475481245554,2026-09-18,2008-07-16,16.15999984741211,21.016979217529297,-49.752475481245554,-61.36457194197269,2026-09-18,8.130000114440918,-5.582519102999839,-1.4563093312173536,6,10.345999987125396,False,2026-09-18,10.126899988651276,False,2026-08-21,-0.0383756328077633,-13.489389715992306,-39.10179875577408,-12.523807795746288
2026-09-18,2026-09-11,LITHIUM,LAC.TO,Lithium Americas,10,19,3.0,-7.0,4,4.0,-0.99009807501782,10,-7.621245485464301,7,-35.379645185396825,21,-31.856898160415824,20,-35.89743354616777,21,-9.9099110709451,21,10.192833991578777,21,-8.04597499553582,21,-38.93129948823363,2026-09-18,1.5618723688146612,-0.99009807501782,-24.702158440984228,-71.65131043708361,2026-09-18,2023-10-04,14.109999656677246,16.010000228881836,-71.65131043708361,-75.01561559765595,2026-09-18,4.039999961853027,-3.7128677813167976,-1.2345725525951368,6,6.049450014829636,False,2026-09-18,6.311300010681152,False,2026-08-21,-0.9054696642699978,-7.310208659991934,-37.37842288410085,-50.47949843560332
2026-09-18,2026-09-11,LITHIUM,LIT,Global X Lithium & Battery Tech ETF,11,3,5.0,-6.0,4,70.5,-1.384806117432058,11,-7.975460855858508,8,-14.181377126583406,4,1.5118835102906123,5,10.466938792100189,4,34.234576133897335,11,92.04576888649284,11,69.92045588802497,9,6.382984112277246,2026-09-18,0.5882585938758798,-1.384806117432058,8.29665979570816,-23.05173773569871,2026-09-18,2010-07-23,91.62000274658205,96.30999755859376,-23.05173773569871,-26.79887676551055,2026-09-18,71.48999786376953,-2.2940263514535264,-1.384806117432058,6,74.5750997543335,False,2026-09-18,73.46599983215332,True,2026-08-21,-1.3001777066842355,-7.664424030386142,-16.18015482528743,-5.165214835092446
2026-09-18,2026-09-11,LITHIUM,1772.HK,Ganfeng Lithium,12,21,7.0,-5.0,4,33.86000061035156,-2.308133988985805,12,-16.600980583941837,16,-39.53571319580078,24,-42.65876198504574,25,-33.21498993920636,20,-0.5872012767923374,16,65.17073468464176,15,42.5684236225329,15,-37.412196736847214,2026-09-18,0.5927248967214848,-2.308133988985805,-31.87365430836529,-61.95505549398701,2026-09-18,2018-10-11,89.0,128.0000457763672,-61.95505549398701,-73.54688398353434,2026-09-18,34.65999984741211,-4.731677428933656,-2.308133988985805,6,56.743100013732914,False,2026-09-18,58.34145002365112,False,2026-08-21,-2.223505578237983,-16.28994375846947,-41.534490894504806,-48.960395684216905
2026-09-18,2026-09-11,LITHIUM,SQM,Sociedad Quimica y Minera ADR,13,9,13.0,0.0,4,67.72000122070312,-3.0910076096335226,13,-17.37432652859473,18,-15.020706304412922,5,-9.742766463446609,12,0.0295484096937803,7,57.0500994855732,7,104.5303532840499,9,48.4762120466482,14,-2.88254989167529,2026-09-18,1.2022844625168043,-3.0910076096335226,-31.987681115782525,-28.947641427573355,2026-09-18,1993-09-21,95.30999755859376,113.5199966430664,-28.947641427573355,-40.345310761741175,2026-09-18,69.87999725341797,-5.682453562172651,-5.682453562172651,6,76.5603000831604,False,2026-09-18,74.71140007019044,True,2026-08-21,-3.0063791988857003,-17.06328970312236,-17.019484003116947,-14.43074883904498
2026-09-18,2026-09-11,LITHIUM,EMH.AX,European Metals Holdings,14,16,2.0,-12.0,4,0.2249999940395355,-4.255321442460291,14,-13.46153757981291,10,-19.64285961371295,8,-15.094337288532822,13,-43.0379777397029,24,24.99999172157749,13,28.571427355007263,19,24.99999172157749,18,-37.50000413921127,2026-09-18,0.9614320271469796,-6.250000388051058,-16.607612669559572,-48.86363744119968,2026-09-18,2012-07-19,0.4399999976158142,2.150000095367432,-48.86363744119968,-89.5348844623617,2026-09-18,0.2349999994039535,-6.250000388051058,-6.250000388051058,5,0.2991250007599592,False,2026-09-18,0.2986250007152557,False,2026-08-21,-4.170693031712469,-13.150500754340545,-21.64163731241697,-49.04820308658096
2026-09-18,2026-09-11,LITHIUM,ATLX.O,Atlas Lithium,15,22,15.0,0.0,4,2.900000095367432,-4.2904249917438575,15,-12.65059778073947,9,-25.83120123509358,12,-35.98234081560623,23,-23.68420705900953,17,-35.98234081560623,24,-29.268288711647592,25,-51.09611839263898,26,-33.7899538905012,2026-09-18,0.496512046431062,-4.2904249917438575,-5.05933661005585,-61.07382322666815,2026-09-18,2013-02-28,7.449999809265136,412500.0,-61.07382322666815,-99.99929696967384,2026-09-18,3.0299999713897705,-5.940596318706948,-4.2904249917438575,6,4.253300013542176,False,2026-09-18,4.400625011920929,False,2026-08-21,-4.205796580996035,-12.339560955267103,-27.829978933797605,-45.338152837870894
2026-09-18,2026-09-11,LITHIUM,LTR.AX,Liontown Resources,16,23,24.0,8.0,4,1.0199999809265137,-4.672903651825999,16,-19.68503966571837,22,-50.000000000000014,26,-34.19354759319513,22,-29.41176858813061,18,12.087906761570366,15,52.23879933118252,17,41.66665838824413,16,-37.03703839974038,2026-09-18,1.0756466820609702,-4.672903651825999,-13.8246839256624,-61.36363862138797,2026-09-18,2006-12-27,2.640000104904175,3.150000095367432,-61.36363862138797,-67.61904920490056,2026-09-18,1.0700000524520874,-5.607482153980293,-4.672903651825999,6,1.7258750036358834,False,2026-09-18,1.7467000034451483,False,2026-08-21,-4.588275241078177,-19.374002840246007,-51.99877769870404,-48.58523734711007
2026-09-18,2026-09-11,LITHIUM,SLI,Standard Lithium,17,24,11.0,-6.0,4,2.119999885559082,-4.932741371011595,17,-14.51613430426094,13,-37.82991694433807,23,-46.32911746919466,26,-58.349708801458135,26,-28.378383167648536,23,9.278341393273903,22,54.74451665549551,12,-55.64853990573189,2026-09-18,1.0263390069921046,-4.932741371011595,2.7453147425753506,-62.47787876504073,2026-09-18,2017-06-20,5.650000095367432,12.369999885559082,-62.47787876504073,-82.86176309480811,2026-09-18,2.2300000190734863,-8.071751803481508,-4.932741371011595,6,3.642750006318092,False,2026-09-18,3.7632500058412552,False,2026-08-21,-4.848112960263773,-14.205097478788575,-39.8286946430421,-67.19673885310158
2026-09-18,2026-09-11,LITHIUM,ALB,Albermale,18,17,9.0,-9.0,4,110.91000366210938,-5.624568728531376,18,-22.575913673920155,25,-30.832554137534466,16,-33.11825216337937,21,-21.04925467308576,16,37.04436333112957,10,86.71717308591147,12,41.28662886892913,17,-22.941701308950368,2026-09-18,1.216196884532265,-5.624568728531376,-26.319540011572904,-48.56228263903317,2026-09-18,1994-02-22,215.6199951171875,325.3800048828125,-48.56228263903317,-65.91370028958778,2026-09-18,117.5199966430664,-6.849894190188632,-5.624568728531376,6,156.33734985351563,False,2026-09-18,155.00069988250732,False,2026-08-21,-5.539940317783554,-22.264876848447788,-32.83133183623848,-34.489900256320055
2026-09-18,2026-09-11,LITHIUM,VULG.DE,Vulcan Energy Resources,19,25,12.0,-7.0,4,1.406999945640564,-6.387230472400319,19,-17.42958047004839,19,-31.76528026612231,17,-25.55555786825784,18,-36.045458402515365,22,-40.9133384155957,25,-19.15354316146124,24,-35.47174063368057,25,-45.12480478548139,2026-09-18,1.4500161518442205,-6.387230472400319,-60.90041829255304,-58.54027825306707,2026-09-18,2022-02-15,3.3936550617218018,6.09117603302002,-58.54027825306707,-76.90101323597818,2026-09-18,1.503000020980835,-8.782432976699528,-6.387230472400319,6,2.084252148270607,False,2026-09-18,2.21887724339962,False,2026-08-21,-6.302602061652497,-17.11854364457602,-33.764057964826335,-56.67300373285108
2026-09-18,2026-09-11,LITHIUM,LTBR.O,Lightbridge,20,26,10.0,-10.0,4,6.519999980926514,-7.122507141859124,20,-20.681268015539555,24,-33.67243101189794,19,-40.61930553051219,24,-51.73945321638129,25,-56.93527190835203,26,-50.03831505262711,26,-29.207383779356423,24,-53.79163614762338,2026-09-18,1.9441278228516043,-7.122507141859124,-48.26245042940904,-76.47907596525295,2026-09-18,2000-11-10,27.71999931335449,4050.0,-76.47907596525295,-99.83901234614996,2026-09-18,7.019999980926514,-7.834760573065891,-7.122507141859124,6,11.539549996852877,False,2026-09-18,12.514974989891051,False,2026-08-21,-7.037878731111302,-20.370231190067187,-35.67120871060197,-65.33983509499308
2026-09-18,2026-09-11,LITHIUM,PLS.AX,Pilbara Minerals,21,10,22.0,1.0,4,4.170000076293944,-7.743360754634909,21,-17.751480569921043,21,-32.414910458174816,18,-9.15032815537371,11,5.837563851096572,5,82.09607623397747,4,220.76924840374167,3,111.1392418204773,6,-3.248256806131411,2026-09-18,1.3620060574832908,-7.743360754634909,-29.51249926023688,-38.1305605652544,2026-09-18,2007-09-19,6.739999771118164,6.739999771118164,-38.1305605652544,-38.1305605652544,2026-09-18,4.519999980926514,-7.743360754634909,-7.743360754634909,6,5.006100010871887,False,2026-09-18,4.889350016117096,True,2026-08-21,-7.6587323438870865,-17.440443744448675,-34.41368815687884,-14.796455753501103
2026-09-18,2026-09-11,LITHIUM,DLI.AX,Delta Lithium,22,18,8.0,-14.0,4,0.1550000011920929,-8.82352966957023,22,-16.216216651604377,15,-22.50000055879352,10,-20.51281698591832,15,-18.421050980480736,14,-8.82352966957023,20,-18.421050980480736,23,-6.060609070941525,19,-31.11110875635964,2026-09-18,1.2987428988176828,-8.82352966957023,-21.202170359245624,-52.30769019155099,2026-09-18,2017-11-03,0.324999988079071,0.9354239702224731,-52.30769019155099,-83.42997334617917,2026-09-18,0.1700000017881393,-8.82352966957023,-8.82352966957023,6,0.2070250003784895,False,2026-09-18,0.2103374999761581,False,2026-08-21,-8.738901258822407,-15.905179826132011,-24.498778257497545,-42.65930770372933
2026-09-18,2026-09-11,LITHIUM,IGO.AX,IGO Limited,23,13,14.0,-9.0,4,6.880000114440918,-9.234826072701184,23,-17.703344533683474,20,-20.37037221001985,9,-6.521739271277505,10,-9.354414016775614,11,43.33333002196432,8,66.99029867830457,13,58.89146040797877,11,-16.199755390089386,2026-09-18,1.5076080487702186,-9.234826072701184,-55.99132626332498,-31.405779684872915,2026-09-18,2002-01-17,10.029999732971191,16.393840789794922,-31.405779684872915,-58.033018603403285,2026-09-18,7.579999923706055,-9.234826072701184,-9.234826072701184,6,8.023649978637696,False,2026-09-18,7.857399983406067,True,2026-08-21,-9.150197661953364,-17.392307708211106,-22.36914990872388,-27.74795433745908
2026-09-18,2026-09-11,LITHIUM,ELV.AX,Elevra Lithium,24,15,18.0,-6.0,4,6.400000095367432,-10.489510349600328,24,-29.51541685965968,26,-46.57762654494449,25,-5.3254455817370765,9,-4.90341638589602,8,106.4516223308078,3,184.4444486829969,6,103.17460005095344,8,-19.19191876621517,2026-09-18,2.184996892860554,-10.489510349600328,-29.663811686576626,-53.62318835571968,2026-09-18,2004-03-30,13.800000190734863,256.91192626953125,-53.62318835571968,-97.50887388207389,2026-09-18,7.150000095367432,-12.30769374410331,-10.489510349600328,6,9.006500024795532,False,2026-09-18,8.730850021839142,True,2026-08-21,-10.404881938852506,-29.20438003418732,-48.57640424364852,-30.74011771358487
2026-09-18,2026-09-11,LITHIUM,MIN.AX,Mineral Resources,25,11,6.0,-19.0,4,52.83000183105469,-11.015659791965671,25,-20.30472001595625,23,-25.34971833119249,11,-2.707177581325948,6,0.6285749162946441,6,37.18515744913531,9,133.86454835859104,7,112.51005846337983,5,-4.707786544563309,2026-09-18,1.835788167689223,-11.015659791965671,-40.5582243848129,-28.925063191667256,2026-09-18,2006-07-28,74.33000183105469,96.27999877929688,-28.925063191667256,-45.12878842867752,2026-09-18,59.369998931884766,-11.015659791965671,-11.015659791965671,6,60.206199970245365,False,2026-09-18,58.85170000076294,True,2026-08-21,-10.93103138121785,-19.99368319048388,-27.34849602989652,-16.255985491933
2026-09-18,2026-09-11,LITHIUM,ABAT.O,American Battery Technology,26,19,21.0,-5.0,4,2.180000066757202,-11.740889007851486,26,-15.175092475333171,14,-30.128200425668883,15,-29.220775300082305,19,-42.175064249696725,23,-27.33333110809326,22,62.68656809363442,16,109.6153987229934,7,-41.08108003614941,2026-09-18,1.3514338486306143,-11.740889007851486,-14.84755943692457,-80.75904605969211,2026-09-18,2016-02-24,11.329999923706056,61.125,-80.75904605969211,-96.4335377230966,2026-09-18,2.470000028610229,-14.170046113241474,-11.740889007851486,6,3.271324995756149,False,2026-09-18,3.3895749962329864,False,2026-08-21,-11.656260597103664,-14.864055649860807,-32.126978124372904,-52.6292789835191
2026-09-25,2026-09-18,LITHIUM,CRML.O,Critical Metals,1,2,5.0,4.0,4,7.829999923706055,16.344723648069248,1,9.971910808411778,1,-15.442767492765586,8,-1.1363655520317262,4,1.1627927034794985,4,11.538460754705524,13,182.67147933651125,6,451.4084619961193,1,-3.571428151972933,2026-09-25,3.579232752969016,16.344723648069248,8.958678197425463,-73.87387352986343,2026-09-25,2022-02-07,29.96999931335449,29.96999931335449,-73.87387352986343,-73.87387352986343,2026-09-25,6.730000019073486,-17.256164487457802,-16.07717054947382,6,9.636425008773804,False,2026-09-25,9.74897500514984,False,2026-08-28,15.130291176335376,9.561493580866887,-20.68803333181406,-16.4743046489938
2026-09-25,2026-09-18,LITHIUM,LTBR.O,Lightbridge,2,21,20.0,18.0,4,6.849999904632568,5.061348537905364,2,-9.271526734016687,9,-23.120089540493804,16,-39.380532840618486,22,-50.1818188753995,24,-64.76337594419397,26,-50.39826432660824,26,-18.79075798618818,23,-51.45286979939112,2026-09-25,0.6911362468032709,5.061348537905364,-39.2495287020397,-75.28860002051844,2026-09-25,2000-11-10,27.71999931335449,4050.0,-75.28860002051844,-99.8308641998856,2026-09-25,6.519999980926514,-1.8978119160702576,0.0,6,11.2901499915123,False,2026-09-25,12.198724997043607,False,2026-08-28,3.8469160661714894,-9.68194396156158,-28.36535537954228,-64.355746296412
2026-09-25,2026-09-18,LITHIUM,PMET.TO,PMET Resources Inc,3,5,6.0,3.0,4,4.510000228881836,3.678168454184872,3,-7.581964690209264,5,-21.9723172115356,14,2.500002980232164,2,-21.015758340600023,11,6.619390272950376,14,122.1675020908605,9,61.07143948881013,10,-18.592053069738213,2026-09-25,0.650725622641649,3.678168454184872,9.866674321750343,-41.58030632835192,2026-09-25,2010-03-15,7.71999979019165,493.5,-41.58030632835192,-99.08611950782536,2026-09-25,4.349999904632568,-4.904051519560038,-3.837949384702144,6,5.428500001430511,False,2026-09-25,5.430699998140335,False,2026-08-28,2.4637359824509986,-7.992381917754154,-27.21758305058407,-31.49492956675908
2026-09-25,2026-09-18,LITHIUM,ABAT.O,American Battery Technology,4,10,26.0,22.0,4,2.259999990463257,3.669721158543648,4,-12.062254896185388,10,-16.29629812776957,9,-20.979018414001192,12,-40.83769555082837,19,-47.926269331680885,23,76.56250320142142,13,113.20755777939624,7,-38.91891996385058,2026-09-25,0.7215570642987047,3.669721158543648,-28.35080378415074,-80.05295670183898,2026-09-25,2016-02-24,11.329999923706056,61.125,-80.05295670183898,-96.3026585023096,2026-09-25,2.180000066757202,-5.857744717956315,-5.439335093507458,6,3.2290749943256376,False,2026-09-25,3.352199994325638,False,2026-08-28,2.455288686809776,-12.472672123730275,-21.54156396681805,-51.821796460871454
2026-09-25,2026-09-18,LITHIUM,DLI.AX,Delta Lithium,5,12,22.0,17.0,4,0.1599999964237213,3.2258033504347416,5,-8.571429057997083,6,-3.030309050973967,2,-23.80952313373413,16,-30.43478542555026,15,-5.882356034843095,17,-3.030309050973967,23,-5.882356034843095,20,-28.888888594544948,2026-09-25,0.8554559833836831,3.2258033504347416,-1.1812128570287586,-50.76923006385032,2026-09-25,2017-11-03,0.324999988079071,0.9354239702224731,-50.76923006385032,-82.89545687121228,2026-09-25,0.1550000011920929,-5.882356034843095,-5.882356034843095,6,0.2058750005066394,False,2026-09-25,0.2104749999940395,False,2026-08-28,2.011370878700869,-8.981846285541973,-8.27557489002244,-41.79176509156581
2026-09-25,2026-09-18,LITHIUM,MIN.AX,Mineral Resources,6,6,25.0,19.0,4,52.4099998474121,-0.7950065665068728,6,-19.935837793428966,16,-18.28811919840685,12,-7.810024179209318,6,-4.69176532515907,6,25.92503890542197,10,159.71258203583844,7,117.64950171704945,6,-5.465365898903773,2026-09-25,1.0186623904040166,-0.7950065665068728,-38.7539855042732,-29.49011360643411,2026-09-25,2006-07-28,74.33000183105469,96.27999877929688,-29.49011360643411,-45.56501816379141,2026-09-25,52.83000183105469,-4.256488417265159,-4.256488417265159,6,60.29404996871949,False,2026-09-25,59.37320001602173,True,2026-08-28,-2.0094390382407457,-20.346255020973857,-23.533385037455325,-18.36824239592464
2026-09-25,2026-09-18,LITHIUM,ALB,Albermale,7,14,18.0,11.0,4,109.7300033569336,-1.0639259455537342,7,-20.1150241195731,17,-22.20489118552621,15,-39.50603466224187,23,-26.851538314046664,13,29.35282445881484,8,81.73236405402871,11,41.27720605613041,14,-23.76154454192674,2026-09-25,1.069203944315272,-1.0639259455537342,-21.77149330137648,-49.1095418598371,2026-09-25,1994-02-22,215.6199951171875,325.3800048828125,-49.1095418598371,-66.27635327608607,2026-09-25,110.91000366210938,-7.320207900995534,-6.05308177234487,6,156.01239990234376,False,2026-09-25,156.05019981384277,False,2026-08-28,-2.278358417287607,-20.52544134711799,-27.45015702457469,-36.66442103894761
2026-09-25,2026-09-18,LITHIUM,SQM,Sociedad Quimica y Minera ADR,8,6,13.0,5.0,4,66.88999938964844,-1.225637649281286,8,-14.930685837279745,14,-8.507729679628028,4,-15.50025733302749,9,-6.630374149174467,7,50.44984428038215,5,95.18528887120247,10,56.614377952460536,12,-4.072857924224893,2026-09-25,0.9526217133534436,-1.225637649281286,-40.25636918537757,-29.81848588493936,2026-09-25,1993-09-21,95.30999755859376,113.5199966430664,-29.81848588493936,-41.07646109260702,2026-09-25,67.72000122070312,-4.701528618000284,-4.701528618000284,6,76.72535011291504,False,2026-09-25,75.50245004653931,True,2026-08-28,-2.4400701210151587,-15.341103064824637,-13.752995518676505,-16.97573442124576
2026-09-25,2026-09-18,LITHIUM,LIT,Global X Lithium & Battery Tech ETF,9,3,11.0,2.0,4,69.0199966430664,-2.0992955417497794,9,-9.267783725569668,8,-12.020396012758628,5,-4.165509774831156,5,1.6644531795212636,3,23.360135302776182,11,81.05980738980534,12,69.79088327740008,9,4.149690869627842,2026-09-25,0.440806221468537,-2.0992955417497794,-14.951643387568335,-24.667109174867107,2026-09-25,2010-07-23,91.62000274658205,96.30999755859376,-24.667109174867107,-28.33558468208295,2026-09-25,70.5,-3.5188589258351888,-3.23847627742887,6,74.7490997505188,False,2026-09-25,73.86234979629516,True,2026-08-28,-3.313728013483652,-9.678200953114558,-17.265661851807103,-8.753185627393023
2026-09-25,2026-09-18,LITHIUM,LAC.TO,Lithium Americas,10,20,10.0,0.0,4,3.900000095367432,-2.499997615814198,10,-8.8785069115203,7,-28.702006490739016,20,-30.48128337700656,18,-37.0967707202287,18,-62.0622548961854,25,8.938552471534965,21,-6.698558480144223,21,-40.458015545036496,2026-09-25,1.5472143060069643,-2.499997615814198,-25.610467661878527,-72.36002700027109,2026-09-25,2023-10-04,14.109999656677246,16.010000228881836,-72.36002700027109,-75.64022461204041,2026-09-25,4.0,-7.5829315339773,-7.5829315339773,6,5.965200012922287,False,2026-09-25,6.251750011444091,False,2026-08-28,-3.714430087548071,-9.288924139065193,-33.94727232978749,-53.36089204205736
2026-09-25,2026-09-18,LITHIUM,LAR.TO,Lithium Argentina AG,11,8,9.0,-2.0,4,7.849999904632568,-3.3251229646775182,11,-17.972830146712372,15,-31.140349409550083,21,-21.50000095367432,13,4.806410474170964,2,47.556384423594864,6,189.6678890823999,4,141.538458604079,4,-4.268291619191322,2026-09-25,0.6889164970804068,-3.3251229646775182,-23.681563303936827,-51.42326745820063,2026-09-25,2008-07-16,16.15999984741211,21.016979217529297,-51.42326745820063,-62.64924743283162,2026-09-25,8.119999885559082,-8.401398084372003,-8.401398084372003,6,10.368199985027314,False,2026-09-25,10.22394998550415,False,2026-08-28,-4.539555436411391,-18.383247374257262,-36.38561524859856,-17.171168116212186
2026-09-25,2026-09-18,LITHIUM,SGML.O,Sigma Lithium,12,12,4.0,-8.0,4,9.579999923706056,-3.9117385444060737,12,-21.8597084432535,19,-21.15226152686166,13,-8.587782994675807,7,-33.93103500892376,16,33.05555802068598,7,123.83176294598894,8,-18.11965743691953,22,-32.58268896559894,2026-09-25,1.0935924540303354,-3.9117385444060737,-34.09815107613603,-59.49260009205277,2026-09-25,2018-07-03,23.64999961853028,42.400001525878906,-59.49260009205277,-77.40566137041554,2026-09-25,9.970000267028809,-9.451795909368144,-9.451795909368144,6,13.439774980545044,False,2026-09-25,13.304749970436095,False,2026-08-28,-5.1261710161399465,-22.27012567079839,-26.397527365910136,-45.4855654626198
2026-09-25,2026-09-18,LITHIUM,IGO.AX,IGO Limited,13,9,23.0,10.0,4,6.579999923706056,-4.360467816056735,13,-23.31002351729762,20,-13.874345043243308,7,-15.964240257723471,10,-18.15920454072336,9,28.015566043293315,9,67.00507178032962,14,59.32202763623402,11,-19.85383808608136,2026-09-25,0.6457594106161278,-4.360467816056735,-71.12301905154747,-34.396808585389074,2026-09-25,2002-01-17,10.029999732971191,16.393840789794922,-34.396808585389074,-59.86297532057241,2026-09-25,6.880000114440918,-5.187321765795305,-5.187321765795305,6,8.020049977302552,False,2026-09-25,7.934499983787536,True,2026-08-28,-5.574900287790608,-23.72044074484251,-19.11961088229178,-32.75671458310222
2026-09-25,2026-09-18,LITHIUM,LI.V,American Lithium,14,15,8.0,-6.0,4,0.4300000071525573,-4.444440323629384,14,-6.521739271277516,4,-5.494506646146946,3,-21.81818221226212,14,-34.8484863536526,17,-42.66666571299236,20,26.4705890087108,19,-1.1494241848790665,19,-37.68115816835446,2026-09-25,0.6204291642240914,-4.444440323629384,-24.64715639734981,-63.24786128847315,2026-09-25,1985-02-11,1.1699999570846558,1050.0,-63.24786128847315,-99.95904761836644,2026-09-25,0.449999988079071,-4.444440323629384,-4.444440323629384,6,0.5840749986469745,False,2026-09-25,0.6059874993562698,False,2026-08-28,-5.658872795363257,-6.932156498822407,-10.73977248519542,-50.58403466537533
2026-09-25,2026-09-18,LITHIUM,EMH.AX,European Metals Holdings,15,17,14.0,-1.0,4,0.2150000035762786,-4.444440323629417,15,-12.24489820743292,11,-23.214284763956595,17,-17.307687899064582,11,-29.50819720186492,14,4.878051439826514,15,34.375005238689546,18,26.47058900871077,18,-40.27777915751488,2026-09-25,0.8935281686663348,-6.5217392712775375,-32.11720419459788,-51.13636255880034,2026-09-25,2012-07-19,0.4399999976158142,2.150000095367432,-51.13636255880034,-90.0000002772309,2026-09-25,0.2249999940395355,-6.5217392712775375,-6.5217392712775375,5,0.2993250008672475,False,2026-09-25,0.2991750007867813,False,2026-08-28,-5.65887279536329,-12.65531543497781,-28.45955060300507,-53.18065565453574
2026-09-25,2026-09-18,LITHIUM,CXO.AX,Core Lithium,16,1,2.0,-14.0,4,0.3449999988079071,-6.756758280615427,16,-5.479454851034104,3,25.45454230190318,1,56.818182126057046,1,21.05263267967952,1,213.63636425211428,1,296.55173417834914,1,353.9473814492501,2,25.45454230190318,2026-09-25,2.110472650160404,-6.756758280615427,40.47912724861894,-17.85714057635279,2026-09-25,2011-02-11,0.4199999868869781,1.8650000095367432,-17.85714057635279,-81.50134064108646,2026-09-25,0.3700000047683715,-17.85714057635279,-17.85714057635279,6,0.2868499984592199,True,2026-09-25,0.2718499986082315,True,2026-08-28,-7.9711907523493,-5.889872078578994,20.209276462854707,12.551665804882315
2026-09-25,2026-09-18,LITHIUM,ATLX.O,Atlas Lithium,17,23,15.0,-2.0,4,2.700000047683716,-6.896553141608641,17,-14.28571536697766,13,-23.512745904620548,18,-36.01895303504041,20,-43.632566405298846,22,-43.75000124176338,21,-30.23255484428371,25,-51.78571261313494,26,-38.35616490552637,2026-09-25,0.9799735304102886,-6.896553141608641,-13.499685851006827,-63.75838769383751,2026-09-25,2013-02-28,7.449999809265136,412500.0,-63.75838769383751,-99.9993454545339,2026-09-25,2.900000095367432,-13.07189099440028,-11.764702674105951,6,4.2015500116348266,False,2026-09-25,4.372350014448166,False,2026-08-28,-8.110985613342514,-14.696132594522547,-28.758011743669023,-51.25904140254724
2026-09-25,2026-09-18,LITHIUM,ELV.AX,Elevra Lithium,18,15,24.0,6.0,4,5.949999809265137,-7.031254365574502,18,-28.3132569574274,25,-43.3872532855486,25,-24.873740505702656,17,-25.810480428273475,12,72.96510785737524,3,183.3333371177554,5,120.37035941423557,5,-24.873740505702656,2026-09-25,1.2731432682175112,-7.031254365574502,-29.11924351733669,-56.88405994907241,2026-09-25,2004-03-30,13.800000190734863,256.91192626953125,-56.88405994907241,-97.68403129599253,2026-09-25,6.400000095367432,-7.031254365574502,-7.031254365574502,6,9.01575002193451,False,2026-09-25,8.846250026226043,False,2026-08-28,-8.245686837308375,-28.723674184972293,-48.63251912459707,-37.776617002723526
2026-09-25,2026-09-18,LITHIUM,LTR.AX,Liontown Resources,19,22,16.0,-3.0,4,0.9399999976158142,-7.843135765358711,19,-21.33891578607251,18,-46.59090893697147,26,-45.664740621260925,24,-43.8805955596638,23,3.867406335084822,16,38.2352923130082,16,50.39999961853028,13,-41.97530895993943,2026-09-25,0.9493668123834408,-7.843135765358711,-12.376387893413272,-64.39394089910712,2026-09-25,2006-12-27,2.640000104904175,3.150000095367432,-64.39394089910712,-70.15873113787421,2026-09-25,1.0199999809265137,-10.476186637705243,-10.476186637705243,6,1.7153500032424926,False,2026-09-25,1.7481500044465066,False,2026-08-28,-9.057568237092584,-21.7493330136174,-51.836174776019945,-54.878185456960296
2026-09-25,2026-09-18,LITHIUM,PLS.AX,Pilbara Minerals,20,11,21.0,1.0,4,3.839999914169312,-7.913672807841232,20,-28.358212341096905,26,-28.62453842961749,19,-21.95122246701583,15,-10.904873198376974,8,59.99999006589292,4,208.43372686442137,3,109.2642961493906,8,-10.904873198376974,2026-09-25,1.040863555577127,-7.913672807841232,-49.26757937684679,-43.02670557016567,2026-09-25,2007-09-19,6.739999771118164,6.739999771118164,-43.02670557016567,-43.02670557016567,2026-09-25,4.170000076293944,-8.133969572540556,-8.133969572540556,6,5.008050010204316,False,2026-09-25,4.941650013923645,True,2026-08-28,-9.128105279575106,-28.768629568641792,-33.869804268665966,-23.80774969539784
2026-09-25,2026-09-18,LITHIUM,INR.AX,Ioneer Ltd,21,18,1.0,-20.0,4,0.1150000020861625,-7.999998331070001,21,4.545457008456388,2,-17.857141716747893,11,0.0,3,-41.02563779264739,20,-25.80645083760873,19,18.55669968477132,20,-23.33333498901785,24,-42.49999981373551,2026-09-25,0.4888359829130901,-7.999998331070001,8.082368797768206,-57.40740832723215,2026-09-25,2007-12-19,0.270000010728836,0.8500000238418579,-57.40740832723215,-86.47058836935302,2026-09-25,0.125,-7.999998331070001,-7.999998331070001,6,0.1425500005111098,False,2026-09-25,0.148750000745058,False,2026-08-28,-9.214430802803877,4.135039780911498,-23.10240755579637,-55.40287631075638
2026-09-25,2026-09-18,LITHIUM,1772.HK,Ganfeng Lithium,22,24,12.0,-10.0,4,31.07999992370605,-8.2102794936029,22,-24.81857811081687,21,-41.08056886501223,24,-52.585814680793376,26,-43.284670882464106,21,-18.38235706606519,18,38.13333299424912,17,40.31602916013191,15,-42.55083031365838,2026-09-25,0.6035944612642492,-8.2102794936029,-63.06804247747559,-65.0786517711168,2026-09-25,2018-10-11,89.0,128.0000457763672,-65.0786517711168,-75.7187587432532,2026-09-25,33.86000061035156,-10.069448238721456,-10.069448238721456,6,56.34680004119873,False,2026-09-25,58.11755002975464,False,2026-08-28,-9.424711965336773,-25.22899533836176,-46.325834704060696,-55.45370681067925
2026-09-25,2026-09-18,LITHIUM,AVL.TO,Avalon Advanced Materials,23,19,3.0,-20.0,4,7.489999771118163,-9.101942000396756,23,-27.63285512019892,24,-16.777780320909297,10,-30.648145368233127,19,-20.740741563034906,10,18.88889065495249,12,38.70370926353377,15,38.70370926353377,16,-24.3434337401509,2026-09-25,1.032398997833352,-9.101942000396756,-57.19070324413495,-69.17695712602293,2026-09-25,1984-05-31,24.30000114440918,7740.0,-69.17695712602293,-99.90322997711732,2026-09-25,8.239999771118164,-15.079364736106838,-15.079364736106838,6,10.420524649620056,False,2026-09-25,10.600349605083466,False,2026-08-28,-10.31637447213063,-28.04327234774381,-22.02304615995777,-37.24631023717177
2026-09-25,2026-09-18,LITHIUM,SLI,Standard Lithium,24,25,17.0,-7.0,4,1.8600000143051147,-12.26414553250793,24,-27.058821604463567,22,-36.51877228918692,23,-49.8652292404254,25,-59.12088052012348,26,-50.79365004277343,24,3.3333368654605344,22,34.78261019797466,17,-61.08786751748512,2026-09-25,1.4380108758977617,-12.26414553250793,-31.79024747977656,-67.0796463201802,2026-09-25,2017-06-20,5.650000095367432,12.369999885559082,-67.0796463201802,-84.96362141056682,2026-09-25,2.119999885559082,-15.83710487784986,-15.83710487784986,6,3.579550009965897,False,2026-09-25,3.7437000066041946,False,2026-08-28,-13.478578004241804,-27.469238832008458,-41.76403812823539,-73.99074401450598
2026-09-25,2026-09-18,LITHIUM,VULG.DE,Vulcan Energy Resources,25,26,19.0,-6.0,4,1.2239999771118164,-13.006394854225334,25,-27.31591650706025,23,-35.71428839756797,22,-38.80000114440918,21,-54.80059076392114,25,-47.0351154299698,22,-29.60107815159203,24,-51.10661419959494,25,-52.262089352108646,2026-09-25,1.8608113171702456,-13.006394854225334,-73.18870036741048,-63.9326933689363,2026-09-25,2022-02-15,3.3936550617218018,6.09117603302002,-63.9326933689363,-79.90535866183211,2026-09-25,1.406999945640564,-13.006394854225334,-13.006394854225334,6,2.0565949982404708,False,2026-09-25,2.18565997004509,False,2026-08-28,-14.220827325959206,-27.726333734605145,-40.95955423661644,-65.16496584912952
2026-09-25,2026-09-18,LITHIUM,GLN.AX,Galan Lithium,26,4,7.0,-19.0,4,0.3149999976158142,-16.000000635782875,26,-12.500004139211264,12,-12.500004139211264,6,-9.999999148505056,8,-4.5454590609577465,5,133.33332229543663,2,235.1063919167225,2,173.91303643612451,3,-5.970152307656019,2026-09-25,1.7889812130040077,-16.000000635782875,8.809374267424046,-42.20183706977888,2026-09-25,2011-06-08,0.5450000166893005,2.1742498874664307,-42.20183706977888,-85.51224496173843,2026-09-25,0.375,-21.25000176951285,-21.25000176951285,6,0.3773249999433756,False,2026-09-25,0.3601249998807907,False,2026-08-28,-17.214433107516747,-12.910421366756154,-17.74526997825974,-18.873028804676885
2026-10-02,2026-09-25,LITHIUM,DLI.AX,Delta Lithium,1,11,5.0,4.0,4,0.1650000065565109,3.1250064028428337,1,-8.333333333333304,5,-5.714280362031787,2,-23.25581218050004,10,-26.666661809991787,11,-8.333333333333304,14,6.45161631452178,21,0.0,19,-26.666661809991787,2026-10-02,1.6827419715365493,3.1250064028428337,14.42467530731664,-49.23076535117682,2026-10-02,2017-11-03,0.324999988079071,0.9354239702224731,-49.23076535117682,-82.36093880326065,2026-10-02,0.1599999964237213,-8.333333333333304,-8.333333333333304,6,0.2051000006496906,False,2026-10-02,0.2096500001847744,False,2026-09-04,3.3922005845891112,-8.386712406421326,-8.914498088153632,-39.26786838998842
2026-10-02,2026-09-25,LITHIUM,LIT,Global X Lithium & Battery Tech ETF,2,2,9.0,7.0,4,69.27999877929688,0.3767055185109003,2,-6.605556087517317,3,-9.473409271713306,3,-6.592961453915558,4,4.542028502645756,2,18.56922542778081,11,77.68657552420288,9,79.38891945980646,9,4.542028502645756,2026-10-02,0.7272807386308712,0.3767055185109003,-35.354589627280866,-24.38332601787504,2026-10-02,2010-07-23,91.62000274658205,96.30999755859376,-24.38332601787504,-28.065620874771792,2026-10-02,69.0199966430664,-1.1590777474250191,0.0,6,74.85254974365235,False,2026-10-02,74.15584981918335,True,2026-09-04,0.6438997002571778,-6.658935160605339,-12.673626997835152,-8.059178077350882
2026-10-02,2026-09-25,LITHIUM,LAR.TO,Lithium Argentina AG,3,4,11.0,8.0,4,7.820000171661377,-0.3821622080974474,3,-16.985136854288065,11,-31.040563788027985,18,-25.381674492013705,11,-4.634142029788835,3,50.96525928205444,3,144.3750017229467,3,156.39345225964925,4,-4.634142029788835,2026-10-02,1.064029589366129,-0.3821622080974474,-14.761510717046274,-51.60890937190394,2026-10-02,2008-07-16,16.15999984741211,21.016979217529297,-51.60890937190394,-62.79198789358333,2026-10-02,7.849999904632568,-2.0382146414764657,-1.0126572498773243,6,10.383449988365172,False,2026-10-02,10.300799987316132,False,2026-09-04,-0.1149680263511698,-17.03851592737609,-34.24078151414983,-17.235348609785476
2026-10-02,2026-09-25,LITHIUM,IGO.AX,IGO Limited,4,7,13.0,9.0,4,6.449999809265137,-1.975685652708925,4,-22.2891607103196,17,-13.072779744677486,6,-18.86792498097749,7,-21.437274308211503,9,23.800379309770435,8,55.79710186658717,12,71.99999491373698,11,-21.437274308211503,2026-10-02,1.0109474555047897,-1.975685652708925,-69.92073916097829,-35.69292142588672,2026-10-02,2002-01-17,10.029999732971191,16.393840789794922,-35.69292142588672,-60.6559567585881,2026-10-02,6.579999923706056,-3.6418853171205856,-2.124436116557238,6,8.00404997587204,False,2026-10-02,7.977949981689453,True,2026-09-04,-1.7084914709626475,-22.342539783407624,-16.272997470799332,-34.03848088820814
2026-10-02,2026-09-25,LITHIUM,MIN.AX,Mineral Resources,5,3,6.0,1.0,4,50.97999954223633,-2.728487520204381,5,-18.35361841210962,14,-20.04391329317331,8,-3.2270325609174755,2,-8.044731592623066,5,23.61784060948573,9,124.77953640327874,5,119.4576002877034,6,-8.044731592623066,2026-10-02,0.8201706368146557,-2.728487520204381,-41.25798047798981,-31.41396705719285,2026-10-02,2006-07-28,74.33000183105469,96.27999877929688,-31.41396705719285,-47.05026984981788,2026-10-02,52.4099998474121,-4.789159184966363,-2.728487520204381,6,60.28769998550415,False,2026-10-02,59.71514999389648,True,2026-09-04,-2.461293338458104,-18.406997485197643,-23.24413101929516,-20.645938172619704
2026-10-02,2026-09-25,LITHIUM,ABAT.O,American Battery Technology,6,12,4.0,-2.0,4,2.190000057220459,-3.097342191955021,6,-21.2230187137146,16,-22.064053316164934,10,-21.2230187137146,8,-40.810810027112055,16,-56.287426004584496,23,16.489365041228975,16,114.70589197768216,7,-40.810810027112055,2026-10-02,1.998269325795477,-3.097342191955021,8.17191017728919,-80.67078488996047,2026-10-02,2016-02-24,11.329999923706056,61.125,-80.67078488996047,-96.41717782049822,2026-10-02,2.259999990463257,-3.9473647060816464,-3.9473647060816464,6,3.1820249927043918,False,2026-10-02,3.324874995946884,False,2026-09-04,-2.830148010208744,-21.276397786802622,-25.26427104228678,-53.4120166071087
2026-10-02,2026-09-25,LITHIUM,1772.HK,Ganfeng Lithium,7,19,22.0,15.0,4,30.0,-3.474903237957505,7,-18.07755086011425,13,-37.60399572068419,23,-58.96032746071722,26,-44.54713337126877,18,-37.60399572068419,19,26.582274406134545,14,43.884889453825934,15,-44.54713337126877,2026-10-02,0.4316710602564341,-4.519414617587225,-40.36771150117403,-66.29213483146069,2026-10-02,2018-10-11,89.0,128.0000457763672,-66.29213483146069,-76.56250838190017,2026-10-02,31.07999992370605,-4.054054800433827,-3.474903237957505,5,55.98155006408692,False,2026-10-02,57.79025001525879,False,2026-09-04,-3.207709056211228,-18.130929933202275,-40.80421344680603,-57.1483399512654
2026-10-02,2026-09-25,LITHIUM,SQM,Sociedad Quimica y Minera ADR,8,5,8.0,0.0,4,64.5199966430664,-3.543134651229796,8,-15.582891030425438,9,-11.251720286865227,4,-22.46124582026812,9,-7.471685735046119,4,44.59883054134591,5,72.32905718388322,10,62.23282851501999,12,-7.471685735046119,2026-10-02,0.9440727274864728,-3.543134651229796,-50.46599485544518,-32.3051114303078,2026-10-02,1993-09-21,95.30999755859376,113.5199966430664,-32.3051114303078,-43.16420141736573,2026-10-02,66.88999938964844,-4.141122242998674,-3.543134651229796,6,76.73570014953613,False,2026-10-02,76.12825004577637,True,2026-09-04,-3.275940469483518,-15.63627010351346,-14.451938012987076,-20.07289231504276
2026-10-02,2026-09-25,LITHIUM,PLS.AX,Pilbara Minerals,9,7,20.0,11.0,4,3.700000047683716,-3.64582993788638,9,-27.308449179465388,20,-27.875244344181617,15,-27.308449179465388,12,-14.153130004508371,7,49.193549162391314,4,170.07299524128695,2,140.2597493075024,5,-14.153130004508371,2026-10-02,1.0615577514217849,-3.64582993788638,-55.25055754996082,-45.10385499508872,2026-10-02,2007-09-19,6.739999771118164,6.739999771118164,-45.10385499508872,-45.10385499508872,2026-10-02,3.839999914169312,-5.684749268664834,-4.39276079851375,6,5.00215000987053,False,2026-10-02,4.9753000140190125,True,2026-09-04,-3.3786357561401026,-27.36182825255341,-31.075462070303463,-26.75433658450501
2026-10-02,2026-09-25,LITHIUM,INR.AX,Ioneer Ltd,10,15,21.0,11.0,4,0.1099999994039535,-4.347828340440207,10,0.0,1,-29.032258994869608,17,-15.384612739438774,5,-45.0000011175871,21,-31.249998835846792,18,13.402057896386244,19,-24.137929262644285,24,-45.0000011175871,2026-10-02,0.5515888561699768,-4.347828340440207,2.0749574218446454,-59.25926109890873,2026-10-02,2007-12-19,0.270000010728836,0.8500000238418579,-59.25926109890873,-87.05882396252508,2026-10-02,0.1150000020861625,-8.695656680880415,-4.347828340440207,6,0.1410000004619359,False,2026-10-02,0.14710000064224,False,2026-09-04,-4.08063415869393,-0.0533790730880223,-32.23247672099146,-57.60120769758373
2026-10-02,2026-09-25,LITHIUM,ALB,Albermale,11,12,7.0,-4.0,4,104.58999633789064,-4.684231169048047,11,-17.176118665723518,12,-22.845973575144683,11,-41.2712681854113,19,-27.332730035294617,12,19.38134414934911,10,53.83144524795536,13,44.761240606077,14,-27.332730035294617,2026-10-02,0.8766151725562173,-4.684231169048047,-35.36163257710098,-51.49336856210995,2026-10-02,1994-02-22,215.6199951171875,325.3800048828125,-51.49336856210995,-67.8560468472673,2026-10-02,109.7300033569336,-4.684231169048047,-4.684231169048047,6,155.35419986724852,False,2026-10-02,156.5756498336792,False,2026-09-04,-4.41703698730177,-17.22949773881154,-26.04619130126653,-39.93393661529126
2026-10-02,2026-09-25,LITHIUM,SGML.O,Sigma Lithium,12,14,12.0,0.0,4,9.09000015258789,-5.114820198543447,12,-26.63438336798196,19,-26.03742733277158,12,-36.74321346569563,17,-36.03096320770134,15,33.873346151053305,7,88.98129440174334,8,-8.366934650429325,20,-36.03096320770134,2026-10-02,1.750784397360272,-5.114820198543447,-36.73126390188976,-61.56448076444923,2026-10-02,2018-07-03,23.64999961853028,42.400001525878906,-61.56448076444923,-78.56132116636884,2026-10-02,9.579999923706056,-14.160659058683189,-6.385168724236179,6,13.387499976158145,False,2026-10-02,13.460899975299837,False,2026-09-04,-4.847626016797169,-26.687762441069985,-29.237645058893424,-48.632169787697975
2026-10-02,2026-09-25,LITHIUM,PMET.TO,PMET Resources Inc,13,9,3.0,-10.0,4,4.21999979019165,-6.430164611368216,13,-8.061009806015583,4,-28.23129748199169,16,-3.652975344035825,3,-23.826718064089324,10,3.685494157339142,12,67.46031040207023,11,77.31090702837902,10,-23.826718064089324,2026-10-02,0.7329514266101023,-6.430164611368216,16.813832947491345,-45.336788796895966,2026-10-02,2010-03-15,7.71999979019165,493.5,-45.336788796895966,-99.14488352782335,2026-10-02,4.510000228881836,-6.87362314599167,-6.430164611368216,6,5.418149995803833,False,2026-10-02,5.455499999523163,False,2026-09-04,-6.1629704296219385,-8.114388879103606,-31.43151520811353,-36.42792464408596
2026-10-02,2026-09-25,LITHIUM,SLI,Standard Lithium,14,23,24.0,10.0,4,1.7400000095367432,-6.451613109971022,14,-28.09917542641457,22,-36.02941208696282,22,-48.82353056673357,23,-63.59832775809633,26,-54.08970904880925,22,-21.97309441012143,23,31.818177302678595,17,-63.59832775809633,2026-10-02,1.3317939681087825,-6.451613109971022,-45.4849842538839,-69.20354017403628,2026-10-02,2017-06-20,5.650000095367432,12.369999885559082,-69.20354017403628,-85.93371038290756,2026-10-02,1.8600000143051147,-6.451613109971022,-6.451613109971022,6,3.505550010204315,False,2026-10-02,3.723600007891655,False,2026-09-04,-6.184418928224744,-28.152554499502592,-39.22962981308467,-76.19953433809297
2026-10-02,2026-09-25,LITHIUM,LTBR.O,Lightbridge,15,21,2.0,-13.0,4,6.389999866485596,-6.715329117535907,15,-15.699209356174215,10,-26.041671150812228,13,-42.38052499039448,20,-54.71296936948068,24,-69.46966185707406,26,-49.08366717633149,26,-19.062699405659774,22,-54.71296936948068,2026-10-02,0.8420670791408554,-6.715329117535907,-39.16100034708936,-76.94805185869133,2026-10-02,2000-11-10,27.71999931335449,4050.0,-76.94805185869133,-99.84222222551888,2026-10-02,6.849999904632568,-8.321163543940123,-6.715329117535907,6,11.047199997901917,False,2026-10-02,11.921200001239775,False,2026-09-04,-6.448134935789629,-15.752588429262238,-29.241888876934077,-67.31417594947732
2026-10-02,2026-09-25,LITHIUM,LI.V,American Lithium,16,15,14.0,-2.0,4,0.4000000059604644,-6.976744347227271,16,-13.978494003420272,8,-12.08791331153114,5,-31.03447974649527,14,-42.02898444310128,17,-42.02898444310128,20,14.285717934978305,17,2.564107854455844,18,-42.02898444310128,2026-10-02,0.7384420410759809,-6.976744347227271,-32.218766748862606,-65.81196404851472,2026-10-02,1985-02-11,1.1699999570846558,1050.0,-65.81196404851472,-99.9619047613371,2026-10-02,0.4300000071525573,-8.139533916636388,-6.976744347227271,6,0.5776499989628792,False,2026-10-02,0.602012499421835,False,2026-09-04,-6.7095501654809935,-14.031873076508294,-15.288131037652985,-54.63019102309792
2026-10-02,2026-09-25,LITHIUM,LAC.TO,Lithium Americas,17,20,10.0,-7.0,4,3.6099998950958248,-7.435902389235338,17,-12.801932088941893,6,-32.39700764153849,19,-35.76512511375791,16,-44.88549938972126,19,-62.23849647863755,25,-2.168026040218962,22,-8.838387365645728,21,-44.88549938972126,2026-10-02,1.3247497869040634,-7.435902389235338,-33.545362164787804,-74.41530841294194,2026-10-02,2023-10-04,14.109999656677246,16.010000228881836,-74.41530841294194,-77.45159373212606,2026-10-02,3.900000095367432,-7.435902389235338,-7.435902389235338,6,5.880650012493134,False,2026-10-02,6.190300011634827,False,2026-09-04,-7.16870820748906,-12.855311162029915,-35.59722536766033,-57.4867059697179
2026-10-02,2026-09-25,LITHIUM,GLN.AX,Galan Lithium,18,10,26.0,8.0,4,0.2849999964237213,-9.52380997433594,18,-30.487805143982648,23,-21.91781123911684,9,-27.848104130971464,13,-14.925376321032369,8,96.55172732724036,2,137.50000232830666,4,171.42857649699388,3,-14.925376321032369,2026-10-02,1.1710129110379837,-9.52380997433594,-18.626050249182853,-47.70642427591022,2026-10-02,2011-06-08,0.5450000166893005,2.1742498874664307,-47.70642427591022,-86.89203122112976,2026-10-02,0.3149999976158142,-9.52380997433594,-9.52380997433594,6,0.3786750001460314,False,2026-10-02,0.3665249998122453,True,2026-09-04,-9.256615792589663,-30.541184217070672,-25.118028965238683,-27.52658290102901
2026-10-02,2026-09-25,LITHIUM,AVL.TO,Avalon Advanced Materials,19,17,23.0,4.0,4,6.760000228881836,-9.74632262408397,19,-21.02803858058063,15,-16.54321098124134,7,-49.92592423050491,24,-31.71716677413965,13,-6.111105444990406,13,25.18519826713832,15,50.222227308485245,13,-31.71716677413965,2026-10-02,0.7595755401387075,-9.74632262408397,-38.17313437895977,-72.18107032708045,2026-10-02,1984-05-31,24.30000114440918,7740.0,-72.18107032708045,-99.91266149575088,2026-10-02,7.489999771118163,-11.615486143455534,-9.74632262408397,6,10.343724660873413,False,2026-10-02,10.570949614048004,False,2026-09-04,-9.479128442337691,-21.08141765366865,-19.743428707363183,-44.31837335413629
2026-10-02,2026-09-25,LITHIUM,CRML.O,Critical Metals,20,6,1.0,-19.0,4,7.03000020980835,-10.217110111018412,20,-3.434065835096745,2,-26.46443617948908,14,-16.30951751116423,6,-13.42364151616836,6,-13.209878040366563,15,94.1989069627448,7,320.9581072134114,1,-13.42364151616836,2026-10-02,0.5658415785707783,-10.217110111018412,-1.6525482617933411,-76.5432086390612,2026-10-02,2022-02-07,29.96999931335449,29.96999931335449,-76.5432086390612,-76.5432086390612,2026-10-02,7.829999923706055,-10.217110111018412,-10.217110111018412,6,9.588475012779236,False,2026-10-02,9.700625004768373,False,2026-09-04,-9.949915929272134,-3.487444908184767,-29.66465390561093,-26.024848096165
2026-10-02,2026-09-25,LITHIUM,VULG.DE,Vulcan Energy Resources,21,26,25.0,4.0,4,1.0950000286102295,-10.539211675965763,21,-33.027520795276885,24,-42.12473299197808,24,-45.08525317686187,21,-57.29328880497331,25,-60.24565523093939,24,-36.65474267092171,24,-53.025380899643615,25,-57.29328880497331,2026-10-02,2.915624278896132,-10.539211675965763,-64.43665705782719,-67.73390316060373,2026-10-02,2022-02-15,3.3936550617218018,6.09117603302002,-67.73390316060373,-82.02317544798774,2026-10-02,1.2239999771118164,-13.071892942264506,-10.539211675965763,6,2.028774999976158,False,2026-10-02,2.150303552746773,False,2026-09-04,-10.272017494219488,-33.08089986836491,-45.32495071809993,-69.89449538496994
2026-10-02,2026-09-25,LITHIUM,ATLX.O,Atlas Lithium,22,25,17.0,-5.0,4,2.4100000858306885,-10.740739138201628,22,-27.6276233919991,21,-33.791208341348856,20,-48.1720422278775,22,-44.977168427806966,20,-54.00762994086127,21,-37.72609413184708,25,-55.03731295151073,26,-44.977168427806966,2026-10-02,1.4691756488605232,-10.740739138201628,-43.20439742153639,-67.6510047311208,2026-10-02,2013-02-28,7.449999809265136,412500.0,-67.6510047311208,-99.99941575755496,2026-10-02,2.700000047683716,-10.740739138201628,-10.740739138201628,6,4.155750014781952,False,2026-10-02,4.342000013589859,False,2026-09-04,-10.473544956455347,-27.68100246508713,-36.9914260674707,-57.5783750078036
2026-10-02,2026-09-25,LITHIUM,ELV.AX,Elevra Lithium,23,18,18.0,-5.0,4,5.179999828338623,-12.941176564871416,23,-34.34727609639459,25,-48.56007958966434,25,-38.25983770714426,18,-34.595962393443145,14,38.50266885374276,6,103.13725196870638,6,103.13725196870638,8,-34.595962393443145,2026-10-02,1.1485899020037529,-12.941176564871416,-37.47862754122524,-62.463769878667065,2026-10-02,2004-03-30,13.800000190734863,256.91192626953125,-62.463769878667065,-97.98374489516527,2026-10-02,5.949999809265137,-12.941176564871416,-12.941176564871416,6,8.988800022602081,False,2026-10-02,8.923500027656555,False,2026-09-04,-12.67398238312514,-34.40065516948261,-51.76029731578619,-47.19716897343979
2026-10-02,2026-09-25,LITHIUM,CXO.AX,Core Lithium,24,1,16.0,-8.0,4,0.2949999868869781,-14.49275712860758,24,-13.235298887049796,7,11.320755777939628,1,15.6862715307174,1,7.272720179282088,1,168.18180771406034,1,180.952377235538,1,304.10957701726505,2,7.272720179282088,2026-10-02,0.676913172170044,-14.49275712860758,37.90952697635391,-29.76190569111553,2026-10-02,2011-02-11,0.4199999868869781,1.8650000095367432,-29.76190569111553,-84.18230641402224,2026-10-02,0.3449999988079071,-14.49275712860758,-14.49275712860758,6,0.288924998268485,True,2026-10-02,0.2758999985456467,True,2026-09-04,-14.225562946861302,-13.288677960137818,8.120538051817782,-5.32848640071455
2026-10-02,2026-09-25,LITHIUM,LTR.AX,Liontown Resources,25,24,19.0,-6.0,4,0.7950000166893005,-15.425529924924142,25,-35.102040717026824,26,-52.39520735814005,26,-53.09734559953514,25,-50.92592504016875,23,-17.616576342464963,16,13.571432889724331,18,41.96428809010864,16,-50.92592504016875,2026-10-02,1.4714720191258743,-15.425529924924142,-26.219288263321488,-69.88636420080154,2026-10-02,2006-12-27,2.640000104904175,3.150000095367432,-69.88636420080154,-74.7619049961785,2026-10-02,0.9399999976158142,-16.842101960961465,-16.315786666817246,6,1.701050003170967,False,2026-10-02,1.7424250039458276,False,2026-09-04,-15.158335743177863,-35.15541979011485,-55.59542508426189,-63.52713162016539
2026-10-02,2026-09-25,LITHIUM,EMH.AX,European Metals Holdings,26,22,15.0,-11.0,4,0.1800000071525573,-16.279067833272787,26,-23.404252081232524,18,-34.545453363213696,21,-32.075465332362285,15,-50.00000000000002,22,-19.999994701809243,17,12.50000698491942,20,-23.404252081232524,23,-50.00000000000002,2026-10-02,1.949239450885348,-21.739128744669863,-48.12943213776671,-59.09090724365771,2026-10-02,2012-07-19,0.4399999976158142,2.150000095367432,-59.09090724365771,-91.62790701542755,2026-10-02,0.2150000035762786,-19.999994701809243,-19.999994701809243,5,0.2989000008255243,False,2026-10-02,0.2988000008463859,False,2026-09-04,-16.01187365152651,-23.457631154320545,-37.745671089335545,-62.601206579996656
